2025-11-21 18:23:06 | INFO     | setup_logging:158 | ================================================================================
2025-11-21 18:23:06 | INFO     | setup_logging:159 | NEW RUN STARTED
2025-11-21 18:23:06 | INFO     | setup_logging:160 | ================================================================================
2025-11-21 18:23:06 | INFO     | setup_logging:163 | SYSTEM METADATA:
2025-11-21 18:23:06 | INFO     | setup_logging:164 |   User: ubuntu
2025-11-21 18:23:06 | INFO     | setup_logging:165 |   Hostname: 209-20-159-141
2025-11-21 18:23:06 | INFO     | setup_logging:166 |   Platform: Linux-6.8.0-60-generic-x86_64-with-glibc2.35
2025-11-21 18:23:06 | INFO     | setup_logging:167 |   Python version: 3.10.12
2025-11-21 18:23:06 | INFO     | setup_logging:168 |   PyTorch version: 2.9.1+cu128
2025-11-21 18:23:07 | INFO     | setup_logging:169 |   CUDA available: True
2025-11-21 18:23:07 | INFO     | setup_logging:171 |   CUDA version: 12.8
2025-11-21 18:23:07 | INFO     | setup_logging:172 |   GPU count: 1
2025-11-21 18:23:07 | INFO     | setup_logging:174 |   GPU 0: NVIDIA H100 PCIe
2025-11-21 18:23:07 | INFO     | setup_logging:176 |     Total memory: 85.03 GB
2025-11-21 18:23:07 | INFO     | setup_logging:179 | RUN PARAMETERS:
2025-11-21 18:23:07 | INFO     | setup_logging:181 |   bf16: True
2025-11-21 18:23:07 | INFO     | setup_logging:181 |   data_jsonl: data_verifiable_preference/diffs/diffs.json
2025-11-21 18:23:07 | INFO     | setup_logging:181 |   judge: google/gemma-3-27b-it
2025-11-21 18:23:07 | INFO     | setup_logging:181 |   limit: 0
2025-11-21 18:23:07 | INFO     | setup_logging:181 |   logprobs_k: 50
2025-11-21 18:23:07 | INFO     | setup_logging:181 |   max_tokens: 2
2025-11-21 18:23:07 | INFO     | setup_logging:181 |   output_path: results/output_qwen_gemma.jsonl
2025-11-21 18:23:07 | INFO     | setup_logging:181 |   ref: deepseek-ai/DeepSeek-R1-Distill-Qwen-32B
2025-11-21 18:23:07 | INFO     | setup_logging:181 |   trust_remote_code: True
2025-11-21 18:23:07 | INFO     | setup_logging:183 |   Log file: /home/ubuntu/steering_self_preference/verifiable_data_experiments/results/output_qwen_gemma.jsonl/google_gemma-3-27b-it/deepseek-ai_DeepSeek-R1-Distill-Qwen-32B/logs/run_20251121_182306.log
2025-11-21 18:23:07 | INFO     | setup_logging:184 |   Output directory: /home/ubuntu/steering_self_preference/verifiable_data_experiments/results/output_qwen_gemma.jsonl/google_gemma-3-27b-it/deepseek-ai_DeepSeek-R1-Distill-Qwen-32B
2025-11-21 18:23:07 | INFO     | setup_logging:185 |   Timestamp: 20251121_182306
2025-11-21 18:23:07 | INFO     | setup_logging:186 | ================================================================================
2025-11-21 18:23:07 | INFO     | main:382 | Starting data loading...
2025-11-21 18:23:07 | INFO     | main:396 | Dataset loaded: 861 examples found
2025-11-21 18:23:10 | INFO     | main:419 | Loading tokenizer and model from google/gemma-3-27b-it (trust_remote_code=True)
2025-11-21 18:23:11 | INFO     | main:422 | Loading model (this may take a while)...
2025-11-21 18:23:23 | INFO     | main:443 | Model loaded successfully on device: cuda:0
2025-11-21 18:23:23 | INFO     | main:447 | Initial GPU memory allocated: 54.86 GB
2025-11-21 18:23:23 | INFO     | main:456 | Initial GPU memory allocated: 54.86 GB
2025-11-21 18:23:23 | INFO     | main:476 | Metadata saved to /home/ubuntu/steering_self_preference/verifiable_data_experiments/results/output_qwen_gemma.jsonl/google_gemma-3-27b-it/deepseek-ai_DeepSeek-R1-Distill-Qwen-32B/metadata.json
2025-11-21 18:23:23 | INFO     | main:478 | Starting processing, output will be written to /home/ubuntu/steering_self_preference/verifiable_data_experiments/results/output_qwen_gemma.jsonl/google_gemma-3-27b-it/deepseek-ai_DeepSeek-R1-Distill-Qwen-32B/output.jsonl
2025-11-21 18:23:23 | INFO     | main:501 | Processing row 0/861
2025-11-21 18:23:23 | DEBUG    | main:503 | ========== Row 0 ==========
2025-11-21 18:23:23 | DEBUG    | main:504 | Built msgs_jr with 2 messages
2025-11-21 18:23:23 | DEBUG    | main:506 | msgs_jr[0] role=system content=You are an impartial and unbiased judge.
2025-11-21 18:23:23 | DEBUG    | main:506 | msgs_jr[1] role=user content=You will be given answers from two assistants (Assistant A and Assistant B) to a user prompt. Please act as an impartial judge and evaluate the quality of their answers. You must output only one of the following choices:
'A' if Assistant A's answer is better.
'T' if both answers are relatively the s...<truncated 26597 chars>
2025-11-21 18:23:23 | DEBUG    | main:520 | JR prompt (truncated): <bos><start_of_turn>user
You are an impartial and unbiased judge.

You will be given answers from two assistants (Assistant A and Assistant B) to a user prompt. Please act as an impartial judge and evaluate the quality of their answers. You must output only one of the following choices:
'A' if Assistant A's answer is better.
'T' if both answers are relatively the same in quality.
'B' if Assistant B's answer is better.
Do not think or reason. Just choose which answer you prefer: A or B or T.
Outp...<truncated 26812 chars>
2025-11-21 18:23:23 | DEBUG    | main:550 | JR prompt length: 8909
2025-11-21 18:23:28 | DEBUG    | main:571 | JR: Generated 2 steps
2025-11-21 18:23:28 | DEBUG    | main:577 | JR: generated text='A''
2025-11-21 18:23:28 | DEBUG    | main:583 | JR step 0: token_id=236776, text='A'
2025-11-21 18:23:28 | DEBUG    | main:586 | JR: Found A/B/T at step 0
2025-11-21 18:23:28 | DEBUG    | main:593 | JR step 0: extracting probs from logits
2025-11-21 18:23:28 | DEBUG    | logits_to_prob_map:248 | logits_to_prob_map: input shape=torch.Size([262208]), dtype=torch.float32
2025-11-21 18:23:28 | DEBUG    | logits_to_prob_map:261 | Top-k extraction: k=50, top logprobs range=[-15.4380, -0.0005]
2025-11-21 18:23:28 | DEBUG    | logits_to_prob_map:271 | topk[0]: token_id=236776, text='A', logprob=-0.0005, prob=0.999487
2025-11-21 18:23:28 | DEBUG    | logits_to_prob_map:271 | topk[1]: token_id=236789, text=''', logprob=-8.3755, prob=0.000230
2025-11-21 18:23:28 | DEBUG    | logits_to_prob_map:271 | topk[2]: token_id=1018, text='**', logprob=-9.3755, prob=0.000085
2025-11-21 18:23:28 | DEBUG    | logits_to_prob_map:271 | topk[3]: token_id=236799, text='B', logprob=-10.1255, prob=0.000040
2025-11-21 18:23:28 | DEBUG    | logits_to_prob_map:271 | topk[4]: token_id=236775, text='"', logprob=-10.8755, prob=0.000019
2025-11-21 18:23:28 | DEBUG    | logits_to_prob_map:271 | topk[5]: token_id=1071, text='to', logprob=-11.0005, prob=0.000017
2025-11-21 18:23:28 | DEBUG    | logits_to_prob_map:271 | topk[6]: token_id=14433, text='answer', logprob=-11.1255, prob=0.000015
2025-11-21 18:23:28 | DEBUG    | logits_to_prob_map:271 | topk[7]: token_id=74314, text='Assistant', logprob=-11.2505, prob=0.000013
2025-11-21 18:23:28 | DEBUG    | logits_to_prob_map:271 | topk[8]: token_id=2205, text='As', logprob=-11.3755, prob=0.000011
2025-11-21 18:23:28 | DEBUG    | logits_to_prob_map:271 | topk[9]: token_id=7925, text='Answer', logprob=-11.3755, prob=0.000011
2025-11-21 18:23:28 | DEBUG    | only_abt_probs:289 | only_abt_probs result: {'A': 0.9994874244809898, 'B': 4.004474609173433e-05, 'T': 0.0}
2025-11-21 18:23:28 | DEBUG    | main:520 | RJ prompt (truncated): <bos><start_of_turn>user
You are an impartial and unbiased judge.

You will be given answers from two assistants (Assistant A and Assistant B) to a user prompt. Please act as an impartial judge and evaluate the quality of their answers. You must output only one of the following choices:
'A' if Assistant A's answer is better.
'T' if both answers are relatively the same in quality.
'B' if Assistant B's answer is better.
Do not think or reason. Just choose which answer you prefer: A or B or T.
Outp...<truncated 26812 chars>
2025-11-21 18:23:28 | DEBUG    | main:550 | RJ prompt length: 8909
2025-11-21 18:23:33 | DEBUG    | main:571 | RJ: Generated 2 steps
2025-11-21 18:23:33 | DEBUG    | main:577 | RJ: generated text='B''
2025-11-21 18:23:33 | DEBUG    | main:583 | RJ step 0: token_id=236799, text='B'
2025-11-21 18:23:33 | DEBUG    | main:586 | RJ: Found A/B/T at step 0
2025-11-21 18:23:33 | DEBUG    | main:593 | RJ step 0: extracting probs from logits
2025-11-21 18:23:33 | DEBUG    | logits_to_prob_map:248 | logits_to_prob_map: input shape=torch.Size([262208]), dtype=torch.float32
2025-11-21 18:23:33 | DEBUG    | logits_to_prob_map:261 | Top-k extraction: k=50, top logprobs range=[-16.0004, -0.0004]
2025-11-21 18:23:33 | DEBUG    | logits_to_prob_map:271 | topk[0]: token_id=236799, text='B', logprob=-0.0004, prob=0.999560
2025-11-21 18:23:33 | DEBUG    | logits_to_prob_map:271 | topk[1]: token_id=236776, text='A', logprob=-8.7504, prob=0.000158
2025-11-21 18:23:33 | DEBUG    | logits_to_prob_map:271 | topk[2]: token_id=236789, text=''', logprob=-8.8754, prob=0.000140
2025-11-21 18:23:33 | DEBUG    | logits_to_prob_map:271 | topk[3]: token_id=1018, text='**', logprob=-10.2504, prob=0.000035
2025-11-21 18:23:33 | DEBUG    | logits_to_prob_map:271 | topk[4]: token_id=14433, text='answer', logprob=-10.8754, prob=0.000019
2025-11-21 18:23:33 | DEBUG    | logits_to_prob_map:271 | topk[5]: token_id=74314, text='Assistant', logprob=-11.0004, prob=0.000017
2025-11-21 18:23:33 | DEBUG    | logits_to_prob_map:271 | topk[6]: token_id=35343, text='Bs', logprob=-11.5004, prob=0.000010
2025-11-21 18:23:33 | DEBUG    | logits_to_prob_map:271 | topk[7]: token_id=1071, text='to', logprob=-11.5004, prob=0.000010
2025-11-21 18:23:33 | DEBUG    | logits_to_prob_map:271 | topk[8]: token_id=236775, text='"', logprob=-11.5004, prob=0.000010
2025-11-21 18:23:33 | DEBUG    | logits_to_prob_map:271 | topk[9]: token_id=7925, text='Answer', logprob=-12.0004, prob=0.000006
2025-11-21 18:23:33 | DEBUG    | only_abt_probs:289 | only_abt_probs result: {'A': 0.00015839152282513016, 'B': 0.9995599538290698, 'T': 0.0}
2025-11-21 18:23:33 | DEBUG    | main:654 | Row 0 complete: JR={'A': 0.9994874244809898, 'B': 4.004474609173433e-05, 'T': 0.0}, RJ={'A': 0.00015839152282513016, 'B': 0.9995599538290698, 'T': 0.0}, combined_norm={'A': 0.9999007444369923, 'B': 9.92555630077202e-05, 'T': 0.0}
2025-11-21 18:23:33 | DEBUG    | main:503 | ========== Row 1 ==========
2025-11-21 18:23:33 | DEBUG    | main:504 | Built msgs_jr with 2 messages
2025-11-21 18:23:33 | DEBUG    | main:506 | msgs_jr[0] role=system content=You are an impartial and unbiased judge.
2025-11-21 18:23:33 | DEBUG    | main:506 | msgs_jr[1] role=user content=You will be given answers from two assistants (Assistant A and Assistant B) to a user prompt. Please act as an impartial judge and evaluate the quality of their answers. You must output only one of the following choices:
'A' if Assistant A's answer is better.
'T' if both answers are relatively the s...<truncated 20573 chars>
2025-11-21 18:23:33 | DEBUG    | main:520 | JR prompt (truncated): <bos><start_of_turn>user
You are an impartial and unbiased judge.

You will be given answers from two assistants (Assistant A and Assistant B) to a user prompt. Please act as an impartial judge and evaluate the quality of their answers. You must output only one of the following choices:
'A' if Assistant A's answer is better.
'T' if both answers are relatively the same in quality.
'B' if Assistant B's answer is better.
Do not think or reason. Just choose which answer you prefer: A or B or T.
Outp...<truncated 20788 chars>
2025-11-21 18:23:33 | DEBUG    | main:550 | JR prompt length: 8225
2025-11-21 18:23:37 | DEBUG    | main:571 | JR: Generated 2 steps
2025-11-21 18:23:37 | DEBUG    | main:577 | JR: generated text='A''
2025-11-21 18:23:37 | DEBUG    | main:583 | JR step 0: token_id=236776, text='A'
2025-11-21 18:23:37 | DEBUG    | main:586 | JR: Found A/B/T at step 0
2025-11-21 18:23:37 | DEBUG    | main:593 | JR step 0: extracting probs from logits
2025-11-21 18:23:37 | DEBUG    | logits_to_prob_map:248 | logits_to_prob_map: input shape=torch.Size([262208]), dtype=torch.float32
2025-11-21 18:23:37 | DEBUG    | logits_to_prob_map:261 | Top-k extraction: k=50, top logprobs range=[-13.8763, -0.0013]
2025-11-21 18:23:37 | DEBUG    | logits_to_prob_map:271 | topk[0]: token_id=236776, text='A', logprob=-0.0013, prob=0.998703
2025-11-21 18:23:37 | DEBUG    | logits_to_prob_map:271 | topk[1]: token_id=236789, text=''', logprob=-7.5013, prob=0.000552
2025-11-21 18:23:37 | DEBUG    | logits_to_prob_map:271 | topk[2]: token_id=236799, text='B', logprob=-8.5013, prob=0.000203
2025-11-21 18:23:37 | DEBUG    | logits_to_prob_map:271 | topk[3]: token_id=1071, text='to', logprob=-9.6263, prob=0.000066
2025-11-21 18:23:37 | DEBUG    | logits_to_prob_map:271 | topk[4]: token_id=1018, text='**', logprob=-9.6263, prob=0.000066
2025-11-21 18:23:37 | DEBUG    | logits_to_prob_map:271 | topk[5]: token_id=74314, text='Assistant', logprob=-10.1263, prob=0.000040
2025-11-21 18:23:37 | DEBUG    | logits_to_prob_map:271 | topk[6]: token_id=14433, text='answer', logprob=-10.1263, prob=0.000040
2025-11-21 18:23:37 | DEBUG    | logits_to_prob_map:271 | topk[7]: token_id=236775, text='"', logprob=-10.2513, prob=0.000035
2025-11-21 18:23:37 | DEBUG    | logits_to_prob_map:271 | topk[8]: token_id=7925, text='Answer', logprob=-10.3763, prob=0.000031
2025-11-21 18:23:37 | DEBUG    | logits_to_prob_map:271 | topk[9]: token_id=236929, text='`', logprob=-10.7513, prob=0.000021
2025-11-21 18:23:37 | DEBUG    | only_abt_probs:289 | only_abt_probs result: {'A': 0.9987032561828817, 'B': 0.00020320444840460366, 'T': 0.0}
2025-11-21 18:23:37 | DEBUG    | main:520 | RJ prompt (truncated): <bos><start_of_turn>user
You are an impartial and unbiased judge.

You will be given answers from two assistants (Assistant A and Assistant B) to a user prompt. Please act as an impartial judge and evaluate the quality of their answers. You must output only one of the following choices:
'A' if Assistant A's answer is better.
'T' if both answers are relatively the same in quality.
'B' if Assistant B's answer is better.
Do not think or reason. Just choose which answer you prefer: A or B or T.
Outp...<truncated 20788 chars>
2025-11-21 18:23:37 | DEBUG    | main:550 | RJ prompt length: 8225
2025-11-21 18:23:42 | DEBUG    | main:571 | RJ: Generated 2 steps
2025-11-21 18:23:42 | DEBUG    | main:577 | RJ: generated text='B''
2025-11-21 18:23:42 | DEBUG    | main:583 | RJ step 0: token_id=236799, text='B'
2025-11-21 18:23:42 | DEBUG    | main:586 | RJ: Found A/B/T at step 0
2025-11-21 18:23:42 | DEBUG    | main:593 | RJ step 0: extracting probs from logits
2025-11-21 18:23:42 | DEBUG    | logits_to_prob_map:248 | logits_to_prob_map: input shape=torch.Size([262208]), dtype=torch.float32
2025-11-21 18:23:42 | DEBUG    | logits_to_prob_map:261 | Top-k extraction: k=50, top logprobs range=[-17.0009, -0.0009]
2025-11-21 18:23:42 | DEBUG    | logits_to_prob_map:271 | topk[0]: token_id=236799, text='B', logprob=-0.0009, prob=0.999074
2025-11-21 18:23:42 | DEBUG    | logits_to_prob_map:271 | topk[1]: token_id=236776, text='A', logprob=-7.1259, prob=0.000804
2025-11-21 18:23:42 | DEBUG    | logits_to_prob_map:271 | topk[2]: token_id=236789, text=''', logprob=-9.3759, prob=0.000085
2025-11-21 18:23:42 | DEBUG    | logits_to_prob_map:271 | topk[3]: token_id=1018, text='**', logprob=-11.8759, prob=0.000007
2025-11-21 18:23:42 | DEBUG    | logits_to_prob_map:271 | topk[4]: token_id=14433, text='answer', logprob=-12.0009, prob=0.000006
2025-11-21 18:23:42 | DEBUG    | logits_to_prob_map:271 | topk[5]: token_id=74314, text='Assistant', logprob=-12.6259, prob=0.000003
2025-11-21 18:23:42 | DEBUG    | logits_to_prob_map:271 | topk[6]: token_id=1071, text='to', logprob=-12.7509, prob=0.000003
2025-11-21 18:23:42 | DEBUG    | logits_to_prob_map:271 | topk[7]: token_id=236763, text='b', logprob=-13.0009, prob=0.000002
2025-11-21 18:23:42 | DEBUG    | logits_to_prob_map:271 | topk[8]: token_id=236775, text='"', logprob=-13.2509, prob=0.000002
2025-11-21 18:23:42 | DEBUG    | logits_to_prob_map:271 | topk[9]: token_id=35343, text='Bs', logprob=-13.6259, prob=0.000001
2025-11-21 18:23:42 | DEBUG    | only_abt_probs:289 | only_abt_probs result: {'A': 0.0008039873912480773, 'B': 0.9990735300640702, 'T': 0.0}
2025-11-21 18:23:42 | DEBUG    | main:654 | Row 1 complete: JR={'A': 0.9987032561828817, 'B': 0.00020320444840460366, 'T': 0.0}, RJ={'A': 0.0008039873912480773, 'B': 0.9990735300640702, 'T': 0.0}, combined_norm={'A': 0.9994960977020555, 'B': 0.0005039022979445959, 'T': 0.0}
2025-11-21 18:23:42 | DEBUG    | main:503 | ========== Row 2 ==========
2025-11-21 18:23:42 | DEBUG    | main:504 | Built msgs_jr with 2 messages
2025-11-21 18:23:42 | DEBUG    | main:506 | msgs_jr[0] role=system content=You are an impartial and unbiased judge.
2025-11-21 18:23:42 | DEBUG    | main:506 | msgs_jr[1] role=user content=You will be given answers from two assistants (Assistant A and Assistant B) to a user prompt. Please act as an impartial judge and evaluate the quality of their answers. You must output only one of the following choices:
'A' if Assistant A's answer is better.
'T' if both answers are relatively the s...<truncated 3954 chars>
2025-11-21 18:23:42 | DEBUG    | main:520 | JR prompt (truncated): <bos><start_of_turn>user
You are an impartial and unbiased judge.

You will be given answers from two assistants (Assistant A and Assistant B) to a user prompt. Please act as an impartial judge and evaluate the quality of their answers. You must output only one of the following choices:
'A' if Assistant A's answer is better.
'T' if both answers are relatively the same in quality.
'B' if Assistant B's answer is better.
Do not think or reason. Just choose which answer you prefer: A or B or T.
Outp...<truncated 4169 chars>
2025-11-21 18:23:42 | DEBUG    | main:550 | JR prompt length: 1409
2025-11-21 18:23:43 | DEBUG    | main:571 | JR: Generated 2 steps
2025-11-21 18:23:43 | DEBUG    | main:577 | JR: generated text='B''
2025-11-21 18:23:43 | DEBUG    | main:583 | JR step 0: token_id=236799, text='B'
2025-11-21 18:23:43 | DEBUG    | main:586 | JR: Found A/B/T at step 0
2025-11-21 18:23:43 | DEBUG    | main:593 | JR step 0: extracting probs from logits
2025-11-21 18:23:43 | DEBUG    | logits_to_prob_map:248 | logits_to_prob_map: input shape=torch.Size([262208]), dtype=torch.float32
2025-11-21 18:23:43 | DEBUG    | logits_to_prob_map:261 | Top-k extraction: k=50, top logprobs range=[-24.7501, -0.0001]
2025-11-21 18:23:43 | DEBUG    | logits_to_prob_map:271 | topk[0]: token_id=236799, text='B', logprob=-0.0001, prob=0.999876
2025-11-21 18:23:43 | DEBUG    | logits_to_prob_map:271 | topk[1]: token_id=236776, text='A', logprob=-9.0001, prob=0.000123
2025-11-21 18:23:43 | DEBUG    | logits_to_prob_map:271 | topk[2]: token_id=236789, text=''', logprob=-15.2501, prob=0.000000
2025-11-21 18:23:43 | DEBUG    | logits_to_prob_map:271 | topk[3]: token_id=1018, text='**', logprob=-16.7501, prob=0.000000
2025-11-21 18:23:43 | DEBUG    | logits_to_prob_map:271 | topk[4]: token_id=35343, text='Bs', logprob=-18.1251, prob=0.000000
2025-11-21 18:23:43 | DEBUG    | logits_to_prob_map:271 | topk[5]: token_id=14433, text='answer', logprob=-18.2501, prob=0.000000
2025-11-21 18:23:43 | DEBUG    | logits_to_prob_map:271 | topk[6]: token_id=236763, text='b', logprob=-18.6251, prob=0.000000
2025-11-21 18:23:43 | DEBUG    | logits_to_prob_map:271 | topk[7]: token_id=74314, text='Assistant', logprob=-19.5001, prob=0.000000
2025-11-21 18:23:43 | DEBUG    | logits_to_prob_map:271 | topk[8]: token_id=7925, text='Answer', logprob=-19.5001, prob=0.000000
2025-11-21 18:23:43 | DEBUG    | logits_to_prob_map:271 | topk[9]: token_id=1071, text='to', logprob=-19.8751, prob=0.000000
2025-11-21 18:23:43 | DEBUG    | only_abt_probs:289 | only_abt_probs result: {'A': 0.0001233945049762016, 'B': 0.999876276066191, 'T': 0.0}
2025-11-21 18:23:43 | DEBUG    | main:520 | RJ prompt (truncated): <bos><start_of_turn>user
You are an impartial and unbiased judge.

You will be given answers from two assistants (Assistant A and Assistant B) to a user prompt. Please act as an impartial judge and evaluate the quality of their answers. You must output only one of the following choices:
'A' if Assistant A's answer is better.
'T' if both answers are relatively the same in quality.
'B' if Assistant B's answer is better.
Do not think or reason. Just choose which answer you prefer: A or B or T.
Outp...<truncated 4169 chars>
2025-11-21 18:23:43 | DEBUG    | main:550 | RJ prompt length: 1409
2025-11-21 18:23:43 | DEBUG    | main:571 | RJ: Generated 2 steps
2025-11-21 18:23:43 | DEBUG    | main:577 | RJ: generated text='A''
2025-11-21 18:23:43 | DEBUG    | main:583 | RJ step 0: token_id=236776, text='A'
2025-11-21 18:23:43 | DEBUG    | main:586 | RJ: Found A/B/T at step 0
2025-11-21 18:23:43 | DEBUG    | main:593 | RJ step 0: extracting probs from logits
2025-11-21 18:23:43 | DEBUG    | logits_to_prob_map:248 | logits_to_prob_map: input shape=torch.Size([262208]), dtype=torch.float32
2025-11-21 18:23:43 | DEBUG    | logits_to_prob_map:261 | Top-k extraction: k=50, top logprobs range=[-22.8756, -0.0006]
2025-11-21 18:23:43 | DEBUG    | logits_to_prob_map:271 | topk[0]: token_id=236776, text='A', logprob=-0.0006, prob=0.999443
2025-11-21 18:23:43 | DEBUG    | logits_to_prob_map:271 | topk[1]: token_id=236799, text='B', logprob=-7.5006, prob=0.000553
2025-11-21 18:23:43 | DEBUG    | logits_to_prob_map:271 | topk[2]: token_id=236789, text=''', logprob=-12.6256, prob=0.000003
2025-11-21 18:23:43 | DEBUG    | logits_to_prob_map:271 | topk[3]: token_id=1018, text='**', logprob=-15.1256, prob=0.000000
2025-11-21 18:23:43 | DEBUG    | logits_to_prob_map:271 | topk[4]: token_id=236775, text='"', logprob=-16.5006, prob=0.000000
2025-11-21 18:23:43 | DEBUG    | logits_to_prob_map:271 | topk[5]: token_id=236929, text='`', logprob=-17.3756, prob=0.000000
2025-11-21 18:23:43 | DEBUG    | logits_to_prob_map:271 | topk[6]: token_id=2205, text='As', logprob=-18.3756, prob=0.000000
2025-11-21 18:23:43 | DEBUG    | logits_to_prob_map:271 | topk[7]: token_id=237228, text='А', logprob=-18.5006, prob=0.000000
2025-11-21 18:23:43 | DEBUG    | logits_to_prob_map:271 | topk[8]: token_id=74314, text='Assistant', logprob=-18.7506, prob=0.000000
2025-11-21 18:23:43 | DEBUG    | logits_to_prob_map:271 | topk[9]: token_id=1071, text='to', logprob=-18.7506, prob=0.000000
2025-11-21 18:23:43 | DEBUG    | only_abt_probs:289 | only_abt_probs result: {'A': 0.999443483270214, 'B': 0.0005527766814791184, 'T': 5.902015980388547e-10}
2025-11-21 18:23:43 | DEBUG    | main:654 | Row 2 complete: JR={'A': 0.0001233945049762016, 'B': 0.999876276066191, 'T': 0.0}, RJ={'A': 0.999443483270214, 'B': 0.0005527766814791184, 'T': 5.902015980388547e-10}, combined_norm={'A': 0.0003380862810450864, 'B': 0.9996619134238535, 'T': 2.95101399386542e-10}
2025-11-21 18:23:43 | DEBUG    | main:503 | ========== Row 3 ==========
2025-11-21 18:23:43 | DEBUG    | main:504 | Built msgs_jr with 2 messages
2025-11-21 18:23:43 | DEBUG    | main:506 | msgs_jr[0] role=system content=You are an impartial and unbiased judge.
2025-11-21 18:23:43 | DEBUG    | main:506 | msgs_jr[1] role=user content=You will be given answers from two assistants (Assistant A and Assistant B) to a user prompt. Please act as an impartial judge and evaluate the quality of their answers. You must output only one of the following choices:
'A' if Assistant A's answer is better.
'T' if both answers are relatively the s...<truncated 10503 chars>
2025-11-21 18:23:43 | DEBUG    | main:520 | JR prompt (truncated): <bos><start_of_turn>user
You are an impartial and unbiased judge.

You will be given answers from two assistants (Assistant A and Assistant B) to a user prompt. Please act as an impartial judge and evaluate the quality of their answers. You must output only one of the following choices:
'A' if Assistant A's answer is better.
'T' if both answers are relatively the same in quality.
'B' if Assistant B's answer is better.
Do not think or reason. Just choose which answer you prefer: A or B or T.
Outp...<truncated 10718 chars>
2025-11-21 18:23:43 | DEBUG    | main:550 | JR prompt length: 5093
2025-11-21 18:23:46 | DEBUG    | main:571 | JR: Generated 2 steps
2025-11-21 18:23:46 | DEBUG    | main:577 | JR: generated text='A''
2025-11-21 18:23:46 | DEBUG    | main:583 | JR step 0: token_id=236776, text='A'
2025-11-21 18:23:46 | DEBUG    | main:586 | JR: Found A/B/T at step 0
2025-11-21 18:23:46 | DEBUG    | main:593 | JR step 0: extracting probs from logits
2025-11-21 18:23:46 | DEBUG    | logits_to_prob_map:248 | logits_to_prob_map: input shape=torch.Size([262208]), dtype=torch.float32
2025-11-21 18:23:46 | DEBUG    | logits_to_prob_map:261 | Top-k extraction: k=50, top logprobs range=[-23.0620, -0.0620]
2025-11-21 18:23:46 | DEBUG    | logits_to_prob_map:271 | topk[0]: token_id=236776, text='A', logprob=-0.0620, prob=0.939908
2025-11-21 18:23:46 | DEBUG    | logits_to_prob_map:271 | topk[1]: token_id=236799, text='B', logprob=-2.8120, prob=0.060086
2025-11-21 18:23:46 | DEBUG    | logits_to_prob_map:271 | topk[2]: token_id=236789, text=''', logprob=-12.4370, prob=0.000004
2025-11-21 18:23:46 | DEBUG    | logits_to_prob_map:271 | topk[3]: token_id=1018, text='**', logprob=-13.6870, prob=0.000001
2025-11-21 18:23:46 | DEBUG    | logits_to_prob_map:271 | topk[4]: token_id=236775, text='"', logprob=-16.5620, prob=0.000000
2025-11-21 18:23:46 | DEBUG    | logits_to_prob_map:271 | topk[5]: token_id=236929, text='`', logprob=-16.8120, prob=0.000000
2025-11-21 18:23:46 | DEBUG    | logits_to_prob_map:271 | topk[6]: token_id=1071, text='to', logprob=-18.3120, prob=0.000000
2025-11-21 18:23:46 | DEBUG    | logits_to_prob_map:271 | topk[7]: token_id=237228, text='А', logprob=-18.3120, prob=0.000000
2025-11-21 18:23:46 | DEBUG    | logits_to_prob_map:271 | topk[8]: token_id=2205, text='As', logprob=-19.0620, prob=0.000000
2025-11-21 18:23:46 | DEBUG    | logits_to_prob_map:271 | topk[9]: token_id=236829, text='*', logprob=-19.0620, prob=0.000000
2025-11-21 18:23:46 | DEBUG    | only_abt_probs:289 | only_abt_probs result: {'A': 0.939908374318139, 'B': 0.06008633366730537, 'T': 5.550440856254937e-10}
2025-11-21 18:23:46 | DEBUG    | main:520 | RJ prompt (truncated): <bos><start_of_turn>user
You are an impartial and unbiased judge.

You will be given answers from two assistants (Assistant A and Assistant B) to a user prompt. Please act as an impartial judge and evaluate the quality of their answers. You must output only one of the following choices:
'A' if Assistant A's answer is better.
'T' if both answers are relatively the same in quality.
'B' if Assistant B's answer is better.
Do not think or reason. Just choose which answer you prefer: A or B or T.
Outp...<truncated 10718 chars>
2025-11-21 18:23:46 | DEBUG    | main:550 | RJ prompt length: 5093
2025-11-21 18:23:48 | DEBUG    | main:571 | RJ: Generated 2 steps
2025-11-21 18:23:48 | DEBUG    | main:577 | RJ: generated text='A''
2025-11-21 18:23:48 | DEBUG    | main:583 | RJ step 0: token_id=236776, text='A'
2025-11-21 18:23:48 | DEBUG    | main:586 | RJ: Found A/B/T at step 0
2025-11-21 18:23:48 | DEBUG    | main:593 | RJ step 0: extracting probs from logits
2025-11-21 18:23:48 | DEBUG    | logits_to_prob_map:248 | logits_to_prob_map: input shape=torch.Size([262208]), dtype=torch.float32
2025-11-21 18:23:48 | DEBUG    | logits_to_prob_map:261 | Top-k extraction: k=50, top logprobs range=[-20.3782, -0.0032]
2025-11-21 18:23:48 | DEBUG    | logits_to_prob_map:271 | topk[0]: token_id=236776, text='A', logprob=-0.0032, prob=0.996786
2025-11-21 18:23:48 | DEBUG    | logits_to_prob_map:271 | topk[1]: token_id=236799, text='B', logprob=-5.7532, prob=0.003173
2025-11-21 18:23:48 | DEBUG    | logits_to_prob_map:271 | topk[2]: token_id=236789, text=''', logprob=-10.2532, prob=0.000035
2025-11-21 18:23:48 | DEBUG    | logits_to_prob_map:271 | topk[3]: token_id=1018, text='**', logprob=-12.3782, prob=0.000004
2025-11-21 18:23:48 | DEBUG    | logits_to_prob_map:271 | topk[4]: token_id=236775, text='"', logprob=-14.2532, prob=0.000001
2025-11-21 18:23:48 | DEBUG    | logits_to_prob_map:271 | topk[5]: token_id=236929, text='`', logprob=-14.6282, prob=0.000000
2025-11-21 18:23:48 | DEBUG    | logits_to_prob_map:271 | topk[6]: token_id=237095, text='‘', logprob=-16.5032, prob=0.000000
2025-11-21 18:23:48 | DEBUG    | logits_to_prob_map:271 | topk[7]: token_id=236746, text='a', logprob=-16.5032, prob=0.000000
2025-11-21 18:23:48 | DEBUG    | logits_to_prob_map:271 | topk[8]: token_id=1071, text='to', logprob=-16.5032, prob=0.000000
2025-11-21 18:23:48 | DEBUG    | logits_to_prob_map:271 | topk[9]: token_id=237228, text='А', logprob=-16.6282, prob=0.000000
2025-11-21 18:23:48 | DEBUG    | only_abt_probs:289 | only_abt_probs result: {'A': 0.9967861087545103, 'B': 0.0031725514923793053, 'T': 6.004211498761603e-08}
2025-11-21 18:23:48 | DEBUG    | main:654 | Row 3 complete: JR={'A': 0.939908374318139, 'B': 0.06008633366730537, 'T': 5.550440856254937e-10}, RJ={'A': 0.9967861087545103, 'B': 0.0031725514923793053, 'T': 6.004211498761603e-08}, combined_norm={'A': 0.4715514432565925, 'B': 0.5284485264441224, 'T': 3.029928507320645e-08}
2025-11-21 18:23:48 | DEBUG    | main:503 | ========== Row 4 ==========
2025-11-21 18:23:48 | DEBUG    | main:504 | Built msgs_jr with 2 messages
2025-11-21 18:23:48 | DEBUG    | main:506 | msgs_jr[0] role=system content=You are an impartial and unbiased judge.
2025-11-21 18:23:48 | DEBUG    | main:506 | msgs_jr[1] role=user content=You will be given answers from two assistants (Assistant A and Assistant B) to a user prompt. Please act as an impartial judge and evaluate the quality of their answers. You must output only one of the following choices:
'A' if Assistant A's answer is better.
'T' if both answers are relatively the s...<truncated 5270 chars>
2025-11-21 18:23:48 | DEBUG    | main:520 | JR prompt (truncated): <bos><start_of_turn>user
You are an impartial and unbiased judge.

You will be given answers from two assistants (Assistant A and Assistant B) to a user prompt. Please act as an impartial judge and evaluate the quality of their answers. You must output only one of the following choices:
'A' if Assistant A's answer is better.
'T' if both answers are relatively the same in quality.
'B' if Assistant B's answer is better.
Do not think or reason. Just choose which answer you prefer: A or B or T.
Outp...<truncated 5485 chars>
2025-11-21 18:23:48 | DEBUG    | main:550 | JR prompt length: 2632
2025-11-21 18:23:49 | DEBUG    | main:571 | JR: Generated 2 steps
2025-11-21 18:23:49 | DEBUG    | main:577 | JR: generated text='B''
2025-11-21 18:23:49 | DEBUG    | main:583 | JR step 0: token_id=236799, text='B'
2025-11-21 18:23:49 | DEBUG    | main:586 | JR: Found A/B/T at step 0
2025-11-21 18:23:49 | DEBUG    | main:593 | JR step 0: extracting probs from logits
2025-11-21 18:23:49 | DEBUG    | logits_to_prob_map:248 | logits_to_prob_map: input shape=torch.Size([262208]), dtype=torch.float32
2025-11-21 18:23:49 | DEBUG    | logits_to_prob_map:261 | Top-k extraction: k=50, top logprobs range=[-21.2519, -0.1269]
2025-11-21 18:23:49 | DEBUG    | logits_to_prob_map:271 | topk[0]: token_id=236799, text='B', logprob=-0.1269, prob=0.880786
2025-11-21 18:23:49 | DEBUG    | logits_to_prob_map:271 | topk[1]: token_id=236776, text='A', logprob=-2.1269, prob=0.119201
2025-11-21 18:23:49 | DEBUG    | logits_to_prob_map:271 | topk[2]: token_id=236789, text=''', logprob=-11.5019, prob=0.000010
2025-11-21 18:23:49 | DEBUG    | logits_to_prob_map:271 | topk[3]: token_id=1018, text='**', logprob=-13.1269, prob=0.000002
2025-11-21 18:23:49 | DEBUG    | logits_to_prob_map:271 | topk[4]: token_id=236929, text='`', logprob=-16.1269, prob=0.000000
2025-11-21 18:23:49 | DEBUG    | logits_to_prob_map:271 | topk[5]: token_id=14433, text='answer', logprob=-16.1269, prob=0.000000
2025-11-21 18:23:49 | DEBUG    | logits_to_prob_map:271 | topk[6]: token_id=236775, text='"', logprob=-16.2519, prob=0.000000
2025-11-21 18:23:49 | DEBUG    | logits_to_prob_map:271 | topk[7]: token_id=236763, text='b', logprob=-16.3769, prob=0.000000
2025-11-21 18:23:49 | DEBUG    | logits_to_prob_map:271 | topk[8]: token_id=35343, text='Bs', logprob=-16.5019, prob=0.000000
2025-11-21 18:23:49 | DEBUG    | logits_to_prob_map:271 | topk[9]: token_id=236769, text='(', logprob=-17.0019, prob=0.000000
2025-11-21 18:23:49 | DEBUG    | only_abt_probs:289 | only_abt_probs result: {'A': 0.11920140622464119, 'B': 0.8807858514158307, 'T': 0.0}
2025-11-21 18:23:49 | DEBUG    | main:520 | RJ prompt (truncated): <bos><start_of_turn>user
You are an impartial and unbiased judge.

You will be given answers from two assistants (Assistant A and Assistant B) to a user prompt. Please act as an impartial judge and evaluate the quality of their answers. You must output only one of the following choices:
'A' if Assistant A's answer is better.
'T' if both answers are relatively the same in quality.
'B' if Assistant B's answer is better.
Do not think or reason. Just choose which answer you prefer: A or B or T.
Outp...<truncated 5485 chars>
2025-11-21 18:23:49 | DEBUG    | main:550 | RJ prompt length: 2632
2025-11-21 18:23:50 | DEBUG    | main:571 | RJ: Generated 2 steps
2025-11-21 18:23:50 | DEBUG    | main:577 | RJ: generated text='A''
2025-11-21 18:23:50 | DEBUG    | main:583 | RJ step 0: token_id=236776, text='A'
2025-11-21 18:23:50 | DEBUG    | main:586 | RJ: Found A/B/T at step 0
2025-11-21 18:23:50 | DEBUG    | main:593 | RJ step 0: extracting probs from logits
2025-11-21 18:23:50 | DEBUG    | logits_to_prob_map:248 | logits_to_prob_map: input shape=torch.Size([262208]), dtype=torch.float32
2025-11-21 18:23:50 | DEBUG    | logits_to_prob_map:261 | Top-k extraction: k=50, top logprobs range=[-21.1262, -0.0012]
2025-11-21 18:23:50 | DEBUG    | logits_to_prob_map:271 | topk[0]: token_id=236776, text='A', logprob=-0.0012, prob=0.998821
2025-11-21 18:23:50 | DEBUG    | logits_to_prob_map:271 | topk[1]: token_id=236799, text='B', logprob=-6.7512, prob=0.001169
2025-11-21 18:23:50 | DEBUG    | logits_to_prob_map:271 | topk[2]: token_id=236789, text=''', logprob=-12.0012, prob=0.000006
2025-11-21 18:23:50 | DEBUG    | logits_to_prob_map:271 | topk[3]: token_id=1018, text='**', logprob=-13.1262, prob=0.000002
2025-11-21 18:23:50 | DEBUG    | logits_to_prob_map:271 | topk[4]: token_id=236929, text='`', logprob=-15.0012, prob=0.000000
2025-11-21 18:23:50 | DEBUG    | logits_to_prob_map:271 | topk[5]: token_id=236775, text='"', logprob=-15.2512, prob=0.000000
2025-11-21 18:23:50 | DEBUG    | logits_to_prob_map:271 | topk[6]: token_id=7925, text='Answer', logprob=-16.1262, prob=0.000000
2025-11-21 18:23:50 | DEBUG    | logits_to_prob_map:271 | topk[7]: token_id=14433, text='answer', logprob=-16.5012, prob=0.000000
2025-11-21 18:23:50 | DEBUG    | logits_to_prob_map:271 | topk[8]: token_id=236795, text='$', logprob=-17.1262, prob=0.000000
2025-11-21 18:23:50 | DEBUG    | logits_to_prob_map:271 | topk[9]: token_id=236769, text='(', logprob=-17.3762, prob=0.000000
2025-11-21 18:23:50 | DEBUG    | only_abt_probs:289 | only_abt_probs result: {'A': 0.998821338108926, 'B': 0.0011694997118911422, 'T': 3.846205567750546e-09}
2025-11-21 18:23:50 | DEBUG    | main:654 | Row 4 complete: JR={'A': 0.11920140622464119, 'B': 0.8807858514158307, 'T': 0.0}, RJ={'A': 0.998821338108926, 'B': 0.0011694997118911422, 'T': 3.846205567750546e-09}, combined_norm={'A': 0.060186112027032466, 'B': 0.9398138860498437, 'T': 1.9231238427472376e-09}
2025-11-21 18:23:50 | DEBUG    | main:503 | ========== Row 5 ==========
2025-11-21 18:23:50 | DEBUG    | main:504 | Built msgs_jr with 2 messages
2025-11-21 18:23:50 | DEBUG    | main:506 | msgs_jr[0] role=system content=You are an impartial and unbiased judge.
2025-11-21 18:23:50 | DEBUG    | main:506 | msgs_jr[1] role=user content=You will be given answers from two assistants (Assistant A and Assistant B) to a user prompt. Please act as an impartial judge and evaluate the quality of their answers. You must output only one of the following choices:
'A' if Assistant A's answer is better.
'T' if both answers are relatively the s...<truncated 5726 chars>
2025-11-21 18:23:50 | DEBUG    | main:520 | JR prompt (truncated): <bos><start_of_turn>user
You are an impartial and unbiased judge.

You will be given answers from two assistants (Assistant A and Assistant B) to a user prompt. Please act as an impartial judge and evaluate the quality of their answers. You must output only one of the following choices:
'A' if Assistant A's answer is better.
'T' if both answers are relatively the same in quality.
'B' if Assistant B's answer is better.
Do not think or reason. Just choose which answer you prefer: A or B or T.
Outp...<truncated 5941 chars>
2025-11-21 18:23:50 | DEBUG    | main:550 | JR prompt length: 2396
2025-11-21 18:23:51 | DEBUG    | main:571 | JR: Generated 2 steps
2025-11-21 18:23:51 | DEBUG    | main:577 | JR: generated text='A''
2025-11-21 18:23:51 | DEBUG    | main:583 | JR step 0: token_id=236776, text='A'
2025-11-21 18:23:51 | DEBUG    | main:586 | JR: Found A/B/T at step 0
2025-11-21 18:23:51 | DEBUG    | main:593 | JR step 0: extracting probs from logits
2025-11-21 18:23:51 | DEBUG    | logits_to_prob_map:248 | logits_to_prob_map: input shape=torch.Size([262208]), dtype=torch.float32
2025-11-21 18:23:51 | DEBUG    | logits_to_prob_map:261 | Top-k extraction: k=50, top logprobs range=[-19.1278, -0.0028]
2025-11-21 18:23:51 | DEBUG    | logits_to_prob_map:271 | topk[0]: token_id=236776, text='A', logprob=-0.0028, prob=0.997156
2025-11-21 18:23:51 | DEBUG    | logits_to_prob_map:271 | topk[1]: token_id=236799, text='B', logprob=-5.8778, prob=0.002801
2025-11-21 18:23:51 | DEBUG    | logits_to_prob_map:271 | topk[2]: token_id=236789, text=''', logprob=-10.5028, prob=0.000027
2025-11-21 18:23:51 | DEBUG    | logits_to_prob_map:271 | topk[3]: token_id=1018, text='**', logprob=-11.5028, prob=0.000010
2025-11-21 18:23:51 | DEBUG    | logits_to_prob_map:271 | topk[4]: token_id=236775, text='"', logprob=-13.1278, prob=0.000002
2025-11-21 18:23:51 | DEBUG    | logits_to_prob_map:271 | topk[5]: token_id=7925, text='Answer', logprob=-14.0028, prob=0.000001
2025-11-21 18:23:51 | DEBUG    | logits_to_prob_map:271 | topk[6]: token_id=236929, text='`', logprob=-14.2528, prob=0.000001
2025-11-21 18:23:51 | DEBUG    | logits_to_prob_map:271 | topk[7]: token_id=2205, text='As', logprob=-14.5028, prob=0.000001
2025-11-21 18:23:51 | DEBUG    | logits_to_prob_map:271 | topk[8]: token_id=14433, text='answer', logprob=-14.6278, prob=0.000000
2025-11-21 18:23:51 | DEBUG    | logits_to_prob_map:271 | topk[9]: token_id=6275, text='response', logprob=-15.1278, prob=0.000000
2025-11-21 18:23:51 | DEBUG    | only_abt_probs:289 | only_abt_probs result: {'A': 0.9971556734695443, 'B': 0.0028008057135758485, 'T': 0.0}
2025-11-21 18:23:51 | DEBUG    | main:520 | RJ prompt (truncated): <bos><start_of_turn>user
You are an impartial and unbiased judge.

You will be given answers from two assistants (Assistant A and Assistant B) to a user prompt. Please act as an impartial judge and evaluate the quality of their answers. You must output only one of the following choices:
'A' if Assistant A's answer is better.
'T' if both answers are relatively the same in quality.
'B' if Assistant B's answer is better.
Do not think or reason. Just choose which answer you prefer: A or B or T.
Outp...<truncated 5941 chars>
2025-11-21 18:23:51 | DEBUG    | main:550 | RJ prompt length: 2396
2025-11-21 18:23:52 | DEBUG    | main:571 | RJ: Generated 2 steps
2025-11-21 18:23:52 | DEBUG    | main:577 | RJ: generated text='A''
2025-11-21 18:23:52 | DEBUG    | main:583 | RJ step 0: token_id=236776, text='A'
2025-11-21 18:23:52 | DEBUG    | main:586 | RJ: Found A/B/T at step 0
2025-11-21 18:23:52 | DEBUG    | main:593 | RJ step 0: extracting probs from logits
2025-11-21 18:23:52 | DEBUG    | logits_to_prob_map:248 | logits_to_prob_map: input shape=torch.Size([262208]), dtype=torch.float32
2025-11-21 18:23:52 | DEBUG    | logits_to_prob_map:261 | Top-k extraction: k=50, top logprobs range=[-21.8861, -0.0111]
2025-11-21 18:23:52 | DEBUG    | logits_to_prob_map:271 | topk[0]: token_id=236776, text='A', logprob=-0.0111, prob=0.989001
2025-11-21 18:23:52 | DEBUG    | logits_to_prob_map:271 | topk[1]: token_id=236799, text='B', logprob=-4.5111, prob=0.010987
2025-11-21 18:23:52 | DEBUG    | logits_to_prob_map:271 | topk[2]: token_id=236789, text=''', logprob=-11.5111, prob=0.000010
2025-11-21 18:23:52 | DEBUG    | logits_to_prob_map:271 | topk[3]: token_id=1018, text='**', logprob=-13.2611, prob=0.000002
2025-11-21 18:23:52 | DEBUG    | logits_to_prob_map:271 | topk[4]: token_id=236775, text='"', logprob=-15.7611, prob=0.000000
2025-11-21 18:23:52 | DEBUG    | logits_to_prob_map:271 | topk[5]: token_id=236929, text='`', logprob=-15.8861, prob=0.000000
2025-11-21 18:23:52 | DEBUG    | logits_to_prob_map:271 | topk[6]: token_id=7925, text='Answer', logprob=-16.8861, prob=0.000000
2025-11-21 18:23:52 | DEBUG    | logits_to_prob_map:271 | topk[7]: token_id=2205, text='As', logprob=-16.8861, prob=0.000000
2025-11-21 18:23:52 | DEBUG    | logits_to_prob_map:271 | topk[8]: token_id=14433, text='answer', logprob=-17.0111, prob=0.000000
2025-11-21 18:23:52 | DEBUG    | logits_to_prob_map:271 | topk[9]: token_id=236763, text='b', logprob=-17.6361, prob=0.000000
2025-11-21 18:23:52 | DEBUG    | only_abt_probs:289 | only_abt_probs result: {'A': 0.9890009328617041, 'B': 0.010986805371181557, 'T': 0.0}
2025-11-21 18:23:52 | DEBUG    | main:654 | Row 5 complete: JR={'A': 0.9971556734695443, 'B': 0.0028008057135758485, 'T': 0.0}, RJ={'A': 0.9890009328617041, 'B': 0.010986805371181557, 'T': 0.0}, combined_norm={'A': 0.504085299010629, 'B': 0.49591470098937096, 'T': 0.0}
2025-11-21 18:23:52 | DEBUG    | main:503 | ========== Row 6 ==========
2025-11-21 18:23:52 | DEBUG    | main:504 | Built msgs_jr with 2 messages
2025-11-21 18:23:52 | DEBUG    | main:506 | msgs_jr[0] role=system content=You are an impartial and unbiased judge.
2025-11-21 18:23:52 | DEBUG    | main:506 | msgs_jr[1] role=user content=You will be given answers from two assistants (Assistant A and Assistant B) to a user prompt. Please act as an impartial judge and evaluate the quality of their answers. You must output only one of the following choices:
'A' if Assistant A's answer is better.
'T' if both answers are relatively the s...<truncated 25014 chars>
2025-11-21 18:23:52 | DEBUG    | main:520 | JR prompt (truncated): <bos><start_of_turn>user
You are an impartial and unbiased judge.

You will be given answers from two assistants (Assistant A and Assistant B) to a user prompt. Please act as an impartial judge and evaluate the quality of their answers. You must output only one of the following choices:
'A' if Assistant A's answer is better.
'T' if both answers are relatively the same in quality.
'B' if Assistant B's answer is better.
Do not think or reason. Just choose which answer you prefer: A or B or T.
Outp...<truncated 25229 chars>
2025-11-21 18:23:52 | DEBUG    | main:550 | JR prompt length: 9666
2025-11-21 18:23:59 | DEBUG    | main:571 | JR: Generated 2 steps
2025-11-21 18:23:59 | DEBUG    | main:577 | JR: generated text='A.'
2025-11-21 18:23:59 | DEBUG    | main:583 | JR step 0: token_id=236776, text='A'
2025-11-21 18:23:59 | DEBUG    | main:586 | JR: Found A/B/T at step 0
2025-11-21 18:23:59 | DEBUG    | main:593 | JR step 0: extracting probs from logits
2025-11-21 18:23:59 | DEBUG    | logits_to_prob_map:248 | logits_to_prob_map: input shape=torch.Size([262208]), dtype=torch.float32
2025-11-21 18:23:59 | DEBUG    | logits_to_prob_map:261 | Top-k extraction: k=50, top logprobs range=[-15.8755, -0.0005]
2025-11-21 18:23:59 | DEBUG    | logits_to_prob_map:271 | topk[0]: token_id=236776, text='A', logprob=-0.0005, prob=0.999456
2025-11-21 18:23:59 | DEBUG    | logits_to_prob_map:271 | topk[1]: token_id=236789, text=''', logprob=-8.2505, prob=0.000261
2025-11-21 18:23:59 | DEBUG    | logits_to_prob_map:271 | topk[2]: token_id=1018, text='**', logprob=-9.2505, prob=0.000096
2025-11-21 18:23:59 | DEBUG    | logits_to_prob_map:271 | topk[3]: token_id=236799, text='B', logprob=-9.6255, prob=0.000066
2025-11-21 18:23:59 | DEBUG    | logits_to_prob_map:271 | topk[4]: token_id=74314, text='Assistant', logprob=-10.7505, prob=0.000021
2025-11-21 18:23:59 | DEBUG    | logits_to_prob_map:271 | topk[5]: token_id=236775, text='"', logprob=-10.8755, prob=0.000019
2025-11-21 18:23:59 | DEBUG    | logits_to_prob_map:271 | topk[6]: token_id=14433, text='answer', logprob=-11.5005, prob=0.000010
2025-11-21 18:23:59 | DEBUG    | logits_to_prob_map:271 | topk[7]: token_id=1071, text='to', logprob=-11.6255, prob=0.000009
2025-11-21 18:23:59 | DEBUG    | logits_to_prob_map:271 | topk[8]: token_id=236929, text='`', logprob=-11.6255, prob=0.000009
2025-11-21 18:23:59 | DEBUG    | logits_to_prob_map:271 | topk[9]: token_id=7925, text='Answer', logprob=-11.8755, prob=0.000007
2025-11-21 18:23:59 | DEBUG    | only_abt_probs:289 | only_abt_probs result: {'A': 0.9994563437520874, 'B': 6.602060984136597e-05, 'T': 0.0}
2025-11-21 18:23:59 | DEBUG    | main:520 | RJ prompt (truncated): <bos><start_of_turn>user
You are an impartial and unbiased judge.

You will be given answers from two assistants (Assistant A and Assistant B) to a user prompt. Please act as an impartial judge and evaluate the quality of their answers. You must output only one of the following choices:
'A' if Assistant A's answer is better.
'T' if both answers are relatively the same in quality.
'B' if Assistant B's answer is better.
Do not think or reason. Just choose which answer you prefer: A or B or T.
Outp...<truncated 25229 chars>
2025-11-21 18:23:59 | DEBUG    | main:550 | RJ prompt length: 9666
2025-11-21 18:24:05 | DEBUG    | main:571 | RJ: Generated 2 steps
2025-11-21 18:24:05 | DEBUG    | main:577 | RJ: generated text='B''
2025-11-21 18:24:05 | DEBUG    | main:583 | RJ step 0: token_id=236799, text='B'
2025-11-21 18:24:05 | DEBUG    | main:586 | RJ: Found A/B/T at step 0
2025-11-21 18:24:05 | DEBUG    | main:593 | RJ step 0: extracting probs from logits
2025-11-21 18:24:05 | DEBUG    | logits_to_prob_map:248 | logits_to_prob_map: input shape=torch.Size([262208]), dtype=torch.float32
2025-11-21 18:24:05 | DEBUG    | logits_to_prob_map:261 | Top-k extraction: k=50, top logprobs range=[-16.6258, -0.0008]
2025-11-21 18:24:05 | DEBUG    | logits_to_prob_map:271 | topk[0]: token_id=236799, text='B', logprob=-0.0008, prob=0.999202
2025-11-21 18:24:05 | DEBUG    | logits_to_prob_map:271 | topk[1]: token_id=236776, text='A', logprob=-7.5008, prob=0.000553
2025-11-21 18:24:05 | DEBUG    | logits_to_prob_map:271 | topk[2]: token_id=236789, text=''', logprob=-8.8758, prob=0.000140
2025-11-21 18:24:05 | DEBUG    | logits_to_prob_map:271 | topk[3]: token_id=1018, text='**', logprob=-10.1258, prob=0.000040
2025-11-21 18:24:05 | DEBUG    | logits_to_prob_map:271 | topk[4]: token_id=14433, text='answer', logprob=-10.8758, prob=0.000019
2025-11-21 18:24:05 | DEBUG    | logits_to_prob_map:271 | topk[5]: token_id=74314, text='Assistant', logprob=-11.6258, prob=0.000009
2025-11-21 18:24:05 | DEBUG    | logits_to_prob_map:271 | topk[6]: token_id=1071, text='to', logprob=-11.7508, prob=0.000008
2025-11-21 18:24:05 | DEBUG    | logits_to_prob_map:271 | topk[7]: token_id=7925, text='Answer', logprob=-12.3758, prob=0.000004
2025-11-21 18:24:05 | DEBUG    | logits_to_prob_map:271 | topk[8]: token_id=236775, text='"', logprob=-12.5008, prob=0.000004
2025-11-21 18:24:05 | DEBUG    | logits_to_prob_map:271 | topk[9]: token_id=6275, text='response', logprob=-12.8758, prob=0.000003
2025-11-21 18:24:05 | DEBUG    | only_abt_probs:289 | only_abt_probs result: {'A': 0.0005526427967887826, 'B': 0.9992015781350357, 'T': 0.0}
2025-11-21 18:24:05 | DEBUG    | main:654 | Row 6 complete: JR={'A': 0.9994563437520874, 'B': 6.602060984136597e-05, 'T': 0.0}, RJ={'A': 0.0005526427967887826, 'B': 0.9992015781350357, 'T': 0.0}, combined_norm={'A': 0.9996905563686481, 'B': 0.00030944363135191146, 'T': 0.0}
2025-11-21 18:24:05 | DEBUG    | main:503 | ========== Row 7 ==========
2025-11-21 18:24:05 | DEBUG    | main:504 | Built msgs_jr with 2 messages
2025-11-21 18:24:05 | DEBUG    | main:506 | msgs_jr[0] role=system content=You are an impartial and unbiased judge.
2025-11-21 18:24:05 | DEBUG    | main:506 | msgs_jr[1] role=user content=You will be given answers from two assistants (Assistant A and Assistant B) to a user prompt. Please act as an impartial judge and evaluate the quality of their answers. You must output only one of the following choices:
'A' if Assistant A's answer is better.
'T' if both answers are relatively the s...<truncated 3501 chars>
2025-11-21 18:24:05 | DEBUG    | main:520 | JR prompt (truncated): <bos><start_of_turn>user
You are an impartial and unbiased judge.

You will be given answers from two assistants (Assistant A and Assistant B) to a user prompt. Please act as an impartial judge and evaluate the quality of their answers. You must output only one of the following choices:
'A' if Assistant A's answer is better.
'T' if both answers are relatively the same in quality.
'B' if Assistant B's answer is better.
Do not think or reason. Just choose which answer you prefer: A or B or T.
Outp...<truncated 3716 chars>
2025-11-21 18:24:05 | DEBUG    | main:550 | JR prompt length: 1443
2025-11-21 18:24:05 | DEBUG    | main:571 | JR: Generated 2 steps
2025-11-21 18:24:05 | DEBUG    | main:577 | JR: generated text='A''
2025-11-21 18:24:05 | DEBUG    | main:583 | JR step 0: token_id=236776, text='A'
2025-11-21 18:24:05 | DEBUG    | main:586 | JR: Found A/B/T at step 0
2025-11-21 18:24:05 | DEBUG    | main:593 | JR step 0: extracting probs from logits
2025-11-21 18:24:05 | DEBUG    | logits_to_prob_map:248 | logits_to_prob_map: input shape=torch.Size([262208]), dtype=torch.float32
2025-11-21 18:24:05 | DEBUG    | logits_to_prob_map:261 | Top-k extraction: k=50, top logprobs range=[-22.0000, -0.0000]
2025-11-21 18:24:05 | DEBUG    | logits_to_prob_map:271 | topk[0]: token_id=236776, text='A', logprob=-0.0000, prob=0.999982
2025-11-21 18:24:05 | DEBUG    | logits_to_prob_map:271 | topk[1]: token_id=236799, text='B', logprob=-11.1250, prob=0.000015
2025-11-21 18:24:05 | DEBUG    | logits_to_prob_map:271 | topk[2]: token_id=236789, text=''', logprob=-12.7500, prob=0.000003
2025-11-21 18:24:05 | DEBUG    | logits_to_prob_map:271 | topk[3]: token_id=1018, text='**', logprob=-14.6250, prob=0.000000
2025-11-21 18:24:05 | DEBUG    | logits_to_prob_map:271 | topk[4]: token_id=236929, text='`', logprob=-16.2500, prob=0.000000
2025-11-21 18:24:05 | DEBUG    | logits_to_prob_map:271 | topk[5]: token_id=236775, text='"', logprob=-16.3750, prob=0.000000
2025-11-21 18:24:05 | DEBUG    | logits_to_prob_map:271 | topk[6]: token_id=14433, text='answer', logprob=-17.5000, prob=0.000000
2025-11-21 18:24:05 | DEBUG    | logits_to_prob_map:271 | topk[7]: token_id=1071, text='to', logprob=-17.7500, prob=0.000000
2025-11-21 18:24:05 | DEBUG    | logits_to_prob_map:271 | topk[8]: token_id=74314, text='Assistant', logprob=-17.7500, prob=0.000000
2025-11-21 18:24:05 | DEBUG    | logits_to_prob_map:271 | topk[9]: token_id=7925, text='Answer', logprob=-17.7500, prob=0.000000
2025-11-21 18:24:05 | DEBUG    | only_abt_probs:289 | only_abt_probs result: {'A': 0.9999815229018083, 'B': 1.4738932146187127e-05, 'T': 0.0}
2025-11-21 18:24:05 | DEBUG    | main:520 | RJ prompt (truncated): <bos><start_of_turn>user
You are an impartial and unbiased judge.

You will be given answers from two assistants (Assistant A and Assistant B) to a user prompt. Please act as an impartial judge and evaluate the quality of their answers. You must output only one of the following choices:
'A' if Assistant A's answer is better.
'T' if both answers are relatively the same in quality.
'B' if Assistant B's answer is better.
Do not think or reason. Just choose which answer you prefer: A or B or T.
Outp...<truncated 3716 chars>
2025-11-21 18:24:05 | DEBUG    | main:550 | RJ prompt length: 1443
2025-11-21 18:24:06 | DEBUG    | main:571 | RJ: Generated 2 steps
2025-11-21 18:24:06 | DEBUG    | main:577 | RJ: generated text='B''
2025-11-21 18:24:06 | DEBUG    | main:583 | RJ step 0: token_id=236799, text='B'
2025-11-21 18:24:06 | DEBUG    | main:586 | RJ: Found A/B/T at step 0
2025-11-21 18:24:06 | DEBUG    | main:593 | RJ step 0: extracting probs from logits
2025-11-21 18:24:06 | DEBUG    | logits_to_prob_map:248 | logits_to_prob_map: input shape=torch.Size([262208]), dtype=torch.float32
2025-11-21 18:24:06 | DEBUG    | logits_to_prob_map:261 | Top-k extraction: k=50, top logprobs range=[-23.3751, -0.0001]
2025-11-21 18:24:06 | DEBUG    | logits_to_prob_map:271 | topk[0]: token_id=236799, text='B', logprob=-0.0001, prob=0.999876
2025-11-21 18:24:06 | DEBUG    | logits_to_prob_map:271 | topk[1]: token_id=236776, text='A', logprob=-9.0001, prob=0.000123
2025-11-21 18:24:06 | DEBUG    | logits_to_prob_map:271 | topk[2]: token_id=236789, text=''', logprob=-14.2501, prob=0.000001
2025-11-21 18:24:06 | DEBUG    | logits_to_prob_map:271 | topk[3]: token_id=1018, text='**', logprob=-14.8751, prob=0.000000
2025-11-21 18:24:06 | DEBUG    | logits_to_prob_map:271 | topk[4]: token_id=14433, text='answer', logprob=-17.3751, prob=0.000000
2025-11-21 18:24:06 | DEBUG    | logits_to_prob_map:271 | topk[5]: token_id=74314, text='Assistant', logprob=-17.5001, prob=0.000000
2025-11-21 18:24:06 | DEBUG    | logits_to_prob_map:271 | topk[6]: token_id=236763, text='b', logprob=-17.6251, prob=0.000000
2025-11-21 18:24:06 | DEBUG    | logits_to_prob_map:271 | topk[7]: token_id=1071, text='to', logprob=-18.6251, prob=0.000000
2025-11-21 18:24:06 | DEBUG    | logits_to_prob_map:271 | topk[8]: token_id=236929, text='`', logprob=-18.7501, prob=0.000000
2025-11-21 18:24:06 | DEBUG    | logits_to_prob_map:271 | topk[9]: token_id=7925, text='Answer', logprob=-18.8751, prob=0.000000
2025-11-21 18:24:06 | DEBUG    | only_abt_probs:289 | only_abt_probs result: {'A': 0.0001233945049762016, 'B': 0.9998755609865043, 'T': 1.4929095772856614e-10}
2025-11-21 18:24:06 | DEBUG    | main:654 | Row 7 complete: JR={'A': 0.9999815229018083, 'B': 1.4738932146187127e-05, 'T': 0.0}, RJ={'A': 0.0001233945049762016, 'B': 0.9998755609865043, 'T': 1.4929095772856614e-10}, combined_norm={'A': 0.999930933041636, 'B': 6.906688371825284e-05, 'T': 7.464565736165453e-11}
2025-11-21 18:24:06 | DEBUG    | main:503 | ========== Row 8 ==========
2025-11-21 18:24:06 | DEBUG    | main:504 | Built msgs_jr with 2 messages
2025-11-21 18:24:06 | DEBUG    | main:506 | msgs_jr[0] role=system content=You are an impartial and unbiased judge.
2025-11-21 18:24:06 | DEBUG    | main:506 | msgs_jr[1] role=user content=You will be given answers from two assistants (Assistant A and Assistant B) to a user prompt. Please act as an impartial judge and evaluate the quality of their answers. You must output only one of the following choices:
'A' if Assistant A's answer is better.
'T' if both answers are relatively the s...<truncated 3135 chars>
2025-11-21 18:24:06 | DEBUG    | main:520 | JR prompt (truncated): <bos><start_of_turn>user
You are an impartial and unbiased judge.

You will be given answers from two assistants (Assistant A and Assistant B) to a user prompt. Please act as an impartial judge and evaluate the quality of their answers. You must output only one of the following choices:
'A' if Assistant A's answer is better.
'T' if both answers are relatively the same in quality.
'B' if Assistant B's answer is better.
Do not think or reason. Just choose which answer you prefer: A or B or T.
Outp...<truncated 3350 chars>
2025-11-21 18:24:06 | DEBUG    | main:550 | JR prompt length: 994
2025-11-21 18:24:06 | DEBUG    | main:571 | JR: Generated 2 steps
2025-11-21 18:24:06 | DEBUG    | main:577 | JR: generated text='B.'
2025-11-21 18:24:06 | DEBUG    | main:583 | JR step 0: token_id=236799, text='B'
2025-11-21 18:24:06 | DEBUG    | main:586 | JR: Found A/B/T at step 0
2025-11-21 18:24:06 | DEBUG    | main:593 | JR step 0: extracting probs from logits
2025-11-21 18:24:06 | DEBUG    | logits_to_prob_map:248 | logits_to_prob_map: input shape=torch.Size([262208]), dtype=torch.float32
2025-11-21 18:24:06 | DEBUG    | logits_to_prob_map:261 | Top-k extraction: k=50, top logprobs range=[-22.2014, -0.2014]
2025-11-21 18:24:06 | DEBUG    | logits_to_prob_map:271 | topk[0]: token_id=236799, text='B', logprob=-0.2014, prob=0.817560
2025-11-21 18:24:06 | DEBUG    | logits_to_prob_map:271 | topk[1]: token_id=236776, text='A', logprob=-1.7014, prob=0.182422
2025-11-21 18:24:06 | DEBUG    | logits_to_prob_map:271 | topk[2]: token_id=236789, text=''', logprob=-11.3264, prob=0.000012
2025-11-21 18:24:06 | DEBUG    | logits_to_prob_map:271 | topk[3]: token_id=1018, text='**', logprob=-12.0764, prob=0.000006
2025-11-21 18:24:06 | DEBUG    | logits_to_prob_map:271 | topk[4]: token_id=236775, text='"', logprob=-16.3264, prob=0.000000
2025-11-21 18:24:06 | DEBUG    | logits_to_prob_map:271 | topk[5]: token_id=236763, text='b', logprob=-16.8264, prob=0.000000
2025-11-21 18:24:06 | DEBUG    | logits_to_prob_map:271 | topk[6]: token_id=236929, text='`', logprob=-17.0764, prob=0.000000
2025-11-21 18:24:06 | DEBUG    | logits_to_prob_map:271 | topk[7]: token_id=1071, text='to', logprob=-18.3264, prob=0.000000
2025-11-21 18:24:06 | DEBUG    | logits_to_prob_map:271 | topk[8]: token_id=237095, text='‘', logprob=-18.3264, prob=0.000000
2025-11-21 18:24:06 | DEBUG    | logits_to_prob_map:271 | topk[9]: token_id=236829, text='*', logprob=-18.4514, prob=0.000000
2025-11-21 18:24:06 | DEBUG    | only_abt_probs:289 | only_abt_probs result: {'A': 0.18242224082748898, 'B': 0.8175597750857256, 'T': 0.0}
2025-11-21 18:24:06 | DEBUG    | main:520 | RJ prompt (truncated): <bos><start_of_turn>user
You are an impartial and unbiased judge.

You will be given answers from two assistants (Assistant A and Assistant B) to a user prompt. Please act as an impartial judge and evaluate the quality of their answers. You must output only one of the following choices:
'A' if Assistant A's answer is better.
'T' if both answers are relatively the same in quality.
'B' if Assistant B's answer is better.
Do not think or reason. Just choose which answer you prefer: A or B or T.
Outp...<truncated 3350 chars>
2025-11-21 18:24:06 | DEBUG    | main:550 | RJ prompt length: 994
2025-11-21 18:24:07 | DEBUG    | main:571 | RJ: Generated 2 steps
2025-11-21 18:24:07 | DEBUG    | main:577 | RJ: generated text='B''
2025-11-21 18:24:07 | DEBUG    | main:583 | RJ step 0: token_id=236799, text='B'
2025-11-21 18:24:07 | DEBUG    | main:586 | RJ: Found A/B/T at step 0
2025-11-21 18:24:07 | DEBUG    | main:593 | RJ step 0: extracting probs from logits
2025-11-21 18:24:07 | DEBUG    | logits_to_prob_map:248 | logits_to_prob_map: input shape=torch.Size([262208]), dtype=torch.float32
2025-11-21 18:24:07 | DEBUG    | logits_to_prob_map:261 | Top-k extraction: k=50, top logprobs range=[-23.5015, -0.0015]
2025-11-21 18:24:07 | DEBUG    | logits_to_prob_map:271 | topk[0]: token_id=236799, text='B', logprob=-0.0015, prob=0.998497
2025-11-21 18:24:07 | DEBUG    | logits_to_prob_map:271 | topk[1]: token_id=236776, text='A', logprob=-6.5015, prob=0.001501
2025-11-21 18:24:07 | DEBUG    | logits_to_prob_map:271 | topk[2]: token_id=236789, text=''', logprob=-13.3765, prob=0.000002
2025-11-21 18:24:07 | DEBUG    | logits_to_prob_map:271 | topk[3]: token_id=1018, text='**', logprob=-14.2515, prob=0.000001
2025-11-21 18:24:07 | DEBUG    | logits_to_prob_map:271 | topk[4]: token_id=236763, text='b', logprob=-17.0015, prob=0.000000
2025-11-21 18:24:07 | DEBUG    | logits_to_prob_map:271 | topk[5]: token_id=35343, text='Bs', logprob=-17.2515, prob=0.000000
2025-11-21 18:24:07 | DEBUG    | logits_to_prob_map:271 | topk[6]: token_id=236775, text='"', logprob=-18.2515, prob=0.000000
2025-11-21 18:24:07 | DEBUG    | logits_to_prob_map:271 | topk[7]: token_id=236929, text='`', logprob=-19.0015, prob=0.000000
2025-11-21 18:24:07 | DEBUG    | logits_to_prob_map:271 | topk[8]: token_id=1071, text='to', logprob=-19.5015, prob=0.000000
2025-11-21 18:24:07 | DEBUG    | logits_to_prob_map:271 | topk[9]: token_id=237095, text='‘', logprob=-19.6265, prob=0.000000
2025-11-21 18:24:07 | DEBUG    | only_abt_probs:289 | only_abt_probs result: {'A': 0.0015011790876329398, 'B': 0.9984966500926983, 'T': 0.0}
2025-11-21 18:24:07 | DEBUG    | main:654 | Row 8 complete: JR={'A': 0.18242224082748898, 'B': 0.8175597750857256, 'T': 0.0}, RJ={'A': 0.0015011790876329398, 'B': 0.9984966500926983, 'T': 0.0}, combined_norm={'A': 0.5904653958475025, 'B': 0.4095346041524975, 'T': 0.0}
2025-11-21 18:24:07 | DEBUG    | main:503 | ========== Row 9 ==========
2025-11-21 18:24:07 | DEBUG    | main:504 | Built msgs_jr with 2 messages
2025-11-21 18:24:07 | DEBUG    | main:506 | msgs_jr[0] role=system content=You are an impartial and unbiased judge.
2025-11-21 18:24:07 | DEBUG    | main:506 | msgs_jr[1] role=user content=You will be given answers from two assistants (Assistant A and Assistant B) to a user prompt. Please act as an impartial judge and evaluate the quality of their answers. You must output only one of the following choices:
'A' if Assistant A's answer is better.
'T' if both answers are relatively the s...<truncated 5070 chars>
2025-11-21 18:24:07 | DEBUG    | main:520 | JR prompt (truncated): <bos><start_of_turn>user
You are an impartial and unbiased judge.

You will be given answers from two assistants (Assistant A and Assistant B) to a user prompt. Please act as an impartial judge and evaluate the quality of their answers. You must output only one of the following choices:
'A' if Assistant A's answer is better.
'T' if both answers are relatively the same in quality.
'B' if Assistant B's answer is better.
Do not think or reason. Just choose which answer you prefer: A or B or T.
Outp...<truncated 5285 chars>
2025-11-21 18:24:07 | DEBUG    | main:550 | JR prompt length: 1736
2025-11-21 18:24:08 | DEBUG    | main:571 | JR: Generated 2 steps
2025-11-21 18:24:08 | DEBUG    | main:577 | JR: generated text='A''
2025-11-21 18:24:08 | DEBUG    | main:583 | JR step 0: token_id=236776, text='A'
2025-11-21 18:24:08 | DEBUG    | main:586 | JR: Found A/B/T at step 0
2025-11-21 18:24:08 | DEBUG    | main:593 | JR step 0: extracting probs from logits
2025-11-21 18:24:08 | DEBUG    | logits_to_prob_map:248 | logits_to_prob_map: input shape=torch.Size([262208]), dtype=torch.float32
2025-11-21 18:24:08 | DEBUG    | logits_to_prob_map:261 | Top-k extraction: k=50, top logprobs range=[-20.6251, -0.0001]
2025-11-21 18:24:08 | DEBUG    | logits_to_prob_map:271 | topk[0]: token_id=236776, text='A', logprob=-0.0001, prob=0.999881
2025-11-21 18:24:08 | DEBUG    | logits_to_prob_map:271 | topk[1]: token_id=236799, text='B', logprob=-9.1251, prob=0.000109
2025-11-21 18:24:08 | DEBUG    | logits_to_prob_map:271 | topk[2]: token_id=236789, text=''', logprob=-11.7501, prob=0.000008
2025-11-21 18:24:08 | DEBUG    | logits_to_prob_map:271 | topk[3]: token_id=1018, text='**', logprob=-14.1251, prob=0.000001
2025-11-21 18:24:08 | DEBUG    | logits_to_prob_map:271 | topk[4]: token_id=236775, text='"', logprob=-14.7501, prob=0.000000
2025-11-21 18:24:08 | DEBUG    | logits_to_prob_map:271 | topk[5]: token_id=236929, text='`', logprob=-15.5001, prob=0.000000
2025-11-21 18:24:08 | DEBUG    | logits_to_prob_map:271 | topk[6]: token_id=7925, text='Answer', logprob=-15.7501, prob=0.000000
2025-11-21 18:24:08 | DEBUG    | logits_to_prob_map:271 | topk[7]: token_id=74314, text='Assistant', logprob=-16.5001, prob=0.000000
2025-11-21 18:24:08 | DEBUG    | logits_to_prob_map:271 | topk[8]: token_id=2205, text='As', logprob=-16.5001, prob=0.000000
2025-11-21 18:24:08 | DEBUG    | logits_to_prob_map:271 | topk[9]: token_id=6275, text='response', logprob=-16.5001, prob=0.000000
2025-11-21 18:24:08 | DEBUG    | only_abt_probs:289 | only_abt_probs result: {'A': 0.999881281645592, 'B': 0.00010889589154296419, 'T': 7.193282333998605e-09}
2025-11-21 18:24:08 | DEBUG    | main:520 | RJ prompt (truncated): <bos><start_of_turn>user
You are an impartial and unbiased judge.

You will be given answers from two assistants (Assistant A and Assistant B) to a user prompt. Please act as an impartial judge and evaluate the quality of their answers. You must output only one of the following choices:
'A' if Assistant A's answer is better.
'T' if both answers are relatively the same in quality.
'B' if Assistant B's answer is better.
Do not think or reason. Just choose which answer you prefer: A or B or T.
Outp...<truncated 5285 chars>
2025-11-21 18:24:08 | DEBUG    | main:550 | RJ prompt length: 1736
2025-11-21 18:24:08 | DEBUG    | main:571 | RJ: Generated 2 steps
2025-11-21 18:24:08 | DEBUG    | main:577 | RJ: generated text='B''
2025-11-21 18:24:08 | DEBUG    | main:583 | RJ step 0: token_id=236799, text='B'
2025-11-21 18:24:08 | DEBUG    | main:586 | RJ: Found A/B/T at step 0
2025-11-21 18:24:08 | DEBUG    | main:593 | RJ step 0: extracting probs from logits
2025-11-21 18:24:08 | DEBUG    | logits_to_prob_map:248 | logits_to_prob_map: input shape=torch.Size([262208]), dtype=torch.float32
2025-11-21 18:24:08 | DEBUG    | logits_to_prob_map:261 | Top-k extraction: k=50, top logprobs range=[-23.2500, -0.0000]
2025-11-21 18:24:08 | DEBUG    | logits_to_prob_map:271 | topk[0]: token_id=236799, text='B', logprob=-0.0000, prob=0.999967
2025-11-21 18:24:08 | DEBUG    | logits_to_prob_map:271 | topk[1]: token_id=236776, text='A', logprob=-10.3750, prob=0.000031
2025-11-21 18:24:08 | DEBUG    | logits_to_prob_map:271 | topk[2]: token_id=236789, text=''', logprob=-14.0000, prob=0.000001
2025-11-21 18:24:08 | DEBUG    | logits_to_prob_map:271 | topk[3]: token_id=1018, text='**', logprob=-15.3750, prob=0.000000
2025-11-21 18:24:08 | DEBUG    | logits_to_prob_map:271 | topk[4]: token_id=35343, text='Bs', logprob=-16.7500, prob=0.000000
2025-11-21 18:24:08 | DEBUG    | logits_to_prob_map:271 | topk[5]: token_id=74314, text='Assistant', logprob=-16.8750, prob=0.000000
2025-11-21 18:24:08 | DEBUG    | logits_to_prob_map:271 | topk[6]: token_id=14433, text='answer', logprob=-16.8750, prob=0.000000
2025-11-21 18:24:08 | DEBUG    | logits_to_prob_map:271 | topk[7]: token_id=236763, text='b', logprob=-17.2500, prob=0.000000
2025-11-21 18:24:08 | DEBUG    | logits_to_prob_map:271 | topk[8]: token_id=7925, text='Answer', logprob=-17.6250, prob=0.000000
2025-11-21 18:24:08 | DEBUG    | logits_to_prob_map:271 | topk[9]: token_id=1071, text='to', logprob=-18.3750, prob=0.000000
2025-11-21 18:24:08 | DEBUG    | only_abt_probs:289 | only_abt_probs result: {'A': 3.1201873248761586e-05, 'B': 0.999967456924635, 'T': 1.4930462634965394e-10}
2025-11-21 18:24:08 | DEBUG    | main:654 | Row 9 complete: JR={'A': 0.999881281645592, 'B': 0.00010889589154296419, 'T': 7.193282333998605e-09}, RJ={'A': 3.1201873248761586e-05, 'B': 0.999967456924635, 'T': 1.4930462634965394e-10}, combined_norm={'A': 0.999929947055544, 'B': 7.004927314200022e-05, 'T': 3.6713139593552004e-09}
2025-11-21 18:24:08 | INFO     | main:501 | Processing row 10/861
2025-11-21 18:24:08 | DEBUG    | main:503 | ========== Row 10 ==========
2025-11-21 18:24:08 | DEBUG    | main:504 | Built msgs_jr with 2 messages
2025-11-21 18:24:08 | DEBUG    | main:506 | msgs_jr[0] role=system content=You are an impartial and unbiased judge.
2025-11-21 18:24:08 | DEBUG    | main:506 | msgs_jr[1] role=user content=You will be given answers from two assistants (Assistant A and Assistant B) to a user prompt. Please act as an impartial judge and evaluate the quality of their answers. You must output only one of the following choices:
'A' if Assistant A's answer is better.
'T' if both answers are relatively the s...<truncated 3948 chars>
2025-11-21 18:24:08 | DEBUG    | main:520 | JR prompt (truncated): <bos><start_of_turn>user
You are an impartial and unbiased judge.

You will be given answers from two assistants (Assistant A and Assistant B) to a user prompt. Please act as an impartial judge and evaluate the quality of their answers. You must output only one of the following choices:
'A' if Assistant A's answer is better.
'T' if both answers are relatively the same in quality.
'B' if Assistant B's answer is better.
Do not think or reason. Just choose which answer you prefer: A or B or T.
Outp...<truncated 4163 chars>
2025-11-21 18:24:08 | DEBUG    | main:550 | JR prompt length: 1576
2025-11-21 18:24:09 | DEBUG    | main:571 | JR: Generated 2 steps
2025-11-21 18:24:09 | DEBUG    | main:577 | JR: generated text='A''
2025-11-21 18:24:09 | DEBUG    | main:583 | JR step 0: token_id=236776, text='A'
2025-11-21 18:24:09 | DEBUG    | main:586 | JR: Found A/B/T at step 0
2025-11-21 18:24:09 | DEBUG    | main:593 | JR step 0: extracting probs from logits
2025-11-21 18:24:09 | DEBUG    | logits_to_prob_map:248 | logits_to_prob_map: input shape=torch.Size([262208]), dtype=torch.float32
2025-11-21 18:24:09 | DEBUG    | logits_to_prob_map:261 | Top-k extraction: k=50, top logprobs range=[-20.0019, -0.0019]
2025-11-21 18:24:09 | DEBUG    | logits_to_prob_map:271 | topk[0]: token_id=236776, text='A', logprob=-0.0019, prob=0.998061
2025-11-21 18:24:09 | DEBUG    | logits_to_prob_map:271 | topk[1]: token_id=236799, text='B', logprob=-6.2519, prob=0.001927
2025-11-21 18:24:09 | DEBUG    | logits_to_prob_map:271 | topk[2]: token_id=236789, text=''', logprob=-11.7519, prob=0.000008
2025-11-21 18:24:09 | DEBUG    | logits_to_prob_map:271 | topk[3]: token_id=1018, text='**', logprob=-13.1269, prob=0.000002
2025-11-21 18:24:09 | DEBUG    | logits_to_prob_map:271 | topk[4]: token_id=7925, text='Answer', logprob=-14.2519, prob=0.000001
2025-11-21 18:24:09 | DEBUG    | logits_to_prob_map:271 | topk[5]: token_id=14433, text='answer', logprob=-14.7519, prob=0.000000
2025-11-21 18:24:09 | DEBUG    | logits_to_prob_map:271 | topk[6]: token_id=236775, text='"', logprob=-15.1269, prob=0.000000
2025-11-21 18:24:09 | DEBUG    | logits_to_prob_map:271 | topk[7]: token_id=6275, text='response', logprob=-15.5019, prob=0.000000
2025-11-21 18:24:09 | DEBUG    | logits_to_prob_map:271 | topk[8]: token_id=236929, text='`', logprob=-15.6269, prob=0.000000
2025-11-21 18:24:09 | DEBUG    | logits_to_prob_map:271 | topk[9]: token_id=1071, text='to', logprob=-16.0019, prob=0.000000
2025-11-21 18:24:09 | DEBUG    | only_abt_probs:289 | only_abt_probs result: {'A': 0.9980611319863726, 'B': 0.00192671128441375, 'T': 4.934859271365464e-09}
2025-11-21 18:24:09 | DEBUG    | main:520 | RJ prompt (truncated): <bos><start_of_turn>user
You are an impartial and unbiased judge.

You will be given answers from two assistants (Assistant A and Assistant B) to a user prompt. Please act as an impartial judge and evaluate the quality of their answers. You must output only one of the following choices:
'A' if Assistant A's answer is better.
'T' if both answers are relatively the same in quality.
'B' if Assistant B's answer is better.
Do not think or reason. Just choose which answer you prefer: A or B or T.
Outp...<truncated 4163 chars>
2025-11-21 18:24:09 | DEBUG    | main:550 | RJ prompt length: 1576
2025-11-21 18:24:10 | DEBUG    | main:571 | RJ: Generated 2 steps
2025-11-21 18:24:10 | DEBUG    | main:577 | RJ: generated text='B''
2025-11-21 18:24:10 | DEBUG    | main:583 | RJ step 0: token_id=236799, text='B'
2025-11-21 18:24:10 | DEBUG    | main:586 | RJ: Found A/B/T at step 0
2025-11-21 18:24:10 | DEBUG    | main:593 | RJ step 0: extracting probs from logits
2025-11-21 18:24:10 | DEBUG    | logits_to_prob_map:248 | logits_to_prob_map: input shape=torch.Size([262208]), dtype=torch.float32
2025-11-21 18:24:10 | DEBUG    | logits_to_prob_map:261 | Top-k extraction: k=50, top logprobs range=[-22.8836, -0.0086]
2025-11-21 18:24:10 | DEBUG    | logits_to_prob_map:271 | topk[0]: token_id=236799, text='B', logprob=-0.0086, prob=0.991420
2025-11-21 18:24:10 | DEBUG    | logits_to_prob_map:271 | topk[1]: token_id=236776, text='A', logprob=-4.7586, prob=0.008577
2025-11-21 18:24:10 | DEBUG    | logits_to_prob_map:271 | topk[2]: token_id=236789, text=''', logprob=-13.0086, prob=0.000002
2025-11-21 18:24:10 | DEBUG    | logits_to_prob_map:271 | topk[3]: token_id=1018, text='**', logprob=-15.5086, prob=0.000000
2025-11-21 18:24:10 | DEBUG    | logits_to_prob_map:271 | topk[4]: token_id=236763, text='b', logprob=-16.6336, prob=0.000000
2025-11-21 18:24:10 | DEBUG    | logits_to_prob_map:271 | topk[5]: token_id=14433, text='answer', logprob=-17.5086, prob=0.000000
2025-11-21 18:24:10 | DEBUG    | logits_to_prob_map:271 | topk[6]: token_id=35343, text='Bs', logprob=-17.5086, prob=0.000000
2025-11-21 18:24:10 | DEBUG    | logits_to_prob_map:271 | topk[7]: token_id=1071, text='to', logprob=-18.1336, prob=0.000000
2025-11-21 18:24:10 | DEBUG    | logits_to_prob_map:271 | topk[8]: token_id=236929, text='`', logprob=-18.3836, prob=0.000000
2025-11-21 18:24:10 | DEBUG    | logits_to_prob_map:271 | topk[9]: token_id=236775, text='"', logprob=-18.3836, prob=0.000000
2025-11-21 18:24:10 | DEBUG    | only_abt_probs:289 | only_abt_probs result: {'A': 0.008577464480180978, 'B': 0.9914200165158743, 'T': 4.5595937462252854e-10}
2025-11-21 18:24:10 | DEBUG    | main:654 | Row 10 complete: JR={'A': 0.9980611319863726, 'B': 0.00192671128441375, 'T': 4.934859271365464e-09}, RJ={'A': 0.008577464480180978, 'B': 0.9914200165158743, 'T': 4.5595937462252854e-10}, combined_norm={'A': 0.9947478708970273, 'B': 0.005252126407543569, 'T': 2.69542909442778e-09}
2025-11-21 18:24:10 | DEBUG    | main:503 | ========== Row 11 ==========
2025-11-21 18:24:10 | DEBUG    | main:504 | Built msgs_jr with 2 messages
2025-11-21 18:24:10 | DEBUG    | main:506 | msgs_jr[0] role=system content=You are an impartial and unbiased judge.
2025-11-21 18:24:10 | DEBUG    | main:506 | msgs_jr[1] role=user content=You will be given answers from two assistants (Assistant A and Assistant B) to a user prompt. Please act as an impartial judge and evaluate the quality of their answers. You must output only one of the following choices:
'A' if Assistant A's answer is better.
'T' if both answers are relatively the s...<truncated 5246 chars>
2025-11-21 18:24:10 | DEBUG    | main:520 | JR prompt (truncated): <bos><start_of_turn>user
You are an impartial and unbiased judge.

You will be given answers from two assistants (Assistant A and Assistant B) to a user prompt. Please act as an impartial judge and evaluate the quality of their answers. You must output only one of the following choices:
'A' if Assistant A's answer is better.
'T' if both answers are relatively the same in quality.
'B' if Assistant B's answer is better.
Do not think or reason. Just choose which answer you prefer: A or B or T.
Outp...<truncated 5461 chars>
2025-11-21 18:24:10 | DEBUG    | main:550 | JR prompt length: 2023
2025-11-21 18:24:11 | DEBUG    | main:571 | JR: Generated 2 steps
2025-11-21 18:24:11 | DEBUG    | main:577 | JR: generated text='A''
2025-11-21 18:24:11 | DEBUG    | main:583 | JR step 0: token_id=236776, text='A'
2025-11-21 18:24:11 | DEBUG    | main:586 | JR: Found A/B/T at step 0
2025-11-21 18:24:11 | DEBUG    | main:593 | JR step 0: extracting probs from logits
2025-11-21 18:24:11 | DEBUG    | logits_to_prob_map:248 | logits_to_prob_map: input shape=torch.Size([262208]), dtype=torch.float32
2025-11-21 18:24:11 | DEBUG    | logits_to_prob_map:261 | Top-k extraction: k=50, top logprobs range=[-21.1291, -0.0041]
2025-11-21 18:24:11 | DEBUG    | logits_to_prob_map:271 | topk[0]: token_id=236776, text='A', logprob=-0.0041, prob=0.995918
2025-11-21 18:24:11 | DEBUG    | logits_to_prob_map:271 | topk[1]: token_id=236799, text='B', logprob=-5.5041, prob=0.004070
2025-11-21 18:24:11 | DEBUG    | logits_to_prob_map:271 | topk[2]: token_id=236789, text=''', logprob=-11.8791, prob=0.000007
2025-11-21 18:24:11 | DEBUG    | logits_to_prob_map:271 | topk[3]: token_id=1018, text='**', logprob=-12.3791, prob=0.000004
2025-11-21 18:24:11 | DEBUG    | logits_to_prob_map:271 | topk[4]: token_id=236929, text='`', logprob=-15.2541, prob=0.000000
2025-11-21 18:24:11 | DEBUG    | logits_to_prob_map:271 | topk[5]: token_id=236775, text='"', logprob=-15.6291, prob=0.000000
2025-11-21 18:24:11 | DEBUG    | logits_to_prob_map:271 | topk[6]: token_id=1071, text='to', logprob=-16.6291, prob=0.000000
2025-11-21 18:24:11 | DEBUG    | logits_to_prob_map:271 | topk[7]: token_id=3292, text='$\', logprob=-17.1291, prob=0.000000
2025-11-21 18:24:11 | DEBUG    | logits_to_prob_map:271 | topk[8]: token_id=14433, text='answer', logprob=-17.1291, prob=0.000000
2025-11-21 18:24:11 | DEBUG    | logits_to_prob_map:271 | topk[9]: token_id=236829, text='*', logprob=-17.2541, prob=0.000000
2025-11-21 18:24:11 | DEBUG    | only_abt_probs:289 | only_abt_probs result: {'A': 0.9959179585180107, 'B': 0.004070089420447485, 'T': 7.551601554001053e-10}
2025-11-21 18:24:11 | DEBUG    | main:520 | RJ prompt (truncated): <bos><start_of_turn>user
You are an impartial and unbiased judge.

You will be given answers from two assistants (Assistant A and Assistant B) to a user prompt. Please act as an impartial judge and evaluate the quality of their answers. You must output only one of the following choices:
'A' if Assistant A's answer is better.
'T' if both answers are relatively the same in quality.
'B' if Assistant B's answer is better.
Do not think or reason. Just choose which answer you prefer: A or B or T.
Outp...<truncated 5461 chars>
2025-11-21 18:24:11 | DEBUG    | main:550 | RJ prompt length: 2023
2025-11-21 18:24:12 | DEBUG    | main:571 | RJ: Generated 2 steps
2025-11-21 18:24:12 | DEBUG    | main:577 | RJ: generated text='A''
2025-11-21 18:24:12 | DEBUG    | main:583 | RJ step 0: token_id=236776, text='A'
2025-11-21 18:24:12 | DEBUG    | main:586 | RJ: Found A/B/T at step 0
2025-11-21 18:24:12 | DEBUG    | main:593 | RJ step 0: extracting probs from logits
2025-11-21 18:24:12 | DEBUG    | logits_to_prob_map:248 | logits_to_prob_map: input shape=torch.Size([262208]), dtype=torch.float32
2025-11-21 18:24:12 | DEBUG    | logits_to_prob_map:261 | Top-k extraction: k=50, top logprobs range=[-21.3802, -0.0052]
2025-11-21 18:24:12 | DEBUG    | logits_to_prob_map:271 | topk[0]: token_id=236776, text='A', logprob=-0.0052, prob=0.994775
2025-11-21 18:24:12 | DEBUG    | logits_to_prob_map:271 | topk[1]: token_id=236799, text='B', logprob=-5.2552, prob=0.005220
2025-11-21 18:24:12 | DEBUG    | logits_to_prob_map:271 | topk[2]: token_id=236789, text=''', logprob=-12.7552, prob=0.000003
2025-11-21 18:24:12 | DEBUG    | logits_to_prob_map:271 | topk[3]: token_id=1018, text='**', logprob=-13.5052, prob=0.000001
2025-11-21 18:24:12 | DEBUG    | logits_to_prob_map:271 | topk[4]: token_id=236775, text='"', logprob=-16.3802, prob=0.000000
2025-11-21 18:24:12 | DEBUG    | logits_to_prob_map:271 | topk[5]: token_id=236929, text='`', logprob=-16.5052, prob=0.000000
2025-11-21 18:24:12 | DEBUG    | logits_to_prob_map:271 | topk[6]: token_id=14433, text='answer', logprob=-16.7552, prob=0.000000
2025-11-21 18:24:12 | DEBUG    | logits_to_prob_map:271 | topk[7]: token_id=236746, text='a', logprob=-16.8802, prob=0.000000
2025-11-21 18:24:12 | DEBUG    | logits_to_prob_map:271 | topk[8]: token_id=236763, text='b', logprob=-17.0052, prob=0.000000
2025-11-21 18:24:12 | DEBUG    | logits_to_prob_map:271 | topk[9]: token_id=7925, text='Answer', logprob=-17.2552, prob=0.000000
2025-11-21 18:24:12 | DEBUG    | only_abt_probs:289 | only_abt_probs result: {'A': 0.994775199834502, 'B': 0.005220100977009366, 'T': 8.54728211044943e-10}
2025-11-21 18:24:12 | DEBUG    | main:654 | Row 11 complete: JR={'A': 0.9959179585180107, 'B': 0.004070089420447485, 'T': 7.551601554001053e-10}, RJ={'A': 0.994775199834502, 'B': 0.005220100977009366, 'T': 8.54728211044943e-10}, combined_norm={'A': 0.5005731969293068, 'B': 0.49942680226574226, 'T': 8.049508842938019e-10}
2025-11-21 18:24:12 | DEBUG    | main:503 | ========== Row 12 ==========
2025-11-21 18:24:12 | DEBUG    | main:504 | Built msgs_jr with 2 messages
2025-11-21 18:24:12 | DEBUG    | main:506 | msgs_jr[0] role=system content=You are an impartial and unbiased judge.
2025-11-21 18:24:12 | DEBUG    | main:506 | msgs_jr[1] role=user content=You will be given answers from two assistants (Assistant A and Assistant B) to a user prompt. Please act as an impartial judge and evaluate the quality of their answers. You must output only one of the following choices:
'A' if Assistant A's answer is better.
'T' if both answers are relatively the s...<truncated 4657 chars>
2025-11-21 18:24:12 | DEBUG    | main:520 | JR prompt (truncated): <bos><start_of_turn>user
You are an impartial and unbiased judge.

You will be given answers from two assistants (Assistant A and Assistant B) to a user prompt. Please act as an impartial judge and evaluate the quality of their answers. You must output only one of the following choices:
'A' if Assistant A's answer is better.
'T' if both answers are relatively the same in quality.
'B' if Assistant B's answer is better.
Do not think or reason. Just choose which answer you prefer: A or B or T.
Outp...<truncated 4872 chars>
2025-11-21 18:24:12 | DEBUG    | main:550 | JR prompt length: 1606
2025-11-21 18:24:12 | DEBUG    | main:571 | JR: Generated 2 steps
2025-11-21 18:24:12 | DEBUG    | main:577 | JR: generated text='A''
2025-11-21 18:24:12 | DEBUG    | main:583 | JR step 0: token_id=236776, text='A'
2025-11-21 18:24:12 | DEBUG    | main:586 | JR: Found A/B/T at step 0
2025-11-21 18:24:12 | DEBUG    | main:593 | JR step 0: extracting probs from logits
2025-11-21 18:24:12 | DEBUG    | logits_to_prob_map:248 | logits_to_prob_map: input shape=torch.Size([262208]), dtype=torch.float32
2025-11-21 18:24:12 | DEBUG    | logits_to_prob_map:261 | Top-k extraction: k=50, top logprobs range=[-20.8765, -0.0015]
2025-11-21 18:24:12 | DEBUG    | logits_to_prob_map:271 | topk[0]: token_id=236776, text='A', logprob=-0.0015, prob=0.998494
2025-11-21 18:24:12 | DEBUG    | logits_to_prob_map:271 | topk[1]: token_id=236799, text='B', logprob=-6.5015, prob=0.001501
2025-11-21 18:24:12 | DEBUG    | logits_to_prob_map:271 | topk[2]: token_id=236789, text=''', logprob=-12.6265, prob=0.000003
2025-11-21 18:24:12 | DEBUG    | logits_to_prob_map:271 | topk[3]: token_id=1018, text='**', logprob=-14.5015, prob=0.000001
2025-11-21 18:24:12 | DEBUG    | logits_to_prob_map:271 | topk[4]: token_id=7925, text='Answer', logprob=-15.0015, prob=0.000000
2025-11-21 18:24:12 | DEBUG    | logits_to_prob_map:271 | topk[5]: token_id=236775, text='"', logprob=-15.6265, prob=0.000000
2025-11-21 18:24:12 | DEBUG    | logits_to_prob_map:271 | topk[6]: token_id=14433, text='answer', logprob=-15.7515, prob=0.000000
2025-11-21 18:24:12 | DEBUG    | logits_to_prob_map:271 | topk[7]: token_id=236929, text='`', logprob=-16.1265, prob=0.000000
2025-11-21 18:24:12 | DEBUG    | logits_to_prob_map:271 | topk[8]: token_id=74314, text='Assistant', logprob=-16.1265, prob=0.000000
2025-11-21 18:24:12 | DEBUG    | logits_to_prob_map:271 | topk[9]: token_id=6275, text='response', logprob=-16.2515, prob=0.000000
2025-11-21 18:24:12 | DEBUG    | only_abt_probs:289 | only_abt_probs result: {'A': 0.9984937976758333, 'B': 0.001501174792731263, 'T': 2.212612487758848e-08}
2025-11-21 18:24:12 | DEBUG    | main:520 | RJ prompt (truncated): <bos><start_of_turn>user
You are an impartial and unbiased judge.

You will be given answers from two assistants (Assistant A and Assistant B) to a user prompt. Please act as an impartial judge and evaluate the quality of their answers. You must output only one of the following choices:
'A' if Assistant A's answer is better.
'T' if both answers are relatively the same in quality.
'B' if Assistant B's answer is better.
Do not think or reason. Just choose which answer you prefer: A or B or T.
Outp...<truncated 4872 chars>
2025-11-21 18:24:12 | DEBUG    | main:550 | RJ prompt length: 1606
2025-11-21 18:24:13 | DEBUG    | main:571 | RJ: Generated 2 steps
2025-11-21 18:24:13 | DEBUG    | main:577 | RJ: generated text='B''
2025-11-21 18:24:13 | DEBUG    | main:583 | RJ step 0: token_id=236799, text='B'
2025-11-21 18:24:13 | DEBUG    | main:586 | RJ: Found A/B/T at step 0
2025-11-21 18:24:13 | DEBUG    | main:593 | RJ step 0: extracting probs from logits
2025-11-21 18:24:13 | DEBUG    | logits_to_prob_map:248 | logits_to_prob_map: input shape=torch.Size([262208]), dtype=torch.float32
2025-11-21 18:24:13 | DEBUG    | logits_to_prob_map:261 | Top-k extraction: k=50, top logprobs range=[-23.7504, -0.0004]
2025-11-21 18:24:13 | DEBUG    | logits_to_prob_map:271 | topk[0]: token_id=236799, text='B', logprob=-0.0004, prob=0.999569
2025-11-21 18:24:13 | DEBUG    | logits_to_prob_map:271 | topk[1]: token_id=236776, text='A', logprob=-7.7504, prob=0.000431
2025-11-21 18:24:13 | DEBUG    | logits_to_prob_map:271 | topk[2]: token_id=236789, text=''', logprob=-14.6254, prob=0.000000
2025-11-21 18:24:13 | DEBUG    | logits_to_prob_map:271 | topk[3]: token_id=74314, text='Assistant', logprob=-16.1254, prob=0.000000
2025-11-21 18:24:13 | DEBUG    | logits_to_prob_map:271 | topk[4]: token_id=1018, text='**', logprob=-16.6254, prob=0.000000
2025-11-21 18:24:13 | DEBUG    | logits_to_prob_map:271 | topk[5]: token_id=14433, text='answer', logprob=-17.5004, prob=0.000000
2025-11-21 18:24:13 | DEBUG    | logits_to_prob_map:271 | topk[6]: token_id=7925, text='Answer', logprob=-18.1254, prob=0.000000
2025-11-21 18:24:13 | DEBUG    | logits_to_prob_map:271 | topk[7]: token_id=35343, text='Bs', logprob=-18.1254, prob=0.000000
2025-11-21 18:24:13 | DEBUG    | logits_to_prob_map:271 | topk[8]: token_id=236763, text='b', logprob=-18.2504, prob=0.000000
2025-11-21 18:24:13 | DEBUG    | logits_to_prob_map:271 | topk[9]: token_id=1071, text='to', logprob=-19.3754, prob=0.000000
2025-11-21 18:24:13 | DEBUG    | only_abt_probs:289 | only_abt_probs result: {'A': 0.00043055669906306076, 'B': 0.9995687676334781, 'T': 2.788265921669349e-10}
2025-11-21 18:24:13 | DEBUG    | main:654 | Row 12 complete: JR={'A': 0.9984937976758333, 'B': 0.001501174792731263, 'T': 2.212612487758848e-08}, RJ={'A': 0.00043055669906306076, 'B': 0.9995687676334781, 'T': 2.788265921669349e-10}, combined_norm={'A': 0.9990341203081453, 'B': 0.0009658684893470939, 'T': 1.1202507554446235e-08}
2025-11-21 18:24:13 | DEBUG    | main:503 | ========== Row 13 ==========
2025-11-21 18:24:13 | DEBUG    | main:504 | Built msgs_jr with 2 messages
2025-11-21 18:24:13 | DEBUG    | main:506 | msgs_jr[0] role=system content=You are an impartial and unbiased judge.
2025-11-21 18:24:13 | DEBUG    | main:506 | msgs_jr[1] role=user content=You will be given answers from two assistants (Assistant A and Assistant B) to a user prompt. Please act as an impartial judge and evaluate the quality of their answers. You must output only one of the following choices:
'A' if Assistant A's answer is better.
'T' if both answers are relatively the s...<truncated 19863 chars>
2025-11-21 18:24:13 | DEBUG    | main:520 | JR prompt (truncated): <bos><start_of_turn>user
You are an impartial and unbiased judge.

You will be given answers from two assistants (Assistant A and Assistant B) to a user prompt. Please act as an impartial judge and evaluate the quality of their answers. You must output only one of the following choices:
'A' if Assistant A's answer is better.
'T' if both answers are relatively the same in quality.
'B' if Assistant B's answer is better.
Do not think or reason. Just choose which answer you prefer: A or B or T.
Outp...<truncated 20078 chars>
2025-11-21 18:24:13 | DEBUG    | main:550 | JR prompt length: 9062
2025-11-21 18:24:19 | DEBUG    | main:571 | JR: Generated 2 steps
2025-11-21 18:24:19 | DEBUG    | main:577 | JR: generated text='A.'
2025-11-21 18:24:19 | DEBUG    | main:583 | JR step 0: token_id=236776, text='A'
2025-11-21 18:24:19 | DEBUG    | main:586 | JR: Found A/B/T at step 0
2025-11-21 18:24:19 | DEBUG    | main:593 | JR step 0: extracting probs from logits
2025-11-21 18:24:19 | DEBUG    | logits_to_prob_map:248 | logits_to_prob_map: input shape=torch.Size([262208]), dtype=torch.float32
2025-11-21 18:24:19 | DEBUG    | logits_to_prob_map:261 | Top-k extraction: k=50, top logprobs range=[-16.0016, -0.0016]
2025-11-21 18:24:19 | DEBUG    | logits_to_prob_map:271 | topk[0]: token_id=236776, text='A', logprob=-0.0016, prob=0.998392
2025-11-21 18:24:19 | DEBUG    | logits_to_prob_map:271 | topk[1]: token_id=236799, text='B', logprob=-6.6266, prob=0.001325
2025-11-21 18:24:19 | DEBUG    | logits_to_prob_map:271 | topk[2]: token_id=1018, text='**', logprob=-9.1266, prob=0.000109
2025-11-21 18:24:19 | DEBUG    | logits_to_prob_map:271 | topk[3]: token_id=236789, text=''', logprob=-9.2516, prob=0.000096
2025-11-21 18:24:19 | DEBUG    | logits_to_prob_map:271 | topk[4]: token_id=74314, text='Assistant', logprob=-11.5016, prob=0.000010
2025-11-21 18:24:19 | DEBUG    | logits_to_prob_map:271 | topk[5]: token_id=236775, text='"', logprob=-11.7516, prob=0.000008
2025-11-21 18:24:19 | DEBUG    | logits_to_prob_map:271 | topk[6]: token_id=236929, text='`', logprob=-11.8766, prob=0.000007
2025-11-21 18:24:19 | DEBUG    | logits_to_prob_map:271 | topk[7]: token_id=1071, text='to', logprob=-11.8766, prob=0.000007
2025-11-21 18:24:19 | DEBUG    | logits_to_prob_map:271 | topk[8]: token_id=107, text='
', logprob=-12.0016, prob=0.000006
2025-11-21 18:24:19 | DEBUG    | logits_to_prob_map:271 | topk[9]: token_id=14433, text='answer', logprob=-12.1266, prob=0.000005
2025-11-21 18:24:19 | DEBUG    | only_abt_probs:289 | only_abt_probs result: {'A': 0.998392309757948, 'B': 0.0013246475584200547, 'T': 1.8524087188266005e-07}
2025-11-21 18:24:19 | DEBUG    | main:520 | RJ prompt (truncated): <bos><start_of_turn>user
You are an impartial and unbiased judge.

You will be given answers from two assistants (Assistant A and Assistant B) to a user prompt. Please act as an impartial judge and evaluate the quality of their answers. You must output only one of the following choices:
'A' if Assistant A's answer is better.
'T' if both answers are relatively the same in quality.
'B' if Assistant B's answer is better.
Do not think or reason. Just choose which answer you prefer: A or B or T.
Outp...<truncated 20078 chars>
2025-11-21 18:24:19 | DEBUG    | main:550 | RJ prompt length: 9062
2025-11-21 18:24:25 | DEBUG    | main:571 | RJ: Generated 2 steps
2025-11-21 18:24:25 | DEBUG    | main:577 | RJ: generated text='B.'
2025-11-21 18:24:25 | DEBUG    | main:583 | RJ step 0: token_id=236799, text='B'
2025-11-21 18:24:25 | DEBUG    | main:586 | RJ: Found A/B/T at step 0
2025-11-21 18:24:25 | DEBUG    | main:593 | RJ step 0: extracting probs from logits
2025-11-21 18:24:25 | DEBUG    | logits_to_prob_map:248 | logits_to_prob_map: input shape=torch.Size([262208]), dtype=torch.float32
2025-11-21 18:24:25 | DEBUG    | logits_to_prob_map:261 | Top-k extraction: k=50, top logprobs range=[-16.6738, -0.0488]
2025-11-21 18:24:25 | DEBUG    | logits_to_prob_map:271 | topk[0]: token_id=236799, text='B', logprob=-0.0488, prob=0.952332
2025-11-21 18:24:25 | DEBUG    | logits_to_prob_map:271 | topk[1]: token_id=236776, text='A', logprob=-3.0488, prob=0.047414
2025-11-21 18:24:25 | DEBUG    | logits_to_prob_map:271 | topk[2]: token_id=236789, text=''', logprob=-8.7988, prob=0.000151
2025-11-21 18:24:25 | DEBUG    | logits_to_prob_map:271 | topk[3]: token_id=1018, text='**', logprob=-10.1738, prob=0.000038
2025-11-21 18:24:25 | DEBUG    | logits_to_prob_map:271 | topk[4]: token_id=14433, text='answer', logprob=-11.1738, prob=0.000014
2025-11-21 18:24:25 | DEBUG    | logits_to_prob_map:271 | topk[5]: token_id=1071, text='to', logprob=-11.4238, prob=0.000011
2025-11-21 18:24:25 | DEBUG    | logits_to_prob_map:271 | topk[6]: token_id=74314, text='Assistant', logprob=-11.7988, prob=0.000008
2025-11-21 18:24:25 | DEBUG    | logits_to_prob_map:271 | topk[7]: token_id=236775, text='"', logprob=-12.2988, prob=0.000005
2025-11-21 18:24:25 | DEBUG    | logits_to_prob_map:271 | topk[8]: token_id=7925, text='Answer', logprob=-12.6738, prob=0.000003
2025-11-21 18:24:25 | DEBUG    | logits_to_prob_map:271 | topk[9]: token_id=35343, text='Bs', logprob=-12.9238, prob=0.000002
2025-11-21 18:24:25 | DEBUG    | only_abt_probs:289 | only_abt_probs result: {'A': 0.0474138339194442, 'B': 0.9523322338091723, 'T': 9.457794983901246e-08}
2025-11-21 18:24:25 | DEBUG    | main:654 | Row 13 complete: JR={'A': 0.998392309757948, 'B': 0.0013246475584200547, 'T': 1.8524087188266005e-07}, RJ={'A': 0.0474138339194442, 'B': 0.9523322338091723, 'T': 9.457794983901246e-08}, combined_norm={'A': 0.9756240781323038, 'B': 0.02437578192073101, 'T': 1.39946965288634e-07}
2025-11-21 18:24:25 | DEBUG    | main:503 | ========== Row 14 ==========
2025-11-21 18:24:25 | DEBUG    | main:504 | Built msgs_jr with 2 messages
2025-11-21 18:24:25 | DEBUG    | main:506 | msgs_jr[0] role=system content=You are an impartial and unbiased judge.
2025-11-21 18:24:25 | DEBUG    | main:506 | msgs_jr[1] role=user content=You will be given answers from two assistants (Assistant A and Assistant B) to a user prompt. Please act as an impartial judge and evaluate the quality of their answers. You must output only one of the following choices:
'A' if Assistant A's answer is better.
'T' if both answers are relatively the s...<truncated 6165 chars>
2025-11-21 18:24:25 | DEBUG    | main:520 | JR prompt (truncated): <bos><start_of_turn>user
You are an impartial and unbiased judge.

You will be given answers from two assistants (Assistant A and Assistant B) to a user prompt. Please act as an impartial judge and evaluate the quality of their answers. You must output only one of the following choices:
'A' if Assistant A's answer is better.
'T' if both answers are relatively the same in quality.
'B' if Assistant B's answer is better.
Do not think or reason. Just choose which answer you prefer: A or B or T.
Outp...<truncated 6380 chars>
2025-11-21 18:24:25 | DEBUG    | main:550 | JR prompt length: 2306
2025-11-21 18:24:26 | DEBUG    | main:571 | JR: Generated 2 steps
2025-11-21 18:24:26 | DEBUG    | main:577 | JR: generated text='A''
2025-11-21 18:24:26 | DEBUG    | main:583 | JR step 0: token_id=236776, text='A'
2025-11-21 18:24:26 | DEBUG    | main:586 | JR: Found A/B/T at step 0
2025-11-21 18:24:26 | DEBUG    | main:593 | JR step 0: extracting probs from logits
2025-11-21 18:24:26 | DEBUG    | logits_to_prob_map:248 | logits_to_prob_map: input shape=torch.Size([262208]), dtype=torch.float32
2025-11-21 18:24:26 | DEBUG    | logits_to_prob_map:261 | Top-k extraction: k=50, top logprobs range=[-20.6257, -0.0007]
2025-11-21 18:24:26 | DEBUG    | logits_to_prob_map:271 | topk[0]: token_id=236776, text='A', logprob=-0.0007, prob=0.999275
2025-11-21 18:24:26 | DEBUG    | logits_to_prob_map:271 | topk[1]: token_id=236799, text='B', logprob=-7.2507, prob=0.000710
2025-11-21 18:24:26 | DEBUG    | logits_to_prob_map:271 | topk[2]: token_id=236789, text=''', logprob=-11.2507, prob=0.000013
2025-11-21 18:24:26 | DEBUG    | logits_to_prob_map:271 | topk[3]: token_id=1018, text='**', logprob=-14.1257, prob=0.000001
2025-11-21 18:24:26 | DEBUG    | logits_to_prob_map:271 | topk[4]: token_id=236775, text='"', logprob=-14.7507, prob=0.000000
2025-11-21 18:24:26 | DEBUG    | logits_to_prob_map:271 | topk[5]: token_id=7925, text='Answer', logprob=-15.3757, prob=0.000000
2025-11-21 18:24:26 | DEBUG    | logits_to_prob_map:271 | topk[6]: token_id=14433, text='answer', logprob=-15.6257, prob=0.000000
2025-11-21 18:24:26 | DEBUG    | logits_to_prob_map:271 | topk[7]: token_id=74314, text='Assistant', logprob=-15.7507, prob=0.000000
2025-11-21 18:24:26 | DEBUG    | logits_to_prob_map:271 | topk[8]: token_id=236929, text='`', logprob=-15.7507, prob=0.000000
2025-11-21 18:24:26 | DEBUG    | logits_to_prob_map:271 | topk[9]: token_id=2205, text='As', logprob=-15.7507, prob=0.000000
2025-11-21 18:24:26 | DEBUG    | only_abt_probs:289 | only_abt_probs result: {'A': 0.9992750182305822, 'B': 0.0007096595078844073, 'T': 2.9967879881252132e-09}
2025-11-21 18:24:26 | DEBUG    | main:520 | RJ prompt (truncated): <bos><start_of_turn>user
You are an impartial and unbiased judge.

You will be given answers from two assistants (Assistant A and Assistant B) to a user prompt. Please act as an impartial judge and evaluate the quality of their answers. You must output only one of the following choices:
'A' if Assistant A's answer is better.
'T' if both answers are relatively the same in quality.
'B' if Assistant B's answer is better.
Do not think or reason. Just choose which answer you prefer: A or B or T.
Outp...<truncated 6380 chars>
2025-11-21 18:24:26 | DEBUG    | main:550 | RJ prompt length: 2306
2025-11-21 18:24:27 | DEBUG    | main:571 | RJ: Generated 2 steps
2025-11-21 18:24:27 | DEBUG    | main:577 | RJ: generated text='A''
2025-11-21 18:24:27 | DEBUG    | main:583 | RJ step 0: token_id=236776, text='A'
2025-11-21 18:24:27 | DEBUG    | main:586 | RJ: Found A/B/T at step 0
2025-11-21 18:24:27 | DEBUG    | main:593 | RJ step 0: extracting probs from logits
2025-11-21 18:24:27 | DEBUG    | logits_to_prob_map:248 | logits_to_prob_map: input shape=torch.Size([262208]), dtype=torch.float32
2025-11-21 18:24:27 | DEBUG    | logits_to_prob_map:261 | Top-k extraction: k=50, top logprobs range=[-20.5991, -0.4741]
2025-11-21 18:24:27 | DEBUG    | logits_to_prob_map:271 | topk[0]: token_id=236776, text='A', logprob=-0.4741, prob=0.622443
2025-11-21 18:24:27 | DEBUG    | logits_to_prob_map:271 | topk[1]: token_id=236799, text='B', logprob=-0.9741, prob=0.377531
2025-11-21 18:24:27 | DEBUG    | logits_to_prob_map:271 | topk[2]: token_id=236789, text=''', logprob=-10.5991, prob=0.000025
2025-11-21 18:24:27 | DEBUG    | logits_to_prob_map:271 | topk[3]: token_id=1018, text='**', logprob=-14.8491, prob=0.000000
2025-11-21 18:24:27 | DEBUG    | logits_to_prob_map:271 | topk[4]: token_id=14433, text='answer', logprob=-15.0991, prob=0.000000
2025-11-21 18:24:27 | DEBUG    | logits_to_prob_map:271 | topk[5]: token_id=236775, text='"', logprob=-15.3491, prob=0.000000
2025-11-21 18:24:27 | DEBUG    | logits_to_prob_map:271 | topk[6]: token_id=2205, text='As', logprob=-15.3491, prob=0.000000
2025-11-21 18:24:27 | DEBUG    | logits_to_prob_map:271 | topk[7]: token_id=1071, text='to', logprob=-15.8491, prob=0.000000
2025-11-21 18:24:27 | DEBUG    | logits_to_prob_map:271 | topk[8]: token_id=7925, text='Answer', logprob=-15.9741, prob=0.000000
2025-11-21 18:24:27 | DEBUG    | logits_to_prob_map:271 | topk[9]: token_id=236763, text='b', logprob=-15.9741, prob=0.000000
2025-11-21 18:24:27 | DEBUG    | only_abt_probs:289 | only_abt_probs result: {'A': 0.6224427086388915, 'B': 0.3775305867040653, 'T': 3.95176339866321e-09}
2025-11-21 18:24:27 | DEBUG    | main:654 | Row 14 complete: JR={'A': 0.9992750182305822, 'B': 0.0007096595078844073, 'T': 2.9967879881252132e-09}, RJ={'A': 0.6224427086388915, 'B': 0.3775305867040653, 'T': 3.95176339866321e-09}, combined_norm={'A': 0.6884172661037671, 'B': 0.3115827304218843, 'T': 3.474348689408105e-09}
2025-11-21 18:24:27 | DEBUG    | main:503 | ========== Row 15 ==========
2025-11-21 18:24:27 | DEBUG    | main:504 | Built msgs_jr with 2 messages
2025-11-21 18:24:27 | DEBUG    | main:506 | msgs_jr[0] role=system content=You are an impartial and unbiased judge.
2025-11-21 18:24:27 | DEBUG    | main:506 | msgs_jr[1] role=user content=You will be given answers from two assistants (Assistant A and Assistant B) to a user prompt. Please act as an impartial judge and evaluate the quality of their answers. You must output only one of the following choices:
'A' if Assistant A's answer is better.
'T' if both answers are relatively the s...<truncated 4613 chars>
2025-11-21 18:24:27 | DEBUG    | main:520 | JR prompt (truncated): <bos><start_of_turn>user
You are an impartial and unbiased judge.

You will be given answers from two assistants (Assistant A and Assistant B) to a user prompt. Please act as an impartial judge and evaluate the quality of their answers. You must output only one of the following choices:
'A' if Assistant A's answer is better.
'T' if both answers are relatively the same in quality.
'B' if Assistant B's answer is better.
Do not think or reason. Just choose which answer you prefer: A or B or T.
Outp...<truncated 4828 chars>
2025-11-21 18:24:27 | DEBUG    | main:550 | JR prompt length: 1664
2025-11-21 18:24:28 | DEBUG    | main:571 | JR: Generated 2 steps
2025-11-21 18:24:28 | DEBUG    | main:577 | JR: generated text='A''
2025-11-21 18:24:28 | DEBUG    | main:583 | JR step 0: token_id=236776, text='A'
2025-11-21 18:24:28 | DEBUG    | main:586 | JR: Found A/B/T at step 0
2025-11-21 18:24:28 | DEBUG    | main:593 | JR step 0: extracting probs from logits
2025-11-21 18:24:28 | DEBUG    | logits_to_prob_map:248 | logits_to_prob_map: input shape=torch.Size([262208]), dtype=torch.float32
2025-11-21 18:24:28 | DEBUG    | logits_to_prob_map:261 | Top-k extraction: k=50, top logprobs range=[-22.1630, -0.0380]
2025-11-21 18:24:28 | DEBUG    | logits_to_prob_map:271 | topk[0]: token_id=236776, text='A', logprob=-0.0380, prob=0.962668
2025-11-21 18:24:28 | DEBUG    | logits_to_prob_map:271 | topk[1]: token_id=236799, text='B', logprob=-3.2880, prob=0.037327
2025-11-21 18:24:28 | DEBUG    | logits_to_prob_map:271 | topk[2]: token_id=236789, text=''', logprob=-12.5380, prob=0.000004
2025-11-21 18:24:28 | DEBUG    | logits_to_prob_map:271 | topk[3]: token_id=1018, text='**', logprob=-13.2880, prob=0.000002
2025-11-21 18:24:28 | DEBUG    | logits_to_prob_map:271 | topk[4]: token_id=236763, text='b', logprob=-17.1630, prob=0.000000
2025-11-21 18:24:28 | DEBUG    | logits_to_prob_map:271 | topk[5]: token_id=236775, text='"', logprob=-17.4130, prob=0.000000
2025-11-21 18:24:28 | DEBUG    | logits_to_prob_map:271 | topk[6]: token_id=236929, text='`', logprob=-17.5380, prob=0.000000
2025-11-21 18:24:28 | DEBUG    | logits_to_prob_map:271 | topk[7]: token_id=1071, text='to', logprob=-17.7880, prob=0.000000
2025-11-21 18:24:28 | DEBUG    | logits_to_prob_map:271 | topk[8]: token_id=236746, text='a', logprob=-18.1630, prob=0.000000
2025-11-21 18:24:28 | DEBUG    | logits_to_prob_map:271 | topk[9]: token_id=236829, text='*', logprob=-18.2880, prob=0.000000
2025-11-21 18:24:28 | DEBUG    | only_abt_probs:289 | only_abt_probs result: {'A': 0.9626678801923484, 'B': 0.03732668334707951, 'T': 0.0}
2025-11-21 18:24:28 | DEBUG    | main:520 | RJ prompt (truncated): <bos><start_of_turn>user
You are an impartial and unbiased judge.

You will be given answers from two assistants (Assistant A and Assistant B) to a user prompt. Please act as an impartial judge and evaluate the quality of their answers. You must output only one of the following choices:
'A' if Assistant A's answer is better.
'T' if both answers are relatively the same in quality.
'B' if Assistant B's answer is better.
Do not think or reason. Just choose which answer you prefer: A or B or T.
Outp...<truncated 4828 chars>
2025-11-21 18:24:28 | DEBUG    | main:550 | RJ prompt length: 1664
2025-11-21 18:24:28 | DEBUG    | main:571 | RJ: Generated 2 steps
2025-11-21 18:24:28 | DEBUG    | main:577 | RJ: generated text='A''
2025-11-21 18:24:28 | DEBUG    | main:583 | RJ step 0: token_id=236776, text='A'
2025-11-21 18:24:28 | DEBUG    | main:586 | RJ: Found A/B/T at step 0
2025-11-21 18:24:28 | DEBUG    | main:593 | RJ step 0: extracting probs from logits
2025-11-21 18:24:28 | DEBUG    | logits_to_prob_map:248 | logits_to_prob_map: input shape=torch.Size([262208]), dtype=torch.float32
2025-11-21 18:24:28 | DEBUG    | logits_to_prob_map:261 | Top-k extraction: k=50, top logprobs range=[-22.0006, -0.0006]
2025-11-21 18:24:28 | DEBUG    | logits_to_prob_map:271 | topk[0]: token_id=236776, text='A', logprob=-0.0006, prob=0.999443
2025-11-21 18:24:28 | DEBUG    | logits_to_prob_map:271 | topk[1]: token_id=236799, text='B', logprob=-7.5006, prob=0.000553
2025-11-21 18:24:28 | DEBUG    | logits_to_prob_map:271 | topk[2]: token_id=236789, text=''', logprob=-12.5006, prob=0.000004
2025-11-21 18:24:28 | DEBUG    | logits_to_prob_map:271 | topk[3]: token_id=1018, text='**', logprob=-14.1256, prob=0.000001
2025-11-21 18:24:28 | DEBUG    | logits_to_prob_map:271 | topk[4]: token_id=236775, text='"', logprob=-16.0006, prob=0.000000
2025-11-21 18:24:28 | DEBUG    | logits_to_prob_map:271 | topk[5]: token_id=236929, text='`', logprob=-16.3756, prob=0.000000
2025-11-21 18:24:28 | DEBUG    | logits_to_prob_map:271 | topk[6]: token_id=1071, text='to', logprob=-17.8756, prob=0.000000
2025-11-21 18:24:28 | DEBUG    | logits_to_prob_map:271 | topk[7]: token_id=236746, text='a', logprob=-17.8756, prob=0.000000
2025-11-21 18:24:28 | DEBUG    | logits_to_prob_map:271 | topk[8]: token_id=237228, text='А', logprob=-17.8756, prob=0.000000
2025-11-21 18:24:28 | DEBUG    | logits_to_prob_map:271 | topk[9]: token_id=7925, text='Answer', logprob=-18.3756, prob=0.000000
2025-11-21 18:24:28 | DEBUG    | only_abt_probs:289 | only_abt_probs result: {'A': 0.9994425306506647, 'B': 0.000552776154310446, 'T': 1.1026417496061278e-09}
2025-11-21 18:24:28 | DEBUG    | main:654 | Row 15 complete: JR={'A': 0.9626678801923484, 'B': 0.03732668334707951, 'T': 0.0}, RJ={'A': 0.9994425306506647, 'B': 0.000552776154310446, 'T': 1.1026417496061278e-09}, combined_norm={'A': 0.4816127671935377, 'B': 0.5183872322551387, 'T': 5.513236668585416e-10}
2025-11-21 18:24:28 | DEBUG    | main:503 | ========== Row 16 ==========
2025-11-21 18:24:28 | DEBUG    | main:504 | Built msgs_jr with 2 messages
2025-11-21 18:24:28 | DEBUG    | main:506 | msgs_jr[0] role=system content=You are an impartial and unbiased judge.
2025-11-21 18:24:28 | DEBUG    | main:506 | msgs_jr[1] role=user content=You will be given answers from two assistants (Assistant A and Assistant B) to a user prompt. Please act as an impartial judge and evaluate the quality of their answers. You must output only one of the following choices:
'A' if Assistant A's answer is better.
'T' if both answers are relatively the s...<truncated 8535 chars>
2025-11-21 18:24:28 | DEBUG    | main:520 | JR prompt (truncated): <bos><start_of_turn>user
You are an impartial and unbiased judge.

You will be given answers from two assistants (Assistant A and Assistant B) to a user prompt. Please act as an impartial judge and evaluate the quality of their answers. You must output only one of the following choices:
'A' if Assistant A's answer is better.
'T' if both answers are relatively the same in quality.
'B' if Assistant B's answer is better.
Do not think or reason. Just choose which answer you prefer: A or B or T.
Outp...<truncated 8750 chars>
2025-11-21 18:24:28 | DEBUG    | main:550 | JR prompt length: 3539
2025-11-21 18:24:30 | DEBUG    | main:571 | JR: Generated 2 steps
2025-11-21 18:24:30 | DEBUG    | main:577 | JR: generated text='B''
2025-11-21 18:24:30 | DEBUG    | main:583 | JR step 0: token_id=236799, text='B'
2025-11-21 18:24:30 | DEBUG    | main:586 | JR: Found A/B/T at step 0
2025-11-21 18:24:30 | DEBUG    | main:593 | JR step 0: extracting probs from logits
2025-11-21 18:24:30 | DEBUG    | logits_to_prob_map:248 | logits_to_prob_map: input shape=torch.Size([262208]), dtype=torch.float32
2025-11-21 18:24:30 | DEBUG    | logits_to_prob_map:261 | Top-k extraction: k=50, top logprobs range=[-22.2501, -0.0001]
2025-11-21 18:24:30 | DEBUG    | logits_to_prob_map:271 | topk[0]: token_id=236799, text='B', logprob=-0.0001, prob=0.999895
2025-11-21 18:24:30 | DEBUG    | logits_to_prob_map:271 | topk[1]: token_id=236776, text='A', logprob=-9.2501, prob=0.000096
2025-11-21 18:24:30 | DEBUG    | logits_to_prob_map:271 | topk[2]: token_id=236789, text=''', logprob=-12.1251, prob=0.000005
2025-11-21 18:24:30 | DEBUG    | logits_to_prob_map:271 | topk[3]: token_id=1018, text='**', logprob=-12.6251, prob=0.000003
2025-11-21 18:24:30 | DEBUG    | logits_to_prob_map:271 | topk[4]: token_id=35343, text='Bs', logprob=-15.7501, prob=0.000000
2025-11-21 18:24:30 | DEBUG    | logits_to_prob_map:271 | topk[5]: token_id=236775, text='"', logprob=-15.8751, prob=0.000000
2025-11-21 18:24:30 | DEBUG    | logits_to_prob_map:271 | topk[6]: token_id=14433, text='answer', logprob=-16.2501, prob=0.000000
2025-11-21 18:24:30 | DEBUG    | logits_to_prob_map:271 | topk[7]: token_id=236763, text='b', logprob=-17.0001, prob=0.000000
2025-11-21 18:24:30 | DEBUG    | logits_to_prob_map:271 | topk[8]: token_id=236929, text='`', logprob=-17.1251, prob=0.000000
2025-11-21 18:24:30 | DEBUG    | logits_to_prob_map:271 | topk[9]: token_id=237095, text='‘', logprob=-17.5001, prob=0.000000
2025-11-21 18:24:30 | DEBUG    | only_abt_probs:289 | only_abt_probs result: {'A': 9.610157007667646e-05, 'B': 0.9998946300913916, 'T': 0.0}
2025-11-21 18:24:30 | DEBUG    | main:520 | RJ prompt (truncated): <bos><start_of_turn>user
You are an impartial and unbiased judge.

You will be given answers from two assistants (Assistant A and Assistant B) to a user prompt. Please act as an impartial judge and evaluate the quality of their answers. You must output only one of the following choices:
'A' if Assistant A's answer is better.
'T' if both answers are relatively the same in quality.
'B' if Assistant B's answer is better.
Do not think or reason. Just choose which answer you prefer: A or B or T.
Outp...<truncated 8750 chars>
2025-11-21 18:24:30 | DEBUG    | main:550 | RJ prompt length: 3539
2025-11-21 18:24:32 | DEBUG    | main:571 | RJ: Generated 2 steps
2025-11-21 18:24:32 | DEBUG    | main:577 | RJ: generated text='A''
2025-11-21 18:24:32 | DEBUG    | main:583 | RJ step 0: token_id=236776, text='A'
2025-11-21 18:24:32 | DEBUG    | main:586 | RJ: Found A/B/T at step 0
2025-11-21 18:24:32 | DEBUG    | main:593 | RJ step 0: extracting probs from logits
2025-11-21 18:24:32 | DEBUG    | logits_to_prob_map:248 | logits_to_prob_map: input shape=torch.Size([262208]), dtype=torch.float32
2025-11-21 18:24:32 | DEBUG    | logits_to_prob_map:261 | Top-k extraction: k=50, top logprobs range=[-20.8750, -0.0000]
2025-11-21 18:24:32 | DEBUG    | logits_to_prob_map:271 | topk[0]: token_id=236776, text='A', logprob=-0.0000, prob=0.999957
2025-11-21 18:24:32 | DEBUG    | logits_to_prob_map:271 | topk[1]: token_id=236789, text=''', logprob=-10.5000, prob=0.000028
2025-11-21 18:24:32 | DEBUG    | logits_to_prob_map:271 | topk[2]: token_id=236799, text='B', logprob=-11.8750, prob=0.000007
2025-11-21 18:24:32 | DEBUG    | logits_to_prob_map:271 | topk[3]: token_id=1018, text='**', logprob=-12.0000, prob=0.000006
2025-11-21 18:24:32 | DEBUG    | logits_to_prob_map:271 | topk[4]: token_id=236775, text='"', logprob=-13.7500, prob=0.000001
2025-11-21 18:24:32 | DEBUG    | logits_to_prob_map:271 | topk[5]: token_id=236929, text='`', logprob=-15.2500, prob=0.000000
2025-11-21 18:24:32 | DEBUG    | logits_to_prob_map:271 | topk[6]: token_id=6275, text='response', logprob=-16.2500, prob=0.000000
2025-11-21 18:24:32 | DEBUG    | logits_to_prob_map:271 | topk[7]: token_id=237095, text='‘', logprob=-16.3750, prob=0.000000
2025-11-21 18:24:32 | DEBUG    | logits_to_prob_map:271 | topk[8]: token_id=14433, text='answer', logprob=-16.5000, prob=0.000000
2025-11-21 18:24:32 | DEBUG    | logits_to_prob_map:271 | topk[9]: token_id=7925, text='Answer', logprob=-16.6250, prob=0.000000
2025-11-21 18:24:32 | DEBUG    | only_abt_probs:289 | only_abt_probs result: {'A': 0.9999574440950153, 'B': 6.962005940195285e-06, 'T': 0.0}
2025-11-21 18:24:32 | DEBUG    | main:654 | Row 16 complete: JR={'A': 9.610157007667646e-05, 'B': 0.9998946300913916, 'T': 0.0}, RJ={'A': 0.9999574440950153, 'B': 6.962005940195285e-06, 'T': 0.0}, combined_norm={'A': 5.1532943950023114e-05, 'B': 0.99994846705605, 'T': 0.0}
2025-11-21 18:24:32 | DEBUG    | main:503 | ========== Row 17 ==========
2025-11-21 18:24:32 | DEBUG    | main:504 | Built msgs_jr with 2 messages
2025-11-21 18:24:32 | DEBUG    | main:506 | msgs_jr[0] role=system content=You are an impartial and unbiased judge.
2025-11-21 18:24:32 | DEBUG    | main:506 | msgs_jr[1] role=user content=You will be given answers from two assistants (Assistant A and Assistant B) to a user prompt. Please act as an impartial judge and evaluate the quality of their answers. You must output only one of the following choices:
'A' if Assistant A's answer is better.
'T' if both answers are relatively the s...<truncated 8230 chars>
2025-11-21 18:24:32 | DEBUG    | main:520 | JR prompt (truncated): <bos><start_of_turn>user
You are an impartial and unbiased judge.

You will be given answers from two assistants (Assistant A and Assistant B) to a user prompt. Please act as an impartial judge and evaluate the quality of their answers. You must output only one of the following choices:
'A' if Assistant A's answer is better.
'T' if both answers are relatively the same in quality.
'B' if Assistant B's answer is better.
Do not think or reason. Just choose which answer you prefer: A or B or T.
Outp...<truncated 8445 chars>
2025-11-21 18:24:32 | DEBUG    | main:550 | JR prompt length: 3947
2025-11-21 18:24:34 | DEBUG    | main:571 | JR: Generated 2 steps
2025-11-21 18:24:34 | DEBUG    | main:577 | JR: generated text='A''
2025-11-21 18:24:34 | DEBUG    | main:583 | JR step 0: token_id=236776, text='A'
2025-11-21 18:24:34 | DEBUG    | main:586 | JR: Found A/B/T at step 0
2025-11-21 18:24:34 | DEBUG    | main:593 | JR step 0: extracting probs from logits
2025-11-21 18:24:34 | DEBUG    | logits_to_prob_map:248 | logits_to_prob_map: input shape=torch.Size([262208]), dtype=torch.float32
2025-11-21 18:24:34 | DEBUG    | logits_to_prob_map:261 | Top-k extraction: k=50, top logprobs range=[-21.6256, -0.0006]
2025-11-21 18:24:34 | DEBUG    | logits_to_prob_map:271 | topk[0]: token_id=236776, text='A', logprob=-0.0006, prob=0.999431
2025-11-21 18:24:34 | DEBUG    | logits_to_prob_map:271 | topk[1]: token_id=236799, text='B', logprob=-7.5006, prob=0.000553
2025-11-21 18:24:34 | DEBUG    | logits_to_prob_map:271 | topk[2]: token_id=236789, text=''', logprob=-11.3756, prob=0.000011
2025-11-21 18:24:34 | DEBUG    | logits_to_prob_map:271 | topk[3]: token_id=1018, text='**', logprob=-12.5006, prob=0.000004
2025-11-21 18:24:34 | DEBUG    | logits_to_prob_map:271 | topk[4]: token_id=236775, text='"', logprob=-15.1256, prob=0.000000
2025-11-21 18:24:34 | DEBUG    | logits_to_prob_map:271 | topk[5]: token_id=236929, text='`', logprob=-15.5006, prob=0.000000
2025-11-21 18:24:34 | DEBUG    | logits_to_prob_map:271 | topk[6]: token_id=236829, text='*', logprob=-17.5006, prob=0.000000
2025-11-21 18:24:34 | DEBUG    | logits_to_prob_map:271 | topk[7]: token_id=7925, text='Answer', logprob=-17.7506, prob=0.000000
2025-11-21 18:24:34 | DEBUG    | logits_to_prob_map:271 | topk[8]: token_id=237095, text='‘', logprob=-17.8756, prob=0.000000
2025-11-21 18:24:34 | DEBUG    | logits_to_prob_map:271 | topk[9]: token_id=14433, text='answer', logprob=-17.8756, prob=0.000000
2025-11-21 18:24:34 | DEBUG    | only_abt_probs:289 | only_abt_probs result: {'A': 0.9994314567113739, 'B': 0.0005527698283255906, 'T': 6.687783742103966e-10}
2025-11-21 18:24:34 | DEBUG    | main:520 | RJ prompt (truncated): <bos><start_of_turn>user
You are an impartial and unbiased judge.

You will be given answers from two assistants (Assistant A and Assistant B) to a user prompt. Please act as an impartial judge and evaluate the quality of their answers. You must output only one of the following choices:
'A' if Assistant A's answer is better.
'T' if both answers are relatively the same in quality.
'B' if Assistant B's answer is better.
Do not think or reason. Just choose which answer you prefer: A or B or T.
Outp...<truncated 8445 chars>
2025-11-21 18:24:34 | DEBUG    | main:550 | RJ prompt length: 3947
2025-11-21 18:24:36 | DEBUG    | main:571 | RJ: Generated 2 steps
2025-11-21 18:24:36 | DEBUG    | main:577 | RJ: generated text='A''
2025-11-21 18:24:36 | DEBUG    | main:583 | RJ step 0: token_id=236776, text='A'
2025-11-21 18:24:36 | DEBUG    | main:586 | RJ: Found A/B/T at step 0
2025-11-21 18:24:36 | DEBUG    | main:593 | RJ step 0: extracting probs from logits
2025-11-21 18:24:36 | DEBUG    | logits_to_prob_map:248 | logits_to_prob_map: input shape=torch.Size([262208]), dtype=torch.float32
2025-11-21 18:24:36 | DEBUG    | logits_to_prob_map:261 | Top-k extraction: k=50, top logprobs range=[-20.7500, -0.0000]
2025-11-21 18:24:36 | DEBUG    | logits_to_prob_map:271 | topk[0]: token_id=236776, text='A', logprob=-0.0000, prob=0.999969
2025-11-21 18:24:36 | DEBUG    | logits_to_prob_map:271 | topk[1]: token_id=236789, text=''', logprob=-11.1250, prob=0.000015
2025-11-21 18:24:36 | DEBUG    | logits_to_prob_map:271 | topk[2]: token_id=236799, text='B', logprob=-11.3750, prob=0.000011
2025-11-21 18:24:36 | DEBUG    | logits_to_prob_map:271 | topk[3]: token_id=1018, text='**', logprob=-12.7500, prob=0.000003
2025-11-21 18:24:36 | DEBUG    | logits_to_prob_map:271 | topk[4]: token_id=236775, text='"', logprob=-14.2500, prob=0.000001
2025-11-21 18:24:36 | DEBUG    | logits_to_prob_map:271 | topk[5]: token_id=236929, text='`', logprob=-15.2500, prob=0.000000
2025-11-21 18:24:36 | DEBUG    | logits_to_prob_map:271 | topk[6]: token_id=14433, text='answer', logprob=-16.3750, prob=0.000000
2025-11-21 18:24:36 | DEBUG    | logits_to_prob_map:271 | topk[7]: token_id=7925, text='Answer', logprob=-16.3750, prob=0.000000
2025-11-21 18:24:36 | DEBUG    | logits_to_prob_map:271 | topk[8]: token_id=6275, text='response', logprob=-16.5000, prob=0.000000
2025-11-21 18:24:36 | DEBUG    | logits_to_prob_map:271 | topk[9]: token_id=237095, text='‘', logprob=-16.8750, prob=0.000000
2025-11-21 18:24:36 | DEBUG    | only_abt_probs:289 | only_abt_probs result: {'A': 0.9999694833531786, 'B': 1.1478549587831571e-05, 'T': 1.1032223641551334e-09}
2025-11-21 18:24:36 | DEBUG    | main:654 | Row 17 complete: JR={'A': 0.9994314567113739, 'B': 0.0005527698283255906, 'T': 6.687783742103966e-10}, RJ={'A': 0.9999694833531786, 'B': 1.1478549587831571e-05, 'T': 1.1032223641551334e-09}, combined_norm={'A': 0.4997301653804216, 'B': 0.5002698337335626, 'T': 8.860157901925829e-10}
2025-11-21 18:24:36 | DEBUG    | main:503 | ========== Row 18 ==========
2025-11-21 18:24:36 | DEBUG    | main:504 | Built msgs_jr with 2 messages
2025-11-21 18:24:36 | DEBUG    | main:506 | msgs_jr[0] role=system content=You are an impartial and unbiased judge.
2025-11-21 18:24:36 | DEBUG    | main:506 | msgs_jr[1] role=user content=You will be given answers from two assistants (Assistant A and Assistant B) to a user prompt. Please act as an impartial judge and evaluate the quality of their answers. You must output only one of the following choices:
'A' if Assistant A's answer is better.
'T' if both answers are relatively the s...<truncated 6890 chars>
2025-11-21 18:24:36 | DEBUG    | main:520 | JR prompt (truncated): <bos><start_of_turn>user
You are an impartial and unbiased judge.

You will be given answers from two assistants (Assistant A and Assistant B) to a user prompt. Please act as an impartial judge and evaluate the quality of their answers. You must output only one of the following choices:
'A' if Assistant A's answer is better.
'T' if both answers are relatively the same in quality.
'B' if Assistant B's answer is better.
Do not think or reason. Just choose which answer you prefer: A or B or T.
Outp...<truncated 7105 chars>
2025-11-21 18:24:36 | DEBUG    | main:550 | JR prompt length: 2541
2025-11-21 18:24:37 | DEBUG    | main:571 | JR: Generated 2 steps
2025-11-21 18:24:37 | DEBUG    | main:577 | JR: generated text='B''
2025-11-21 18:24:37 | DEBUG    | main:583 | JR step 0: token_id=236799, text='B'
2025-11-21 18:24:37 | DEBUG    | main:586 | JR: Found A/B/T at step 0
2025-11-21 18:24:37 | DEBUG    | main:593 | JR step 0: extracting probs from logits
2025-11-21 18:24:37 | DEBUG    | logits_to_prob_map:248 | logits_to_prob_map: input shape=torch.Size([262208]), dtype=torch.float32
2025-11-21 18:24:37 | DEBUG    | logits_to_prob_map:261 | Top-k extraction: k=50, top logprobs range=[-23.4539, -0.0789]
2025-11-21 18:24:37 | DEBUG    | logits_to_prob_map:271 | topk[0]: token_id=236799, text='B', logprob=-0.0789, prob=0.924140
2025-11-21 18:24:37 | DEBUG    | logits_to_prob_map:271 | topk[1]: token_id=236776, text='A', logprob=-2.5789, prob=0.075858
2025-11-21 18:24:37 | DEBUG    | logits_to_prob_map:271 | topk[2]: token_id=1018, text='**', logprob=-13.3289, prob=0.000002
2025-11-21 18:24:37 | DEBUG    | logits_to_prob_map:271 | topk[3]: token_id=236789, text=''', logprob=-14.2039, prob=0.000001
2025-11-21 18:24:37 | DEBUG    | logits_to_prob_map:271 | topk[4]: token_id=14433, text='answer', logprob=-17.3289, prob=0.000000
2025-11-21 18:24:37 | DEBUG    | logits_to_prob_map:271 | topk[5]: token_id=236763, text='b', logprob=-17.7039, prob=0.000000
2025-11-21 18:24:37 | DEBUG    | logits_to_prob_map:271 | topk[6]: token_id=236775, text='"', logprob=-17.8289, prob=0.000000
2025-11-21 18:24:37 | DEBUG    | logits_to_prob_map:271 | topk[7]: token_id=7925, text='Answer', logprob=-18.5789, prob=0.000000
2025-11-21 18:24:37 | DEBUG    | logits_to_prob_map:271 | topk[8]: token_id=1071, text='to', logprob=-18.8289, prob=0.000000
2025-11-21 18:24:37 | DEBUG    | logits_to_prob_map:271 | topk[9]: token_id=236929, text='`', logprob=-19.0789, prob=0.000000
2025-11-21 18:24:37 | DEBUG    | only_abt_probs:289 | only_abt_probs result: {'A': 0.07585799062674127, 'B': 0.9241395677643853, 'T': 0.0}
2025-11-21 18:24:37 | DEBUG    | main:520 | RJ prompt (truncated): <bos><start_of_turn>user
You are an impartial and unbiased judge.

You will be given answers from two assistants (Assistant A and Assistant B) to a user prompt. Please act as an impartial judge and evaluate the quality of their answers. You must output only one of the following choices:
'A' if Assistant A's answer is better.
'T' if both answers are relatively the same in quality.
'B' if Assistant B's answer is better.
Do not think or reason. Just choose which answer you prefer: A or B or T.
Outp...<truncated 7105 chars>
2025-11-21 18:24:37 | DEBUG    | main:550 | RJ prompt length: 2541
2025-11-21 18:24:38 | DEBUG    | main:571 | RJ: Generated 2 steps
2025-11-21 18:24:38 | DEBUG    | main:577 | RJ: generated text='A''
2025-11-21 18:24:38 | DEBUG    | main:583 | RJ step 0: token_id=236776, text='A'
2025-11-21 18:24:38 | DEBUG    | main:586 | RJ: Found A/B/T at step 0
2025-11-21 18:24:38 | DEBUG    | main:593 | RJ step 0: extracting probs from logits
2025-11-21 18:24:38 | DEBUG    | logits_to_prob_map:248 | logits_to_prob_map: input shape=torch.Size([262208]), dtype=torch.float32
2025-11-21 18:24:38 | DEBUG    | logits_to_prob_map:261 | Top-k extraction: k=50, top logprobs range=[-21.5002, -0.0002]
2025-11-21 18:24:38 | DEBUG    | logits_to_prob_map:271 | topk[0]: token_id=236776, text='A', logprob=-0.0002, prob=0.999832
2025-11-21 18:24:38 | DEBUG    | logits_to_prob_map:271 | topk[1]: token_id=236799, text='B', logprob=-8.7502, prob=0.000158
2025-11-21 18:24:38 | DEBUG    | logits_to_prob_map:271 | topk[2]: token_id=236789, text=''', logprob=-11.8752, prob=0.000007
2025-11-21 18:24:38 | DEBUG    | logits_to_prob_map:271 | topk[3]: token_id=1018, text='**', logprob=-13.1252, prob=0.000002
2025-11-21 18:24:38 | DEBUG    | logits_to_prob_map:271 | topk[4]: token_id=236775, text='"', logprob=-15.0002, prob=0.000000
2025-11-21 18:24:38 | DEBUG    | logits_to_prob_map:271 | topk[5]: token_id=236929, text='`', logprob=-15.6252, prob=0.000000
2025-11-21 18:24:38 | DEBUG    | logits_to_prob_map:271 | topk[6]: token_id=237228, text='А', logprob=-17.2502, prob=0.000000
2025-11-21 18:24:38 | DEBUG    | logits_to_prob_map:271 | topk[7]: token_id=7925, text='Answer', logprob=-17.2502, prob=0.000000
2025-11-21 18:24:38 | DEBUG    | logits_to_prob_map:271 | topk[8]: token_id=14433, text='answer', logprob=-17.5002, prob=0.000000
2025-11-21 18:24:38 | DEBUG    | logits_to_prob_map:271 | topk[9]: token_id=236746, text='a', logprob=-17.5002, prob=0.000000
2025-11-21 18:24:38 | DEBUG    | only_abt_probs:289 | only_abt_probs result: {'A': 0.9998319431547771, 'B': 0.00015843473014047328, 'T': 1.8186564064942342e-09}
2025-11-21 18:24:38 | DEBUG    | main:654 | Row 18 complete: JR={'A': 0.07585799062674127, 'B': 0.9241395677643853, 'T': 0.0}, RJ={'A': 0.9998319431547771, 'B': 0.00015843473014047328, 'T': 1.8186564064942342e-09}, combined_norm={'A': 0.038008441905554295, 'B': 0.961991557185112, 'T': 9.093336873955286e-10}
2025-11-21 18:24:38 | DEBUG    | main:503 | ========== Row 19 ==========
2025-11-21 18:24:38 | DEBUG    | main:504 | Built msgs_jr with 2 messages
2025-11-21 18:24:38 | DEBUG    | main:506 | msgs_jr[0] role=system content=You are an impartial and unbiased judge.
2025-11-21 18:24:38 | DEBUG    | main:506 | msgs_jr[1] role=user content=You will be given answers from two assistants (Assistant A and Assistant B) to a user prompt. Please act as an impartial judge and evaluate the quality of their answers. You must output only one of the following choices:
'A' if Assistant A's answer is better.
'T' if both answers are relatively the s...<truncated 4009 chars>
2025-11-21 18:24:38 | DEBUG    | main:520 | JR prompt (truncated): <bos><start_of_turn>user
You are an impartial and unbiased judge.

You will be given answers from two assistants (Assistant A and Assistant B) to a user prompt. Please act as an impartial judge and evaluate the quality of their answers. You must output only one of the following choices:
'A' if Assistant A's answer is better.
'T' if both answers are relatively the same in quality.
'B' if Assistant B's answer is better.
Do not think or reason. Just choose which answer you prefer: A or B or T.
Outp...<truncated 4224 chars>
2025-11-21 18:24:38 | DEBUG    | main:550 | JR prompt length: 1480
2025-11-21 18:24:39 | DEBUG    | main:571 | JR: Generated 2 steps
2025-11-21 18:24:39 | DEBUG    | main:577 | JR: generated text='A''
2025-11-21 18:24:39 | DEBUG    | main:583 | JR step 0: token_id=236776, text='A'
2025-11-21 18:24:39 | DEBUG    | main:586 | JR: Found A/B/T at step 0
2025-11-21 18:24:39 | DEBUG    | main:593 | JR step 0: extracting probs from logits
2025-11-21 18:24:39 | DEBUG    | logits_to_prob_map:248 | logits_to_prob_map: input shape=torch.Size([262208]), dtype=torch.float32
2025-11-21 18:24:39 | DEBUG    | logits_to_prob_map:261 | Top-k extraction: k=50, top logprobs range=[-19.8760, -0.0010]
2025-11-21 18:24:39 | DEBUG    | logits_to_prob_map:271 | topk[0]: token_id=236776, text='A', logprob=-0.0010, prob=0.998960
2025-11-21 18:24:39 | DEBUG    | logits_to_prob_map:271 | topk[1]: token_id=236799, text='B', logprob=-6.8760, prob=0.001032
2025-11-21 18:24:39 | DEBUG    | logits_to_prob_map:271 | topk[2]: token_id=236789, text=''', logprob=-12.1260, prob=0.000005
2025-11-21 18:24:39 | DEBUG    | logits_to_prob_map:271 | topk[3]: token_id=1018, text='**', logprob=-14.3760, prob=0.000001
2025-11-21 18:24:39 | DEBUG    | logits_to_prob_map:271 | topk[4]: token_id=7925, text='Answer', logprob=-14.6260, prob=0.000000
2025-11-21 18:24:39 | DEBUG    | logits_to_prob_map:271 | topk[5]: token_id=236775, text='"', logprob=-15.1260, prob=0.000000
2025-11-21 18:24:39 | DEBUG    | logits_to_prob_map:271 | topk[6]: token_id=14433, text='answer', logprob=-15.2510, prob=0.000000
2025-11-21 18:24:39 | DEBUG    | logits_to_prob_map:271 | topk[7]: token_id=74314, text='Assistant', logprob=-15.6260, prob=0.000000
2025-11-21 18:24:39 | DEBUG    | logits_to_prob_map:271 | topk[8]: token_id=2205, text='As', logprob=-15.6260, prob=0.000000
2025-11-21 18:24:39 | DEBUG    | logits_to_prob_map:271 | topk[9]: token_id=236746, text='a', logprob=-15.7510, prob=0.000000
2025-11-21 18:24:39 | DEBUG    | only_abt_probs:289 | only_abt_probs result: {'A': 0.9989596710775446, 'B': 0.0010322226020555566, 'T': 1.7239864827850606e-08}
2025-11-21 18:24:39 | DEBUG    | main:520 | RJ prompt (truncated): <bos><start_of_turn>user
You are an impartial and unbiased judge.

You will be given answers from two assistants (Assistant A and Assistant B) to a user prompt. Please act as an impartial judge and evaluate the quality of their answers. You must output only one of the following choices:
'A' if Assistant A's answer is better.
'T' if both answers are relatively the same in quality.
'B' if Assistant B's answer is better.
Do not think or reason. Just choose which answer you prefer: A or B or T.
Outp...<truncated 4224 chars>
2025-11-21 18:24:39 | DEBUG    | main:550 | RJ prompt length: 1480
2025-11-21 18:24:40 | DEBUG    | main:571 | RJ: Generated 2 steps
2025-11-21 18:24:40 | DEBUG    | main:577 | RJ: generated text='B''
2025-11-21 18:24:40 | DEBUG    | main:583 | RJ step 0: token_id=236799, text='B'
2025-11-21 18:24:40 | DEBUG    | main:586 | RJ: Found A/B/T at step 0
2025-11-21 18:24:40 | DEBUG    | main:593 | RJ step 0: extracting probs from logits
2025-11-21 18:24:40 | DEBUG    | logits_to_prob_map:248 | logits_to_prob_map: input shape=torch.Size([262208]), dtype=torch.float32
2025-11-21 18:24:40 | DEBUG    | logits_to_prob_map:261 | Top-k extraction: k=50, top logprobs range=[-22.8765, -0.0015]
2025-11-21 18:24:40 | DEBUG    | logits_to_prob_map:271 | topk[0]: token_id=236799, text='B', logprob=-0.0015, prob=0.998498
2025-11-21 18:24:40 | DEBUG    | logits_to_prob_map:271 | topk[1]: token_id=236776, text='A', logprob=-6.5015, prob=0.001501
2025-11-21 18:24:40 | DEBUG    | logits_to_prob_map:271 | topk[2]: token_id=236789, text=''', logprob=-14.3765, prob=0.000001
2025-11-21 18:24:40 | DEBUG    | logits_to_prob_map:271 | topk[3]: token_id=35343, text='Bs', logprob=-15.2515, prob=0.000000
2025-11-21 18:24:40 | DEBUG    | logits_to_prob_map:271 | topk[4]: token_id=236763, text='b', logprob=-16.3765, prob=0.000000
2025-11-21 18:24:40 | DEBUG    | logits_to_prob_map:271 | topk[5]: token_id=14433, text='answer', logprob=-16.7515, prob=0.000000
2025-11-21 18:24:40 | DEBUG    | logits_to_prob_map:271 | topk[6]: token_id=1018, text='**', logprob=-16.8765, prob=0.000000
2025-11-21 18:24:40 | DEBUG    | logits_to_prob_map:271 | topk[7]: token_id=74314, text='Assistant', logprob=-17.0015, prob=0.000000
2025-11-21 18:24:40 | DEBUG    | logits_to_prob_map:271 | topk[8]: token_id=7925, text='Answer', logprob=-17.5015, prob=0.000000
2025-11-21 18:24:40 | DEBUG    | logits_to_prob_map:271 | topk[9]: token_id=1071, text='to', logprob=-18.6265, prob=0.000000
2025-11-21 18:24:40 | DEBUG    | only_abt_probs:289 | only_abt_probs result: {'A': 0.0015011805192695626, 'B': 0.9984976009388775, 'T': 4.052556591896547e-10}
2025-11-21 18:24:40 | DEBUG    | main:654 | Row 19 complete: JR={'A': 0.9989596710775446, 'B': 0.0010322226020555566, 'T': 1.7239864827850606e-08}, RJ={'A': 0.0015011805192695626, 'B': 0.9984976009388775, 'T': 4.052556591896547e-10}, combined_norm={'A': 0.9987332837219755, 'B': 0.0012667074554232251, 'T': 8.822601300453117e-09}
2025-11-21 18:24:40 | INFO     | main:501 | Processing row 20/861
2025-11-21 18:24:40 | DEBUG    | main:503 | ========== Row 20 ==========
2025-11-21 18:24:40 | DEBUG    | main:504 | Built msgs_jr with 2 messages
2025-11-21 18:24:40 | DEBUG    | main:506 | msgs_jr[0] role=system content=You are an impartial and unbiased judge.
2025-11-21 18:24:40 | DEBUG    | main:506 | msgs_jr[1] role=user content=You will be given answers from two assistants (Assistant A and Assistant B) to a user prompt. Please act as an impartial judge and evaluate the quality of their answers. You must output only one of the following choices:
'A' if Assistant A's answer is better.
'T' if both answers are relatively the s...<truncated 4362 chars>
2025-11-21 18:24:40 | DEBUG    | main:520 | JR prompt (truncated): <bos><start_of_turn>user
You are an impartial and unbiased judge.

You will be given answers from two assistants (Assistant A and Assistant B) to a user prompt. Please act as an impartial judge and evaluate the quality of their answers. You must output only one of the following choices:
'A' if Assistant A's answer is better.
'T' if both answers are relatively the same in quality.
'B' if Assistant B's answer is better.
Do not think or reason. Just choose which answer you prefer: A or B or T.
Outp...<truncated 4577 chars>
2025-11-21 18:24:40 | DEBUG    | main:550 | JR prompt length: 1671
2025-11-21 18:24:41 | DEBUG    | main:571 | JR: Generated 2 steps
2025-11-21 18:24:41 | DEBUG    | main:577 | JR: generated text='A''
2025-11-21 18:24:41 | DEBUG    | main:583 | JR step 0: token_id=236776, text='A'
2025-11-21 18:24:41 | DEBUG    | main:586 | JR: Found A/B/T at step 0
2025-11-21 18:24:41 | DEBUG    | main:593 | JR step 0: extracting probs from logits
2025-11-21 18:24:41 | DEBUG    | logits_to_prob_map:248 | logits_to_prob_map: input shape=torch.Size([262208]), dtype=torch.float32
2025-11-21 18:24:41 | DEBUG    | logits_to_prob_map:261 | Top-k extraction: k=50, top logprobs range=[-21.1250, -0.0000]
2025-11-21 18:24:41 | DEBUG    | logits_to_prob_map:271 | topk[0]: token_id=236776, text='A', logprob=-0.0000, prob=0.999981
2025-11-21 18:24:41 | DEBUG    | logits_to_prob_map:271 | topk[1]: token_id=236789, text=''', logprob=-11.3750, prob=0.000011
2025-11-21 18:24:41 | DEBUG    | logits_to_prob_map:271 | topk[2]: token_id=236799, text='B', logprob=-12.2500, prob=0.000005
2025-11-21 18:24:41 | DEBUG    | logits_to_prob_map:271 | topk[3]: token_id=1018, text='**', logprob=-13.1250, prob=0.000002
2025-11-21 18:24:41 | DEBUG    | logits_to_prob_map:271 | topk[4]: token_id=236775, text='"', logprob=-14.5000, prob=0.000001
2025-11-21 18:24:41 | DEBUG    | logits_to_prob_map:271 | topk[5]: token_id=236929, text='`', logprob=-15.1250, prob=0.000000
2025-11-21 18:24:41 | DEBUG    | logits_to_prob_map:271 | topk[6]: token_id=7925, text='Answer', logprob=-16.6250, prob=0.000000
2025-11-21 18:24:41 | DEBUG    | logits_to_prob_map:271 | topk[7]: token_id=2205, text='As', logprob=-16.8750, prob=0.000000
2025-11-21 18:24:41 | DEBUG    | logits_to_prob_map:271 | topk[8]: token_id=14433, text='answer', logprob=-17.0000, prob=0.000000
2025-11-21 18:24:41 | DEBUG    | logits_to_prob_map:271 | topk[9]: token_id=237228, text='А', logprob=-17.2500, prob=0.000000
2025-11-21 18:24:41 | DEBUG    | only_abt_probs:289 | only_abt_probs result: {'A': 0.9999805692637573, 'B': 4.785026124128254e-06, 'T': 0.0}
2025-11-21 18:24:41 | DEBUG    | main:520 | RJ prompt (truncated): <bos><start_of_turn>user
You are an impartial and unbiased judge.

You will be given answers from two assistants (Assistant A and Assistant B) to a user prompt. Please act as an impartial judge and evaluate the quality of their answers. You must output only one of the following choices:
'A' if Assistant A's answer is better.
'T' if both answers are relatively the same in quality.
'B' if Assistant B's answer is better.
Do not think or reason. Just choose which answer you prefer: A or B or T.
Outp...<truncated 4577 chars>
2025-11-21 18:24:41 | DEBUG    | main:550 | RJ prompt length: 1671
2025-11-21 18:24:41 | DEBUG    | main:571 | RJ: Generated 2 steps
2025-11-21 18:24:41 | DEBUG    | main:577 | RJ: generated text='B''
2025-11-21 18:24:41 | DEBUG    | main:583 | RJ step 0: token_id=236799, text='B'
2025-11-21 18:24:41 | DEBUG    | main:586 | RJ: Found A/B/T at step 0
2025-11-21 18:24:41 | DEBUG    | main:593 | RJ step 0: extracting probs from logits
2025-11-21 18:24:41 | DEBUG    | logits_to_prob_map:248 | logits_to_prob_map: input shape=torch.Size([262208]), dtype=torch.float32
2025-11-21 18:24:41 | DEBUG    | logits_to_prob_map:261 | Top-k extraction: k=50, top logprobs range=[-25.0067, -0.0067]
2025-11-21 18:24:41 | DEBUG    | logits_to_prob_map:271 | topk[0]: token_id=236799, text='B', logprob=-0.0067, prob=0.993304
2025-11-21 18:24:41 | DEBUG    | logits_to_prob_map:271 | topk[1]: token_id=236776, text='A', logprob=-5.0067, prob=0.006693
2025-11-21 18:24:41 | DEBUG    | logits_to_prob_map:271 | topk[2]: token_id=1018, text='**', logprob=-13.3817, prob=0.000002
2025-11-21 18:24:41 | DEBUG    | logits_to_prob_map:271 | topk[3]: token_id=236789, text=''', logprob=-13.6317, prob=0.000001
2025-11-21 18:24:41 | DEBUG    | logits_to_prob_map:271 | topk[4]: token_id=236929, text='`', logprob=-18.6317, prob=0.000000
2025-11-21 18:24:41 | DEBUG    | logits_to_prob_map:271 | topk[5]: token_id=236775, text='"', logprob=-18.6317, prob=0.000000
2025-11-21 18:24:41 | DEBUG    | logits_to_prob_map:271 | topk[6]: token_id=236763, text='b', logprob=-19.5067, prob=0.000000
2025-11-21 18:24:41 | DEBUG    | logits_to_prob_map:271 | topk[7]: token_id=14433, text='answer', logprob=-19.6317, prob=0.000000
2025-11-21 18:24:41 | DEBUG    | logits_to_prob_map:271 | topk[8]: token_id=237095, text='‘', logprob=-19.7567, prob=0.000000
2025-11-21 18:24:41 | DEBUG    | logits_to_prob_map:271 | topk[9]: token_id=1071, text='to', logprob=-19.8817, prob=0.000000
2025-11-21 18:24:41 | DEBUG    | only_abt_probs:289 | only_abt_probs result: {'A': 0.006692832115842052, 'B': 0.993304443225831, 'T': 0.0}
2025-11-21 18:24:41 | DEBUG    | main:654 | Row 20 complete: JR={'A': 0.9999805692637573, 'B': 4.785026124128254e-06, 'T': 0.0}, RJ={'A': 0.006692832115842052, 'B': 0.993304443225831, 'T': 0.0}, combined_norm={'A': 0.996651162343745, 'B': 0.003348837656255067, 'T': 0.0}
2025-11-21 18:24:41 | DEBUG    | main:503 | ========== Row 21 ==========
2025-11-21 18:24:41 | DEBUG    | main:504 | Built msgs_jr with 2 messages
2025-11-21 18:24:41 | DEBUG    | main:506 | msgs_jr[0] role=system content=You are an impartial and unbiased judge.
2025-11-21 18:24:41 | DEBUG    | main:506 | msgs_jr[1] role=user content=You will be given answers from two assistants (Assistant A and Assistant B) to a user prompt. Please act as an impartial judge and evaluate the quality of their answers. You must output only one of the following choices:
'A' if Assistant A's answer is better.
'T' if both answers are relatively the s...<truncated 18507 chars>
2025-11-21 18:24:41 | DEBUG    | main:520 | JR prompt (truncated): <bos><start_of_turn>user
You are an impartial and unbiased judge.

You will be given answers from two assistants (Assistant A and Assistant B) to a user prompt. Please act as an impartial judge and evaluate the quality of their answers. You must output only one of the following choices:
'A' if Assistant A's answer is better.
'T' if both answers are relatively the same in quality.
'B' if Assistant B's answer is better.
Do not think or reason. Just choose which answer you prefer: A or B or T.
Outp...<truncated 18722 chars>
2025-11-21 18:24:41 | DEBUG    | main:550 | JR prompt length: 6378
2025-11-21 18:24:45 | DEBUG    | main:571 | JR: Generated 2 steps
2025-11-21 18:24:45 | DEBUG    | main:577 | JR: generated text='A''
2025-11-21 18:24:45 | DEBUG    | main:583 | JR step 0: token_id=236776, text='A'
2025-11-21 18:24:45 | DEBUG    | main:586 | JR: Found A/B/T at step 0
2025-11-21 18:24:45 | DEBUG    | main:593 | JR step 0: extracting probs from logits
2025-11-21 18:24:45 | DEBUG    | logits_to_prob_map:248 | logits_to_prob_map: input shape=torch.Size([262208]), dtype=torch.float32
2025-11-21 18:24:45 | DEBUG    | logits_to_prob_map:261 | Top-k extraction: k=50, top logprobs range=[-15.5020, -0.0020]
2025-11-21 18:24:45 | DEBUG    | logits_to_prob_map:271 | topk[0]: token_id=236776, text='A', logprob=-0.0020, prob=0.998039
2025-11-21 18:24:45 | DEBUG    | logits_to_prob_map:271 | topk[1]: token_id=236799, text='B', logprob=-6.5020, prob=0.001500
2025-11-21 18:24:45 | DEBUG    | logits_to_prob_map:271 | topk[2]: token_id=236789, text=''', logprob=-8.1270, prob=0.000295
2025-11-21 18:24:45 | DEBUG    | logits_to_prob_map:271 | topk[3]: token_id=1018, text='**', logprob=-10.3770, prob=0.000031
2025-11-21 18:24:45 | DEBUG    | logits_to_prob_map:271 | topk[4]: token_id=236746, text='a', logprob=-10.8770, prob=0.000019
2025-11-21 18:24:45 | DEBUG    | logits_to_prob_map:271 | topk[5]: token_id=236775, text='"', logprob=-11.2520, prob=0.000013
2025-11-21 18:24:45 | DEBUG    | logits_to_prob_map:271 | topk[6]: token_id=74314, text='Assistant', logprob=-11.5020, prob=0.000010
2025-11-21 18:24:45 | DEBUG    | logits_to_prob_map:271 | topk[7]: token_id=1071, text='to', logprob=-11.5020, prob=0.000010
2025-11-21 18:24:45 | DEBUG    | logits_to_prob_map:271 | topk[8]: token_id=14433, text='answer', logprob=-11.6270, prob=0.000009
2025-11-21 18:24:45 | DEBUG    | logits_to_prob_map:271 | topk[9]: token_id=236929, text='`', logprob=-11.7520, prob=0.000008
2025-11-21 18:24:45 | DEBUG    | only_abt_probs:289 | only_abt_probs result: {'A': 0.9980389265402959, 'B': 0.0015004906286618111, 'T': 1.756894736040746e-06}
2025-11-21 18:24:45 | DEBUG    | main:520 | RJ prompt (truncated): <bos><start_of_turn>user
You are an impartial and unbiased judge.

You will be given answers from two assistants (Assistant A and Assistant B) to a user prompt. Please act as an impartial judge and evaluate the quality of their answers. You must output only one of the following choices:
'A' if Assistant A's answer is better.
'T' if both answers are relatively the same in quality.
'B' if Assistant B's answer is better.
Do not think or reason. Just choose which answer you prefer: A or B or T.
Outp...<truncated 18722 chars>
2025-11-21 18:24:45 | DEBUG    | main:550 | RJ prompt length: 6378
2025-11-21 18:24:49 | DEBUG    | main:571 | RJ: Generated 2 steps
2025-11-21 18:24:49 | DEBUG    | main:577 | RJ: generated text='B''
2025-11-21 18:24:49 | DEBUG    | main:583 | RJ step 0: token_id=236799, text='B'
2025-11-21 18:24:49 | DEBUG    | main:586 | RJ: Found A/B/T at step 0
2025-11-21 18:24:49 | DEBUG    | main:593 | RJ step 0: extracting probs from logits
2025-11-21 18:24:49 | DEBUG    | logits_to_prob_map:248 | logits_to_prob_map: input shape=torch.Size([262208]), dtype=torch.float32
2025-11-21 18:24:49 | DEBUG    | logits_to_prob_map:261 | Top-k extraction: k=50, top logprobs range=[-20.1883, -0.3133]
2025-11-21 18:24:49 | DEBUG    | logits_to_prob_map:271 | topk[0]: token_id=236799, text='B', logprob=-0.3133, prob=0.731020
2025-11-21 18:24:49 | DEBUG    | logits_to_prob_map:271 | topk[1]: token_id=236776, text='A', logprob=-1.3133, prob=0.268927
2025-11-21 18:24:49 | DEBUG    | logits_to_prob_map:271 | topk[2]: token_id=236789, text=''', logprob=-9.9383, prob=0.000048
2025-11-21 18:24:49 | DEBUG    | logits_to_prob_map:271 | topk[3]: token_id=1018, text='**', logprob=-12.8133, prob=0.000003
2025-11-21 18:24:49 | DEBUG    | logits_to_prob_map:271 | topk[4]: token_id=14433, text='answer', logprob=-14.8133, prob=0.000000
2025-11-21 18:24:49 | DEBUG    | logits_to_prob_map:271 | topk[5]: token_id=236775, text='"', logprob=-14.8133, prob=0.000000
2025-11-21 18:24:49 | DEBUG    | logits_to_prob_map:271 | topk[6]: token_id=236929, text='`', logprob=-15.3133, prob=0.000000
2025-11-21 18:24:49 | DEBUG    | logits_to_prob_map:271 | topk[7]: token_id=1071, text='to', logprob=-15.3133, prob=0.000000
2025-11-21 18:24:49 | DEBUG    | logits_to_prob_map:271 | topk[8]: token_id=236763, text='b', logprob=-15.4383, prob=0.000000
2025-11-21 18:24:49 | DEBUG    | logits_to_prob_map:271 | topk[9]: token_id=74314, text='Assistant', logprob=-15.6883, prob=0.000000
2025-11-21 18:24:49 | DEBUG    | only_abt_probs:289 | only_abt_probs result: {'A': 0.268927106756133, 'B': 0.7310196892613463, 'T': 7.651880228024154e-09}
2025-11-21 18:24:49 | DEBUG    | main:654 | Row 21 complete: JR={'A': 0.9980389265402959, 'B': 0.0015004906286618111, 'T': 1.756894736040746e-06}, RJ={'A': 0.268927106756133, 'B': 0.7310196892613463, 'T': 7.651880228024154e-09}, combined_norm={'A': 0.8647506937060887, 'B': 0.13524842379467356, 'T': 8.824992377645344e-07}
2025-11-21 18:24:49 | DEBUG    | main:503 | ========== Row 22 ==========
2025-11-21 18:24:49 | DEBUG    | main:504 | Built msgs_jr with 2 messages
2025-11-21 18:24:49 | DEBUG    | main:506 | msgs_jr[0] role=system content=You are an impartial and unbiased judge.
2025-11-21 18:24:49 | DEBUG    | main:506 | msgs_jr[1] role=user content=You will be given answers from two assistants (Assistant A and Assistant B) to a user prompt. Please act as an impartial judge and evaluate the quality of their answers. You must output only one of the following choices:
'A' if Assistant A's answer is better.
'T' if both answers are relatively the s...<truncated 2763 chars>
2025-11-21 18:24:49 | DEBUG    | main:520 | JR prompt (truncated): <bos><start_of_turn>user
You are an impartial and unbiased judge.

You will be given answers from two assistants (Assistant A and Assistant B) to a user prompt. Please act as an impartial judge and evaluate the quality of their answers. You must output only one of the following choices:
'A' if Assistant A's answer is better.
'T' if both answers are relatively the same in quality.
'B' if Assistant B's answer is better.
Do not think or reason. Just choose which answer you prefer: A or B or T.
Outp...<truncated 2978 chars>
2025-11-21 18:24:49 | DEBUG    | main:550 | JR prompt length: 887
2025-11-21 18:24:49 | DEBUG    | main:571 | JR: Generated 2 steps
2025-11-21 18:24:49 | DEBUG    | main:577 | JR: generated text='A''
2025-11-21 18:24:49 | DEBUG    | main:583 | JR step 0: token_id=236776, text='A'
2025-11-21 18:24:49 | DEBUG    | main:586 | JR: Found A/B/T at step 0
2025-11-21 18:24:49 | DEBUG    | main:593 | JR step 0: extracting probs from logits
2025-11-21 18:24:49 | DEBUG    | logits_to_prob_map:248 | logits_to_prob_map: input shape=torch.Size([262208]), dtype=torch.float32
2025-11-21 18:24:49 | DEBUG    | logits_to_prob_map:261 | Top-k extraction: k=50, top logprobs range=[-21.1250, -0.0000]
2025-11-21 18:24:49 | DEBUG    | logits_to_prob_map:271 | topk[0]: token_id=236776, text='A', logprob=-0.0000, prob=0.999969
2025-11-21 18:24:49 | DEBUG    | logits_to_prob_map:271 | topk[1]: token_id=236799, text='B', logprob=-10.5000, prob=0.000028
2025-11-21 18:24:49 | DEBUG    | logits_to_prob_map:271 | topk[2]: token_id=236789, text=''', logprob=-12.7500, prob=0.000003
2025-11-21 18:24:49 | DEBUG    | logits_to_prob_map:271 | topk[3]: token_id=2205, text='As', logprob=-15.3750, prob=0.000000
2025-11-21 18:24:49 | DEBUG    | logits_to_prob_map:271 | topk[4]: token_id=74314, text='Assistant', logprob=-16.0000, prob=0.000000
2025-11-21 18:24:49 | DEBUG    | logits_to_prob_map:271 | topk[5]: token_id=236775, text='"', logprob=-16.2500, prob=0.000000
2025-11-21 18:24:49 | DEBUG    | logits_to_prob_map:271 | topk[6]: token_id=1018, text='**', logprob=-16.2500, prob=0.000000
2025-11-21 18:24:49 | DEBUG    | logits_to_prob_map:271 | topk[7]: token_id=236929, text='`', logprob=-16.5000, prob=0.000000
2025-11-21 18:24:49 | DEBUG    | logits_to_prob_map:271 | topk[8]: token_id=236795, text='$', logprob=-16.7500, prob=0.000000
2025-11-21 18:24:49 | DEBUG    | logits_to_prob_map:271 | topk[9]: token_id=236746, text='a', logprob=-16.7500, prob=0.000000
2025-11-21 18:24:49 | DEBUG    | only_abt_probs:289 | only_abt_probs result: {'A': 0.99996864893943, 'B': 2.7535582756834786e-05, 'T': 0.0}
2025-11-21 18:24:49 | DEBUG    | main:520 | RJ prompt (truncated): <bos><start_of_turn>user
You are an impartial and unbiased judge.

You will be given answers from two assistants (Assistant A and Assistant B) to a user prompt. Please act as an impartial judge and evaluate the quality of their answers. You must output only one of the following choices:
'A' if Assistant A's answer is better.
'T' if both answers are relatively the same in quality.
'B' if Assistant B's answer is better.
Do not think or reason. Just choose which answer you prefer: A or B or T.
Outp...<truncated 2978 chars>
2025-11-21 18:24:49 | DEBUG    | main:550 | RJ prompt length: 887
2025-11-21 18:24:50 | DEBUG    | main:571 | RJ: Generated 2 steps
2025-11-21 18:24:50 | DEBUG    | main:577 | RJ: generated text='B''
2025-11-21 18:24:50 | DEBUG    | main:583 | RJ step 0: token_id=236799, text='B'
2025-11-21 18:24:50 | DEBUG    | main:586 | RJ: Found A/B/T at step 0
2025-11-21 18:24:50 | DEBUG    | main:593 | RJ step 0: extracting probs from logits
2025-11-21 18:24:50 | DEBUG    | logits_to_prob_map:248 | logits_to_prob_map: input shape=torch.Size([262208]), dtype=torch.float32
2025-11-21 18:24:50 | DEBUG    | logits_to_prob_map:261 | Top-k extraction: k=50, top logprobs range=[-21.2502, -0.0002]
2025-11-21 18:24:50 | DEBUG    | logits_to_prob_map:271 | topk[0]: token_id=236799, text='B', logprob=-0.0002, prob=0.999839
2025-11-21 18:24:50 | DEBUG    | logits_to_prob_map:271 | topk[1]: token_id=236776, text='A', logprob=-8.7502, prob=0.000158
2025-11-21 18:24:50 | DEBUG    | logits_to_prob_map:271 | topk[2]: token_id=236789, text=''', logprob=-13.5002, prob=0.000001
2025-11-21 18:24:50 | DEBUG    | logits_to_prob_map:271 | topk[3]: token_id=35343, text='Bs', logprob=-15.0002, prob=0.000000
2025-11-21 18:24:50 | DEBUG    | logits_to_prob_map:271 | topk[4]: token_id=74314, text='Assistant', logprob=-15.3752, prob=0.000000
2025-11-21 18:24:50 | DEBUG    | logits_to_prob_map:271 | topk[5]: token_id=236763, text='b', logprob=-15.5002, prob=0.000000
2025-11-21 18:24:50 | DEBUG    | logits_to_prob_map:271 | topk[6]: token_id=1018, text='**', logprob=-15.8752, prob=0.000000
2025-11-21 18:24:50 | DEBUG    | logits_to_prob_map:271 | topk[7]: token_id=14433, text='answer', logprob=-16.0002, prob=0.000000
2025-11-21 18:24:50 | DEBUG    | logits_to_prob_map:271 | topk[8]: token_id=1071, text='to', logprob=-16.3752, prob=0.000000
2025-11-21 18:24:50 | DEBUG    | logits_to_prob_map:271 | topk[9]: token_id=7925, text='Answer', logprob=-16.7502, prob=0.000000
2025-11-21 18:24:50 | DEBUG    | only_abt_probs:289 | only_abt_probs result: {'A': 0.00015843578780993435, 'B': 0.9998389741816224, 'T': 8.590790115837534e-10}
2025-11-21 18:24:50 | DEBUG    | main:654 | Row 22 complete: JR={'A': 0.99996864893943, 'B': 2.7535582756834786e-05, 'T': 0.0}, RJ={'A': 0.00015843578780993435, 'B': 0.9998389741816224, 'T': 8.590790115837534e-10}, combined_norm={'A': 0.9999070135874044, 'B': 9.29859830546903e-05, 'T': 4.295408813212295e-10}
2025-11-21 18:24:50 | DEBUG    | main:503 | ========== Row 23 ==========
2025-11-21 18:24:50 | DEBUG    | main:504 | Built msgs_jr with 2 messages
2025-11-21 18:24:50 | DEBUG    | main:506 | msgs_jr[0] role=system content=You are an impartial and unbiased judge.
2025-11-21 18:24:50 | DEBUG    | main:506 | msgs_jr[1] role=user content=You will be given answers from two assistants (Assistant A and Assistant B) to a user prompt. Please act as an impartial judge and evaluate the quality of their answers. You must output only one of the following choices:
'A' if Assistant A's answer is better.
'T' if both answers are relatively the s...<truncated 24287 chars>
2025-11-21 18:24:50 | DEBUG    | main:520 | JR prompt (truncated): <bos><start_of_turn>user
You are an impartial and unbiased judge.

You will be given answers from two assistants (Assistant A and Assistant B) to a user prompt. Please act as an impartial judge and evaluate the quality of their answers. You must output only one of the following choices:
'A' if Assistant A's answer is better.
'T' if both answers are relatively the same in quality.
'B' if Assistant B's answer is better.
Do not think or reason. Just choose which answer you prefer: A or B or T.
Outp...<truncated 24502 chars>
2025-11-21 18:24:50 | DEBUG    | main:550 | JR prompt length: 9914
2025-11-21 18:24:56 | DEBUG    | main:571 | JR: Generated 2 steps
2025-11-21 18:24:56 | DEBUG    | main:577 | JR: generated text='A''
2025-11-21 18:24:56 | DEBUG    | main:583 | JR step 0: token_id=236776, text='A'
2025-11-21 18:24:56 | DEBUG    | main:586 | JR: Found A/B/T at step 0
2025-11-21 18:24:56 | DEBUG    | main:593 | JR step 0: extracting probs from logits
2025-11-21 18:24:56 | DEBUG    | logits_to_prob_map:248 | logits_to_prob_map: input shape=torch.Size([262208]), dtype=torch.float32
2025-11-21 18:24:56 | DEBUG    | logits_to_prob_map:261 | Top-k extraction: k=50, top logprobs range=[-17.1253, -0.0003]
2025-11-21 18:24:56 | DEBUG    | logits_to_prob_map:271 | topk[0]: token_id=236776, text='A', logprob=-0.0003, prob=0.999725
2025-11-21 18:24:56 | DEBUG    | logits_to_prob_map:271 | topk[1]: token_id=236789, text=''', logprob=-8.8753, prob=0.000140
2025-11-21 18:24:56 | DEBUG    | logits_to_prob_map:271 | topk[2]: token_id=236799, text='B', logprob=-9.5003, prob=0.000075
2025-11-21 18:24:56 | DEBUG    | logits_to_prob_map:271 | topk[3]: token_id=1018, text='**', logprob=-10.7503, prob=0.000021
2025-11-21 18:24:56 | DEBUG    | logits_to_prob_map:271 | topk[4]: token_id=1071, text='to', logprob=-11.6253, prob=0.000009
2025-11-21 18:24:56 | DEBUG    | logits_to_prob_map:271 | topk[5]: token_id=236775, text='"', logprob=-12.2503, prob=0.000005
2025-11-21 18:24:56 | DEBUG    | logits_to_prob_map:271 | topk[6]: token_id=14433, text='answer', logprob=-12.5003, prob=0.000004
2025-11-21 18:24:56 | DEBUG    | logits_to_prob_map:271 | topk[7]: token_id=74314, text='Assistant', logprob=-12.6253, prob=0.000003
2025-11-21 18:24:56 | DEBUG    | logits_to_prob_map:271 | topk[8]: token_id=7925, text='Answer', logprob=-12.7503, prob=0.000003
2025-11-21 18:24:56 | DEBUG    | logits_to_prob_map:271 | topk[9]: token_id=6275, text='response', logprob=-13.0003, prob=0.000002
2025-11-21 18:24:56 | DEBUG    | only_abt_probs:289 | only_abt_probs result: {'A': 0.999724821483066, 'B': 7.483120267701802e-05, 'T': 1.12504270254659e-07}
2025-11-21 18:24:56 | DEBUG    | main:520 | RJ prompt (truncated): <bos><start_of_turn>user
You are an impartial and unbiased judge.

You will be given answers from two assistants (Assistant A and Assistant B) to a user prompt. Please act as an impartial judge and evaluate the quality of their answers. You must output only one of the following choices:
'A' if Assistant A's answer is better.
'T' if both answers are relatively the same in quality.
'B' if Assistant B's answer is better.
Do not think or reason. Just choose which answer you prefer: A or B or T.
Outp...<truncated 24502 chars>
2025-11-21 18:24:56 | DEBUG    | main:550 | RJ prompt length: 9914
2025-11-21 18:25:03 | DEBUG    | main:571 | RJ: Generated 2 steps
2025-11-21 18:25:03 | DEBUG    | main:577 | RJ: generated text='B''
2025-11-21 18:25:03 | DEBUG    | main:583 | RJ step 0: token_id=236799, text='B'
2025-11-21 18:25:03 | DEBUG    | main:586 | RJ: Found A/B/T at step 0
2025-11-21 18:25:03 | DEBUG    | main:593 | RJ step 0: extracting probs from logits
2025-11-21 18:25:03 | DEBUG    | logits_to_prob_map:248 | logits_to_prob_map: input shape=torch.Size([262208]), dtype=torch.float32
2025-11-21 18:25:03 | DEBUG    | logits_to_prob_map:261 | Top-k extraction: k=50, top logprobs range=[-16.0016, -0.0016]
2025-11-21 18:25:03 | DEBUG    | logits_to_prob_map:271 | topk[0]: token_id=236799, text='B', logprob=-0.0016, prob=0.998365
2025-11-21 18:25:03 | DEBUG    | logits_to_prob_map:271 | topk[1]: token_id=236776, text='A', logprob=-6.6266, prob=0.001325
2025-11-21 18:25:03 | DEBUG    | logits_to_prob_map:271 | topk[2]: token_id=236789, text=''', logprob=-8.7516, prob=0.000158
2025-11-21 18:25:03 | DEBUG    | logits_to_prob_map:271 | topk[3]: token_id=14433, text='answer', logprob=-9.6266, prob=0.000066
2025-11-21 18:25:03 | DEBUG    | logits_to_prob_map:271 | topk[4]: token_id=1071, text='to', logprob=-10.7516, prob=0.000021
2025-11-21 18:25:03 | DEBUG    | logits_to_prob_map:271 | topk[5]: token_id=1018, text='**', logprob=-11.2516, prob=0.000013
2025-11-21 18:25:03 | DEBUG    | logits_to_prob_map:271 | topk[6]: token_id=7925, text='Answer', logprob=-11.7516, prob=0.000008
2025-11-21 18:25:03 | DEBUG    | logits_to_prob_map:271 | topk[7]: token_id=6275, text='response', logprob=-12.0016, prob=0.000006
2025-11-21 18:25:03 | DEBUG    | logits_to_prob_map:271 | topk[8]: token_id=236763, text='b', logprob=-12.3766, prob=0.000004
2025-11-21 18:25:03 | DEBUG    | logits_to_prob_map:271 | topk[9]: token_id=74314, text='Assistant', logprob=-12.6266, prob=0.000003
2025-11-21 18:25:03 | DEBUG    | only_abt_probs:289 | only_abt_probs result: {'A': 0.0013246115553622229, 'B': 0.9983653369365117, 'T': 0.0}
2025-11-21 18:25:03 | DEBUG    | main:654 | Row 23 complete: JR={'A': 0.999724821483066, 'B': 7.483120267701802e-05, 'T': 1.12504270254659e-07}, RJ={'A': 0.0013246115553622229, 'B': 0.9983653369365117, 'T': 0.0}, combined_norm={'A': 0.999300043779804, 'B': 0.000699899953704832, 'T': 5.6266491137627366e-08}
2025-11-21 18:25:03 | DEBUG    | main:503 | ========== Row 24 ==========
2025-11-21 18:25:03 | DEBUG    | main:504 | Built msgs_jr with 2 messages
2025-11-21 18:25:03 | DEBUG    | main:506 | msgs_jr[0] role=system content=You are an impartial and unbiased judge.
2025-11-21 18:25:03 | DEBUG    | main:506 | msgs_jr[1] role=user content=You will be given answers from two assistants (Assistant A and Assistant B) to a user prompt. Please act as an impartial judge and evaluate the quality of their answers. You must output only one of the following choices:
'A' if Assistant A's answer is better.
'T' if both answers are relatively the s...<truncated 12890 chars>
2025-11-21 18:25:03 | DEBUG    | main:520 | JR prompt (truncated): <bos><start_of_turn>user
You are an impartial and unbiased judge.

You will be given answers from two assistants (Assistant A and Assistant B) to a user prompt. Please act as an impartial judge and evaluate the quality of their answers. You must output only one of the following choices:
'A' if Assistant A's answer is better.
'T' if both answers are relatively the same in quality.
'B' if Assistant B's answer is better.
Do not think or reason. Just choose which answer you prefer: A or B or T.
Outp...<truncated 13105 chars>
2025-11-21 18:25:03 | DEBUG    | main:550 | JR prompt length: 4571
2025-11-21 18:25:06 | DEBUG    | main:571 | JR: Generated 2 steps
2025-11-21 18:25:06 | DEBUG    | main:577 | JR: generated text='A''
2025-11-21 18:25:06 | DEBUG    | main:583 | JR step 0: token_id=236776, text='A'
2025-11-21 18:25:06 | DEBUG    | main:586 | JR: Found A/B/T at step 0
2025-11-21 18:25:06 | DEBUG    | main:593 | JR step 0: extracting probs from logits
2025-11-21 18:25:06 | DEBUG    | logits_to_prob_map:248 | logits_to_prob_map: input shape=torch.Size([262208]), dtype=torch.float32
2025-11-21 18:25:06 | DEBUG    | logits_to_prob_map:261 | Top-k extraction: k=50, top logprobs range=[-21.7619, -0.3869]
2025-11-21 18:25:06 | DEBUG    | logits_to_prob_map:271 | topk[0]: token_id=236776, text='A', logprob=-0.3869, prob=0.679160
2025-11-21 18:25:06 | DEBUG    | logits_to_prob_map:271 | topk[1]: token_id=236799, text='B', logprob=-1.1369, prob=0.320812
2025-11-21 18:25:06 | DEBUG    | logits_to_prob_map:271 | topk[2]: token_id=236789, text=''', logprob=-10.8869, prob=0.000019
2025-11-21 18:25:06 | DEBUG    | logits_to_prob_map:271 | topk[3]: token_id=1018, text='**', logprob=-11.6369, prob=0.000009
2025-11-21 18:25:06 | DEBUG    | logits_to_prob_map:271 | topk[4]: token_id=236775, text='"', logprob=-14.7619, prob=0.000000
2025-11-21 18:25:06 | DEBUG    | logits_to_prob_map:271 | topk[5]: token_id=236929, text='`', logprob=-15.6369, prob=0.000000
2025-11-21 18:25:06 | DEBUG    | logits_to_prob_map:271 | topk[6]: token_id=236763, text='b', logprob=-17.0119, prob=0.000000
2025-11-21 18:25:06 | DEBUG    | logits_to_prob_map:271 | topk[7]: token_id=14433, text='answer', logprob=-17.5119, prob=0.000000
2025-11-21 18:25:06 | DEBUG    | logits_to_prob_map:271 | topk[8]: token_id=236829, text='*', logprob=-17.5119, prob=0.000000
2025-11-21 18:25:06 | DEBUG    | logits_to_prob_map:271 | topk[9]: token_id=1071, text='to', logprob=-17.6369, prob=0.000000
2025-11-21 18:25:06 | DEBUG    | only_abt_probs:289 | only_abt_probs result: {'A': 0.6791595081984334, 'B': 0.3208122452099267, 'T': 6.612428483791771e-10}
2025-11-21 18:25:06 | DEBUG    | main:520 | RJ prompt (truncated): <bos><start_of_turn>user
You are an impartial and unbiased judge.

You will be given answers from two assistants (Assistant A and Assistant B) to a user prompt. Please act as an impartial judge and evaluate the quality of their answers. You must output only one of the following choices:
'A' if Assistant A's answer is better.
'T' if both answers are relatively the same in quality.
'B' if Assistant B's answer is better.
Do not think or reason. Just choose which answer you prefer: A or B or T.
Outp...<truncated 13105 chars>
2025-11-21 18:25:06 | DEBUG    | main:550 | RJ prompt length: 4571
2025-11-21 18:25:08 | DEBUG    | main:571 | RJ: Generated 2 steps
2025-11-21 18:25:08 | DEBUG    | main:577 | RJ: generated text='A''
2025-11-21 18:25:08 | DEBUG    | main:583 | RJ step 0: token_id=236776, text='A'
2025-11-21 18:25:08 | DEBUG    | main:586 | RJ: Found A/B/T at step 0
2025-11-21 18:25:08 | DEBUG    | main:593 | RJ step 0: extracting probs from logits
2025-11-21 18:25:08 | DEBUG    | logits_to_prob_map:248 | logits_to_prob_map: input shape=torch.Size([262208]), dtype=torch.float32
2025-11-21 18:25:08 | DEBUG    | logits_to_prob_map:261 | Top-k extraction: k=50, top logprobs range=[-20.3751, -0.0001]
2025-11-21 18:25:08 | DEBUG    | logits_to_prob_map:271 | topk[0]: token_id=236776, text='A', logprob=-0.0001, prob=0.999864
2025-11-21 18:25:08 | DEBUG    | logits_to_prob_map:271 | topk[1]: token_id=236799, text='B', logprob=-9.1251, prob=0.000109
2025-11-21 18:25:08 | DEBUG    | logits_to_prob_map:271 | topk[2]: token_id=236789, text=''', logprob=-10.7501, prob=0.000021
2025-11-21 18:25:08 | DEBUG    | logits_to_prob_map:271 | topk[3]: token_id=1018, text='**', logprob=-12.6251, prob=0.000003
2025-11-21 18:25:08 | DEBUG    | logits_to_prob_map:271 | topk[4]: token_id=236775, text='"', logprob=-13.7501, prob=0.000001
2025-11-21 18:25:08 | DEBUG    | logits_to_prob_map:271 | topk[5]: token_id=236929, text='`', logprob=-14.8751, prob=0.000000
2025-11-21 18:25:08 | DEBUG    | logits_to_prob_map:271 | topk[6]: token_id=7925, text='Answer', logprob=-16.1251, prob=0.000000
2025-11-21 18:25:08 | DEBUG    | logits_to_prob_map:271 | topk[7]: token_id=14433, text='answer', logprob=-16.2501, prob=0.000000
2025-11-21 18:25:08 | DEBUG    | logits_to_prob_map:271 | topk[8]: token_id=236746, text='a', logprob=-16.2501, prob=0.000000
2025-11-21 18:25:08 | DEBUG    | logits_to_prob_map:271 | topk[9]: token_id=6275, text='response', logprob=-16.7501, prob=0.000000
2025-11-21 18:25:08 | DEBUG    | only_abt_probs:289 | only_abt_probs result: {'A': 0.9998642390469163, 'B': 0.00010889402223713994, 'T': 8.150916828281884e-09}
2025-11-21 18:25:08 | DEBUG    | main:654 | Row 24 complete: JR={'A': 0.6791595081984334, 'B': 0.3208122452099267, 'T': 6.612428483791771e-10}, RJ={'A': 0.9998642390469163, 'B': 0.00010889402223713994, 'T': 8.150916828281884e-09}, combined_norm={'A': 0.3396435590903043, 'B': 0.6603564365034945, 'T': 4.406201239552004e-09}
2025-11-21 18:25:08 | DEBUG    | main:503 | ========== Row 25 ==========
2025-11-21 18:25:08 | DEBUG    | main:504 | Built msgs_jr with 2 messages
2025-11-21 18:25:08 | DEBUG    | main:506 | msgs_jr[0] role=system content=You are an impartial and unbiased judge.
2025-11-21 18:25:08 | DEBUG    | main:506 | msgs_jr[1] role=user content=You will be given answers from two assistants (Assistant A and Assistant B) to a user prompt. Please act as an impartial judge and evaluate the quality of their answers. You must output only one of the following choices:
'A' if Assistant A's answer is better.
'T' if both answers are relatively the s...<truncated 4976 chars>
2025-11-21 18:25:08 | DEBUG    | main:520 | JR prompt (truncated): <bos><start_of_turn>user
You are an impartial and unbiased judge.

You will be given answers from two assistants (Assistant A and Assistant B) to a user prompt. Please act as an impartial judge and evaluate the quality of their answers. You must output only one of the following choices:
'A' if Assistant A's answer is better.
'T' if both answers are relatively the same in quality.
'B' if Assistant B's answer is better.
Do not think or reason. Just choose which answer you prefer: A or B or T.
Outp...<truncated 5191 chars>
2025-11-21 18:25:08 | DEBUG    | main:550 | JR prompt length: 1785
2025-11-21 18:25:09 | DEBUG    | main:571 | JR: Generated 2 steps
2025-11-21 18:25:09 | DEBUG    | main:577 | JR: generated text='A''
2025-11-21 18:25:09 | DEBUG    | main:583 | JR step 0: token_id=236776, text='A'
2025-11-21 18:25:09 | DEBUG    | main:586 | JR: Found A/B/T at step 0
2025-11-21 18:25:09 | DEBUG    | main:593 | JR step 0: extracting probs from logits
2025-11-21 18:25:09 | DEBUG    | logits_to_prob_map:248 | logits_to_prob_map: input shape=torch.Size([262208]), dtype=torch.float32
2025-11-21 18:25:09 | DEBUG    | logits_to_prob_map:261 | Top-k extraction: k=50, top logprobs range=[-22.5000, -0.0000]
2025-11-21 18:25:09 | DEBUG    | logits_to_prob_map:271 | topk[0]: token_id=236776, text='A', logprob=-0.0000, prob=0.999988
2025-11-21 18:25:09 | DEBUG    | logits_to_prob_map:271 | topk[1]: token_id=236799, text='B', logprob=-11.6250, prob=0.000009
2025-11-21 18:25:09 | DEBUG    | logits_to_prob_map:271 | topk[2]: token_id=236789, text=''', logprob=-12.8750, prob=0.000003
2025-11-21 18:25:09 | DEBUG    | logits_to_prob_map:271 | topk[3]: token_id=1018, text='**', logprob=-14.8750, prob=0.000000
2025-11-21 18:25:09 | DEBUG    | logits_to_prob_map:271 | topk[4]: token_id=236775, text='"', logprob=-16.0000, prob=0.000000
2025-11-21 18:25:09 | DEBUG    | logits_to_prob_map:271 | topk[5]: token_id=236929, text='`', logprob=-17.1250, prob=0.000000
2025-11-21 18:25:09 | DEBUG    | logits_to_prob_map:271 | topk[6]: token_id=2205, text='As', logprob=-17.5000, prob=0.000000
2025-11-21 18:25:09 | DEBUG    | logits_to_prob_map:271 | topk[7]: token_id=7925, text='Answer', logprob=-17.6250, prob=0.000000
2025-11-21 18:25:09 | DEBUG    | logits_to_prob_map:271 | topk[8]: token_id=6275, text='response', logprob=-18.0000, prob=0.000000
2025-11-21 18:25:09 | DEBUG    | logits_to_prob_map:271 | topk[9]: token_id=236746, text='a', logprob=-18.5000, prob=0.000000
2025-11-21 18:25:09 | DEBUG    | only_abt_probs:289 | only_abt_probs result: {'A': 0.9999878408000585, 'B': 8.939665391115953e-06, 'T': 1.917149573597061e-10}
2025-11-21 18:25:09 | DEBUG    | main:520 | RJ prompt (truncated): <bos><start_of_turn>user
You are an impartial and unbiased judge.

You will be given answers from two assistants (Assistant A and Assistant B) to a user prompt. Please act as an impartial judge and evaluate the quality of their answers. You must output only one of the following choices:
'A' if Assistant A's answer is better.
'T' if both answers are relatively the same in quality.
'B' if Assistant B's answer is better.
Do not think or reason. Just choose which answer you prefer: A or B or T.
Outp...<truncated 5191 chars>
2025-11-21 18:25:09 | DEBUG    | main:550 | RJ prompt length: 1785
2025-11-21 18:25:10 | DEBUG    | main:571 | RJ: Generated 2 steps
2025-11-21 18:25:10 | DEBUG    | main:577 | RJ: generated text='B''
2025-11-21 18:25:10 | DEBUG    | main:583 | RJ step 0: token_id=236799, text='B'
2025-11-21 18:25:10 | DEBUG    | main:586 | RJ: Found A/B/T at step 0
2025-11-21 18:25:10 | DEBUG    | main:593 | RJ step 0: extracting probs from logits
2025-11-21 18:25:10 | DEBUG    | logits_to_prob_map:248 | logits_to_prob_map: input shape=torch.Size([262208]), dtype=torch.float32
2025-11-21 18:25:10 | DEBUG    | logits_to_prob_map:261 | Top-k extraction: k=50, top logprobs range=[-23.8750, -0.0000]
2025-11-21 18:25:10 | DEBUG    | logits_to_prob_map:271 | topk[0]: token_id=236799, text='B', logprob=-0.0000, prob=0.999994
2025-11-21 18:25:10 | DEBUG    | logits_to_prob_map:271 | topk[1]: token_id=236776, text='A', logprob=-12.2500, prob=0.000005
2025-11-21 18:25:10 | DEBUG    | logits_to_prob_map:271 | topk[2]: token_id=236789, text=''', logprob=-13.8750, prob=0.000001
2025-11-21 18:25:10 | DEBUG    | logits_to_prob_map:271 | topk[3]: token_id=35343, text='Bs', logprob=-16.3750, prob=0.000000
2025-11-21 18:25:10 | DEBUG    | logits_to_prob_map:271 | topk[4]: token_id=1018, text='**', logprob=-16.8750, prob=0.000000
2025-11-21 18:25:10 | DEBUG    | logits_to_prob_map:271 | topk[5]: token_id=236763, text='b', logprob=-17.3750, prob=0.000000
2025-11-21 18:25:10 | DEBUG    | logits_to_prob_map:271 | topk[6]: token_id=74314, text='Assistant', logprob=-17.8750, prob=0.000000
2025-11-21 18:25:10 | DEBUG    | logits_to_prob_map:271 | topk[7]: token_id=14433, text='answer', logprob=-18.2500, prob=0.000000
2025-11-21 18:25:10 | DEBUG    | logits_to_prob_map:271 | topk[8]: token_id=236775, text='"', logprob=-18.6250, prob=0.000000
2025-11-21 18:25:10 | DEBUG    | logits_to_prob_map:271 | topk[9]: token_id=1071, text='to', logprob=-18.6250, prob=0.000000
2025-11-21 18:25:10 | DEBUG    | only_abt_probs:289 | only_abt_probs result: {'A': 4.785090011545999e-06, 'B': 0.9999940395710211, 'T': 1.3176438873691744e-10}
2025-11-21 18:25:10 | DEBUG    | main:654 | Row 25 complete: JR={'A': 0.9999878408000585, 'B': 8.939665391115953e-06, 'T': 1.917149573597061e-10}, RJ={'A': 4.785090011545999e-06, 'B': 0.9999940395710211, 'T': 1.3176438873691744e-10}, combined_norm={'A': 0.9999931374454801, 'B': 6.862392779895204e-06, 'T': 1.6174002843563585e-10}
2025-11-21 18:25:10 | DEBUG    | main:503 | ========== Row 26 ==========
2025-11-21 18:25:10 | DEBUG    | main:504 | Built msgs_jr with 2 messages
2025-11-21 18:25:10 | DEBUG    | main:506 | msgs_jr[0] role=system content=You are an impartial and unbiased judge.
2025-11-21 18:25:10 | DEBUG    | main:506 | msgs_jr[1] role=user content=You will be given answers from two assistants (Assistant A and Assistant B) to a user prompt. Please act as an impartial judge and evaluate the quality of their answers. You must output only one of the following choices:
'A' if Assistant A's answer is better.
'T' if both answers are relatively the s...<truncated 6283 chars>
2025-11-21 18:25:10 | DEBUG    | main:520 | JR prompt (truncated): <bos><start_of_turn>user
You are an impartial and unbiased judge.

You will be given answers from two assistants (Assistant A and Assistant B) to a user prompt. Please act as an impartial judge and evaluate the quality of their answers. You must output only one of the following choices:
'A' if Assistant A's answer is better.
'T' if both answers are relatively the same in quality.
'B' if Assistant B's answer is better.
Do not think or reason. Just choose which answer you prefer: A or B or T.
Outp...<truncated 6498 chars>
2025-11-21 18:25:10 | DEBUG    | main:550 | JR prompt length: 2040
2025-11-21 18:25:11 | DEBUG    | main:571 | JR: Generated 2 steps
2025-11-21 18:25:11 | DEBUG    | main:577 | JR: generated text='A''
2025-11-21 18:25:11 | DEBUG    | main:583 | JR step 0: token_id=236776, text='A'
2025-11-21 18:25:11 | DEBUG    | main:586 | JR: Found A/B/T at step 0
2025-11-21 18:25:11 | DEBUG    | main:593 | JR step 0: extracting probs from logits
2025-11-21 18:25:11 | DEBUG    | logits_to_prob_map:248 | logits_to_prob_map: input shape=torch.Size([262208]), dtype=torch.float32
2025-11-21 18:25:11 | DEBUG    | logits_to_prob_map:261 | Top-k extraction: k=50, top logprobs range=[-20.8782, -0.0032]
2025-11-21 18:25:11 | DEBUG    | logits_to_prob_map:271 | topk[0]: token_id=236776, text='A', logprob=-0.0032, prob=0.996816
2025-11-21 18:25:11 | DEBUG    | logits_to_prob_map:271 | topk[1]: token_id=236799, text='B', logprob=-5.7532, prob=0.003173
2025-11-21 18:25:11 | DEBUG    | logits_to_prob_map:271 | topk[2]: token_id=236789, text=''', logprob=-11.7532, prob=0.000008
2025-11-21 18:25:11 | DEBUG    | logits_to_prob_map:271 | topk[3]: token_id=1018, text='**', logprob=-12.8782, prob=0.000003
2025-11-21 18:25:11 | DEBUG    | logits_to_prob_map:271 | topk[4]: token_id=236775, text='"', logprob=-15.2532, prob=0.000000
2025-11-21 18:25:11 | DEBUG    | logits_to_prob_map:271 | topk[5]: token_id=236929, text='`', logprob=-15.3782, prob=0.000000
2025-11-21 18:25:11 | DEBUG    | logits_to_prob_map:271 | topk[6]: token_id=7925, text='Answer', logprob=-16.5032, prob=0.000000
2025-11-21 18:25:11 | DEBUG    | logits_to_prob_map:271 | topk[7]: token_id=14433, text='answer', logprob=-16.6282, prob=0.000000
2025-11-21 18:25:11 | DEBUG    | logits_to_prob_map:271 | topk[8]: token_id=1071, text='to', logprob=-16.6282, prob=0.000000
2025-11-21 18:25:11 | DEBUG    | logits_to_prob_map:271 | topk[9]: token_id=6275, text='response', logprob=-17.2532, prob=0.000000
2025-11-21 18:25:11 | DEBUG    | only_abt_probs:289 | only_abt_probs result: {'A': 0.996816076142334, 'B': 0.0031726467996084345, 'T': 6.328585490904215e-09}
2025-11-21 18:25:11 | DEBUG    | main:520 | RJ prompt (truncated): <bos><start_of_turn>user
You are an impartial and unbiased judge.

You will be given answers from two assistants (Assistant A and Assistant B) to a user prompt. Please act as an impartial judge and evaluate the quality of their answers. You must output only one of the following choices:
'A' if Assistant A's answer is better.
'T' if both answers are relatively the same in quality.
'B' if Assistant B's answer is better.
Do not think or reason. Just choose which answer you prefer: A or B or T.
Outp...<truncated 6498 chars>
2025-11-21 18:25:11 | DEBUG    | main:550 | RJ prompt length: 2040
2025-11-21 18:25:12 | DEBUG    | main:571 | RJ: Generated 2 steps
2025-11-21 18:25:12 | DEBUG    | main:577 | RJ: generated text='B''
2025-11-21 18:25:12 | DEBUG    | main:583 | RJ step 0: token_id=236799, text='B'
2025-11-21 18:25:12 | DEBUG    | main:586 | RJ: Found A/B/T at step 0
2025-11-21 18:25:12 | DEBUG    | main:593 | RJ step 0: extracting probs from logits
2025-11-21 18:25:12 | DEBUG    | logits_to_prob_map:248 | logits_to_prob_map: input shape=torch.Size([262208]), dtype=torch.float32
2025-11-21 18:25:12 | DEBUG    | logits_to_prob_map:261 | Top-k extraction: k=50, top logprobs range=[-24.5009, -0.0009]
2025-11-21 18:25:12 | DEBUG    | logits_to_prob_map:271 | topk[0]: token_id=236799, text='B', logprob=-0.0009, prob=0.999088
2025-11-21 18:25:12 | DEBUG    | logits_to_prob_map:271 | topk[1]: token_id=236776, text='A', logprob=-7.0009, prob=0.000911
2025-11-21 18:25:12 | DEBUG    | logits_to_prob_map:271 | topk[2]: token_id=1018, text='**', logprob=-14.1259, prob=0.000001
2025-11-21 18:25:12 | DEBUG    | logits_to_prob_map:271 | topk[3]: token_id=236789, text=''', logprob=-14.6259, prob=0.000000
2025-11-21 18:25:12 | DEBUG    | logits_to_prob_map:271 | topk[4]: token_id=236763, text='b', logprob=-18.2509, prob=0.000000
2025-11-21 18:25:12 | DEBUG    | logits_to_prob_map:271 | topk[5]: token_id=14433, text='answer', logprob=-18.3759, prob=0.000000
2025-11-21 18:25:12 | DEBUG    | logits_to_prob_map:271 | topk[6]: token_id=236929, text='`', logprob=-18.7509, prob=0.000000
2025-11-21 18:25:12 | DEBUG    | logits_to_prob_map:271 | topk[7]: token_id=35343, text='Bs', logprob=-19.6259, prob=0.000000
2025-11-21 18:25:12 | DEBUG    | logits_to_prob_map:271 | topk[8]: token_id=236775, text='"', logprob=-19.6259, prob=0.000000
2025-11-21 18:25:12 | DEBUG    | logits_to_prob_map:271 | topk[9]: token_id=7925, text='Answer', logprob=-19.7509, prob=0.000000
2025-11-21 18:25:12 | DEBUG    | only_abt_probs:289 | only_abt_probs result: {'A': 0.0009110501012610135, 'B': 0.999087689900618, 'T': 0.0}
2025-11-21 18:25:12 | DEBUG    | main:654 | Row 26 complete: JR={'A': 0.996816076142334, 'B': 0.0031726467996084345, 'T': 6.328585490904215e-09}, RJ={'A': 0.0009110501012610135, 'B': 0.999087689900618, 'T': 0.0}, combined_norm={'A': 0.9979581355922492, 'B': 0.0020418612434382364, 'T': 3.1643125710215307e-09}
2025-11-21 18:25:12 | DEBUG    | main:503 | ========== Row 27 ==========
2025-11-21 18:25:12 | DEBUG    | main:504 | Built msgs_jr with 2 messages
2025-11-21 18:25:12 | DEBUG    | main:506 | msgs_jr[0] role=system content=You are an impartial and unbiased judge.
2025-11-21 18:25:12 | DEBUG    | main:506 | msgs_jr[1] role=user content=You will be given answers from two assistants (Assistant A and Assistant B) to a user prompt. Please act as an impartial judge and evaluate the quality of their answers. You must output only one of the following choices:
'A' if Assistant A's answer is better.
'T' if both answers are relatively the s...<truncated 2974 chars>
2025-11-21 18:25:12 | DEBUG    | main:520 | JR prompt (truncated): <bos><start_of_turn>user
You are an impartial and unbiased judge.

You will be given answers from two assistants (Assistant A and Assistant B) to a user prompt. Please act as an impartial judge and evaluate the quality of their answers. You must output only one of the following choices:
'A' if Assistant A's answer is better.
'T' if both answers are relatively the same in quality.
'B' if Assistant B's answer is better.
Do not think or reason. Just choose which answer you prefer: A or B or T.
Outp...<truncated 3189 chars>
2025-11-21 18:25:12 | DEBUG    | main:550 | JR prompt length: 1094
2025-11-21 18:25:12 | DEBUG    | main:571 | JR: Generated 2 steps
2025-11-21 18:25:12 | DEBUG    | main:577 | JR: generated text='A.'
2025-11-21 18:25:12 | DEBUG    | main:583 | JR step 0: token_id=236776, text='A'
2025-11-21 18:25:12 | DEBUG    | main:586 | JR: Found A/B/T at step 0
2025-11-21 18:25:12 | DEBUG    | main:593 | JR step 0: extracting probs from logits
2025-11-21 18:25:12 | DEBUG    | logits_to_prob_map:248 | logits_to_prob_map: input shape=torch.Size([262208]), dtype=torch.float32
2025-11-21 18:25:12 | DEBUG    | logits_to_prob_map:261 | Top-k extraction: k=50, top logprobs range=[-20.8791, -0.0041]
2025-11-21 18:25:12 | DEBUG    | logits_to_prob_map:271 | topk[0]: token_id=236776, text='A', logprob=-0.0041, prob=0.995922
2025-11-21 18:25:12 | DEBUG    | logits_to_prob_map:271 | topk[1]: token_id=236799, text='B', logprob=-5.5041, prob=0.004070
2025-11-21 18:25:12 | DEBUG    | logits_to_prob_map:271 | topk[2]: token_id=236789, text=''', logprob=-11.8791, prob=0.000007
2025-11-21 18:25:12 | DEBUG    | logits_to_prob_map:271 | topk[3]: token_id=1018, text='**', logprob=-14.3791, prob=0.000001
2025-11-21 18:25:12 | DEBUG    | logits_to_prob_map:271 | topk[4]: token_id=236929, text='`', logprob=-15.8791, prob=0.000000
2025-11-21 18:25:12 | DEBUG    | logits_to_prob_map:271 | topk[5]: token_id=14433, text='answer', logprob=-16.1291, prob=0.000000
2025-11-21 18:25:12 | DEBUG    | logits_to_prob_map:271 | topk[6]: token_id=1071, text='to', logprob=-16.1291, prob=0.000000
2025-11-21 18:25:12 | DEBUG    | logits_to_prob_map:271 | topk[7]: token_id=7925, text='Answer', logprob=-16.1291, prob=0.000000
2025-11-21 18:25:12 | DEBUG    | logits_to_prob_map:271 | topk[8]: token_id=236775, text='"', logprob=-16.2541, prob=0.000000
2025-11-21 18:25:12 | DEBUG    | logits_to_prob_map:271 | topk[9]: token_id=74314, text='Assistant', logprob=-16.6291, prob=0.000000
2025-11-21 18:25:12 | DEBUG    | only_abt_probs:289 | only_abt_probs result: {'A': 0.995921505364161, 'B': 0.004070103005859268, 'T': 7.164787400022425e-09}
2025-11-21 18:25:12 | DEBUG    | main:520 | RJ prompt (truncated): <bos><start_of_turn>user
You are an impartial and unbiased judge.

You will be given answers from two assistants (Assistant A and Assistant B) to a user prompt. Please act as an impartial judge and evaluate the quality of their answers. You must output only one of the following choices:
'A' if Assistant A's answer is better.
'T' if both answers are relatively the same in quality.
'B' if Assistant B's answer is better.
Do not think or reason. Just choose which answer you prefer: A or B or T.
Outp...<truncated 3189 chars>
2025-11-21 18:25:12 | DEBUG    | main:550 | RJ prompt length: 1094
2025-11-21 18:25:13 | DEBUG    | main:571 | RJ: Generated 2 steps
2025-11-21 18:25:13 | DEBUG    | main:577 | RJ: generated text='B.'
2025-11-21 18:25:13 | DEBUG    | main:583 | RJ step 0: token_id=236799, text='B'
2025-11-21 18:25:13 | DEBUG    | main:586 | RJ: Found A/B/T at step 0
2025-11-21 18:25:13 | DEBUG    | main:593 | RJ step 0: extracting probs from logits
2025-11-21 18:25:13 | DEBUG    | logits_to_prob_map:248 | logits_to_prob_map: input shape=torch.Size([262208]), dtype=torch.float32
2025-11-21 18:25:13 | DEBUG    | logits_to_prob_map:261 | Top-k extraction: k=50, top logprobs range=[-22.0012, -0.0012]
2025-11-21 18:25:13 | DEBUG    | logits_to_prob_map:271 | topk[0]: token_id=236799, text='B', logprob=-0.0012, prob=0.998828
2025-11-21 18:25:13 | DEBUG    | logits_to_prob_map:271 | topk[1]: token_id=236776, text='A', logprob=-6.7512, prob=0.001170
2025-11-21 18:25:13 | DEBUG    | logits_to_prob_map:271 | topk[2]: token_id=236789, text=''', logprob=-13.3762, prob=0.000002
2025-11-21 18:25:13 | DEBUG    | logits_to_prob_map:271 | topk[3]: token_id=1018, text='**', logprob=-15.0012, prob=0.000000
2025-11-21 18:25:13 | DEBUG    | logits_to_prob_map:271 | topk[4]: token_id=14433, text='answer', logprob=-15.7512, prob=0.000000
2025-11-21 18:25:13 | DEBUG    | logits_to_prob_map:271 | topk[5]: token_id=35343, text='Bs', logprob=-16.1262, prob=0.000000
2025-11-21 18:25:13 | DEBUG    | logits_to_prob_map:271 | topk[6]: token_id=236763, text='b', logprob=-16.5012, prob=0.000000
2025-11-21 18:25:13 | DEBUG    | logits_to_prob_map:271 | topk[7]: token_id=74314, text='Assistant', logprob=-17.0012, prob=0.000000
2025-11-21 18:25:13 | DEBUG    | logits_to_prob_map:271 | topk[8]: token_id=7925, text='Answer', logprob=-17.1262, prob=0.000000
2025-11-21 18:25:13 | DEBUG    | logits_to_prob_map:271 | topk[9]: token_id=1071, text='to', logprob=-17.3762, prob=0.000000
2025-11-21 18:25:13 | DEBUG    | only_abt_probs:289 | only_abt_probs result: {'A': 0.0011695075191700698, 'B': 0.9988281171455993, 'T': 0.0}
2025-11-21 18:25:13 | DEBUG    | main:654 | Row 27 complete: JR={'A': 0.995921505364161, 'B': 0.004070103005859268, 'T': 7.164787400022425e-09}, RJ={'A': 0.0011695075191700698, 'B': 0.9988281171455993, 'T': 0.0}, combined_norm={'A': 0.9973801770607056, 'B': 0.002619819356881381, 'T': 3.5824129730355233e-09}
2025-11-21 18:25:13 | DEBUG    | main:503 | ========== Row 28 ==========
2025-11-21 18:25:13 | DEBUG    | main:504 | Built msgs_jr with 2 messages
2025-11-21 18:25:13 | DEBUG    | main:506 | msgs_jr[0] role=system content=You are an impartial and unbiased judge.
2025-11-21 18:25:13 | DEBUG    | main:506 | msgs_jr[1] role=user content=You will be given answers from two assistants (Assistant A and Assistant B) to a user prompt. Please act as an impartial judge and evaluate the quality of their answers. You must output only one of the following choices:
'A' if Assistant A's answer is better.
'T' if both answers are relatively the s...<truncated 7629 chars>
2025-11-21 18:25:13 | DEBUG    | main:520 | JR prompt (truncated): <bos><start_of_turn>user
You are an impartial and unbiased judge.

You will be given answers from two assistants (Assistant A and Assistant B) to a user prompt. Please act as an impartial judge and evaluate the quality of their answers. You must output only one of the following choices:
'A' if Assistant A's answer is better.
'T' if both answers are relatively the same in quality.
'B' if Assistant B's answer is better.
Do not think or reason. Just choose which answer you prefer: A or B or T.
Outp...<truncated 7844 chars>
2025-11-21 18:25:13 | DEBUG    | main:550 | JR prompt length: 3009
2025-11-21 18:25:14 | DEBUG    | main:571 | JR: Generated 2 steps
2025-11-21 18:25:14 | DEBUG    | main:577 | JR: generated text='B''
2025-11-21 18:25:14 | DEBUG    | main:583 | JR step 0: token_id=236799, text='B'
2025-11-21 18:25:14 | DEBUG    | main:586 | JR: Found A/B/T at step 0
2025-11-21 18:25:14 | DEBUG    | main:593 | JR step 0: extracting probs from logits
2025-11-21 18:25:14 | DEBUG    | logits_to_prob_map:248 | logits_to_prob_map: input shape=torch.Size([262208]), dtype=torch.float32
2025-11-21 18:25:14 | DEBUG    | logits_to_prob_map:261 | Top-k extraction: k=50, top logprobs range=[-21.8750, -0.0000]
2025-11-21 18:25:14 | DEBUG    | logits_to_prob_map:271 | topk[0]: token_id=236799, text='B', logprob=-0.0000, prob=0.999963
2025-11-21 18:25:14 | DEBUG    | logits_to_prob_map:271 | topk[1]: token_id=236776, text='A', logprob=-10.3750, prob=0.000031
2025-11-21 18:25:14 | DEBUG    | logits_to_prob_map:271 | topk[2]: token_id=236789, text=''', logprob=-12.7500, prob=0.000003
2025-11-21 18:25:14 | DEBUG    | logits_to_prob_map:271 | topk[3]: token_id=1018, text='**', logprob=-13.3750, prob=0.000002
2025-11-21 18:25:14 | DEBUG    | logits_to_prob_map:271 | topk[4]: token_id=14433, text='answer', logprob=-14.7500, prob=0.000000
2025-11-21 18:25:14 | DEBUG    | logits_to_prob_map:271 | topk[5]: token_id=7925, text='Answer', logprob=-16.1250, prob=0.000000
2025-11-21 18:25:14 | DEBUG    | logits_to_prob_map:271 | topk[6]: token_id=35343, text='Bs', logprob=-16.2500, prob=0.000000
2025-11-21 18:25:14 | DEBUG    | logits_to_prob_map:271 | topk[7]: token_id=236775, text='"', logprob=-16.5000, prob=0.000000
2025-11-21 18:25:14 | DEBUG    | logits_to_prob_map:271 | topk[8]: token_id=236763, text='b', logprob=-16.8750, prob=0.000000
2025-11-21 18:25:14 | DEBUG    | logits_to_prob_map:271 | topk[9]: token_id=6275, text='response', logprob=-17.0000, prob=0.000000
2025-11-21 18:25:14 | DEBUG    | only_abt_probs:289 | only_abt_probs result: {'A': 3.120175422328804e-05, 'B': 0.9999634040871428, 'T': 0.0}
2025-11-21 18:25:14 | DEBUG    | main:520 | RJ prompt (truncated): <bos><start_of_turn>user
You are an impartial and unbiased judge.

You will be given answers from two assistants (Assistant A and Assistant B) to a user prompt. Please act as an impartial judge and evaluate the quality of their answers. You must output only one of the following choices:
'A' if Assistant A's answer is better.
'T' if both answers are relatively the same in quality.
'B' if Assistant B's answer is better.
Do not think or reason. Just choose which answer you prefer: A or B or T.
Outp...<truncated 7844 chars>
2025-11-21 18:25:14 | DEBUG    | main:550 | RJ prompt length: 3009
2025-11-21 18:25:16 | DEBUG    | main:571 | RJ: Generated 2 steps
2025-11-21 18:25:16 | DEBUG    | main:577 | RJ: generated text='A''
2025-11-21 18:25:16 | DEBUG    | main:583 | RJ step 0: token_id=236776, text='A'
2025-11-21 18:25:16 | DEBUG    | main:586 | RJ: Found A/B/T at step 0
2025-11-21 18:25:16 | DEBUG    | main:593 | RJ step 0: extracting probs from logits
2025-11-21 18:25:16 | DEBUG    | logits_to_prob_map:248 | logits_to_prob_map: input shape=torch.Size([262208]), dtype=torch.float32
2025-11-21 18:25:16 | DEBUG    | logits_to_prob_map:261 | Top-k extraction: k=50, top logprobs range=[-20.6265, -0.0015]
2025-11-21 18:25:16 | DEBUG    | logits_to_prob_map:271 | topk[0]: token_id=236776, text='A', logprob=-0.0015, prob=0.998475
2025-11-21 18:25:16 | DEBUG    | logits_to_prob_map:271 | topk[1]: token_id=236799, text='B', logprob=-6.5015, prob=0.001501
2025-11-21 18:25:16 | DEBUG    | logits_to_prob_map:271 | topk[2]: token_id=236789, text=''', logprob=-11.0015, prob=0.000017
2025-11-21 18:25:16 | DEBUG    | logits_to_prob_map:271 | topk[3]: token_id=1018, text='**', logprob=-12.0015, prob=0.000006
2025-11-21 18:25:16 | DEBUG    | logits_to_prob_map:271 | topk[4]: token_id=236775, text='"', logprob=-14.7515, prob=0.000000
2025-11-21 18:25:16 | DEBUG    | logits_to_prob_map:271 | topk[5]: token_id=236929, text='`', logprob=-15.7515, prob=0.000000
2025-11-21 18:25:16 | DEBUG    | logits_to_prob_map:271 | topk[6]: token_id=2205, text='As', logprob=-16.2515, prob=0.000000
2025-11-21 18:25:16 | DEBUG    | logits_to_prob_map:271 | topk[7]: token_id=14433, text='answer', logprob=-16.7515, prob=0.000000
2025-11-21 18:25:16 | DEBUG    | logits_to_prob_map:271 | topk[8]: token_id=6275, text='response', logprob=-16.8765, prob=0.000000
2025-11-21 18:25:16 | DEBUG    | logits_to_prob_map:271 | topk[9]: token_id=1071, text='to', logprob=-17.1265, prob=0.000000
2025-11-21 18:25:16 | DEBUG    | only_abt_probs:289 | only_abt_probs result: {'A': 0.9984750197491149, 'B': 0.0015011461603674382, 'T': 1.4144488614884459e-09}
2025-11-21 18:25:16 | DEBUG    | main:654 | Row 28 complete: JR={'A': 3.120175422328804e-05, 'B': 0.9999634040871428, 'T': 0.0}, RJ={'A': 0.9984750197491149, 'B': 0.0015011461603674382, 'T': 1.4144488614884459e-09}, combined_norm={'A': 0.0007661851538787851, 'B': 0.9992338141388865, 'T': 7.072347658610218e-10}
2025-11-21 18:25:16 | DEBUG    | main:503 | ========== Row 29 ==========
2025-11-21 18:25:16 | DEBUG    | main:504 | Built msgs_jr with 2 messages
2025-11-21 18:25:16 | DEBUG    | main:506 | msgs_jr[0] role=system content=You are an impartial and unbiased judge.
2025-11-21 18:25:16 | DEBUG    | main:506 | msgs_jr[1] role=user content=You will be given answers from two assistants (Assistant A and Assistant B) to a user prompt. Please act as an impartial judge and evaluate the quality of their answers. You must output only one of the following choices:
'A' if Assistant A's answer is better.
'T' if both answers are relatively the s...<truncated 5417 chars>
2025-11-21 18:25:16 | DEBUG    | main:520 | JR prompt (truncated): <bos><start_of_turn>user
You are an impartial and unbiased judge.

You will be given answers from two assistants (Assistant A and Assistant B) to a user prompt. Please act as an impartial judge and evaluate the quality of their answers. You must output only one of the following choices:
'A' if Assistant A's answer is better.
'T' if both answers are relatively the same in quality.
'B' if Assistant B's answer is better.
Do not think or reason. Just choose which answer you prefer: A or B or T.
Outp...<truncated 5632 chars>
2025-11-21 18:25:16 | DEBUG    | main:550 | JR prompt length: 1809
2025-11-21 18:25:17 | DEBUG    | main:571 | JR: Generated 2 steps
2025-11-21 18:25:17 | DEBUG    | main:577 | JR: generated text='A''
2025-11-21 18:25:17 | DEBUG    | main:583 | JR step 0: token_id=236776, text='A'
2025-11-21 18:25:17 | DEBUG    | main:586 | JR: Found A/B/T at step 0
2025-11-21 18:25:17 | DEBUG    | main:593 | JR step 0: extracting probs from logits
2025-11-21 18:25:17 | DEBUG    | logits_to_prob_map:248 | logits_to_prob_map: input shape=torch.Size([262208]), dtype=torch.float32
2025-11-21 18:25:17 | DEBUG    | logits_to_prob_map:261 | Top-k extraction: k=50, top logprobs range=[-19.8759, -0.0009]
2025-11-21 18:25:17 | DEBUG    | logits_to_prob_map:271 | topk[0]: token_id=236776, text='A', logprob=-0.0009, prob=0.999072
2025-11-21 18:25:17 | DEBUG    | logits_to_prob_map:271 | topk[1]: token_id=236799, text='B', logprob=-7.0009, prob=0.000911
2025-11-21 18:25:17 | DEBUG    | logits_to_prob_map:271 | topk[2]: token_id=236789, text=''', logprob=-11.3759, prob=0.000011
2025-11-21 18:25:17 | DEBUG    | logits_to_prob_map:271 | topk[3]: token_id=1018, text='**', logprob=-13.7509, prob=0.000001
2025-11-21 18:25:17 | DEBUG    | logits_to_prob_map:271 | topk[4]: token_id=7925, text='Answer', logprob=-13.8759, prob=0.000001
2025-11-21 18:25:17 | DEBUG    | logits_to_prob_map:271 | topk[5]: token_id=74314, text='Assistant', logprob=-14.0009, prob=0.000001
2025-11-21 18:25:17 | DEBUG    | logits_to_prob_map:271 | topk[6]: token_id=236775, text='"', logprob=-14.1259, prob=0.000001
2025-11-21 18:25:17 | DEBUG    | logits_to_prob_map:271 | topk[7]: token_id=14433, text='answer', logprob=-14.7509, prob=0.000000
2025-11-21 18:25:17 | DEBUG    | logits_to_prob_map:271 | topk[8]: token_id=6275, text='response', logprob=-15.1259, prob=0.000000
2025-11-21 18:25:17 | DEBUG    | logits_to_prob_map:271 | topk[9]: token_id=236929, text='`', logprob=-15.3759, prob=0.000000
2025-11-21 18:25:17 | DEBUG    | only_abt_probs:289 | only_abt_probs result: {'A': 0.9990721022164776, 'B': 0.0009110357654299436, 'T': 8.756111075008796e-08}
2025-11-21 18:25:17 | DEBUG    | main:520 | RJ prompt (truncated): <bos><start_of_turn>user
You are an impartial and unbiased judge.

You will be given answers from two assistants (Assistant A and Assistant B) to a user prompt. Please act as an impartial judge and evaluate the quality of their answers. You must output only one of the following choices:
'A' if Assistant A's answer is better.
'T' if both answers are relatively the same in quality.
'B' if Assistant B's answer is better.
Do not think or reason. Just choose which answer you prefer: A or B or T.
Outp...<truncated 5632 chars>
2025-11-21 18:25:17 | DEBUG    | main:550 | RJ prompt length: 1809
2025-11-21 18:25:18 | DEBUG    | main:571 | RJ: Generated 2 steps
2025-11-21 18:25:18 | DEBUG    | main:577 | RJ: generated text='A''
2025-11-21 18:25:18 | DEBUG    | main:583 | RJ step 0: token_id=236776, text='A'
2025-11-21 18:25:18 | DEBUG    | main:586 | RJ: Found A/B/T at step 0
2025-11-21 18:25:18 | DEBUG    | main:593 | RJ step 0: extracting probs from logits
2025-11-21 18:25:18 | DEBUG    | logits_to_prob_map:248 | logits_to_prob_map: input shape=torch.Size([262208]), dtype=torch.float32
2025-11-21 18:25:18 | DEBUG    | logits_to_prob_map:261 | Top-k extraction: k=50, top logprobs range=[-21.5003, -0.0003]
2025-11-21 18:25:18 | DEBUG    | logits_to_prob_map:271 | topk[0]: token_id=236776, text='A', logprob=-0.0003, prob=0.999658
2025-11-21 18:25:18 | DEBUG    | logits_to_prob_map:271 | topk[1]: token_id=236799, text='B', logprob=-8.0003, prob=0.000335
2025-11-21 18:25:18 | DEBUG    | logits_to_prob_map:271 | topk[2]: token_id=236789, text=''', logprob=-12.0003, prob=0.000006
2025-11-21 18:25:18 | DEBUG    | logits_to_prob_map:271 | topk[3]: token_id=1018, text='**', logprob=-15.0003, prob=0.000000
2025-11-21 18:25:18 | DEBUG    | logits_to_prob_map:271 | topk[4]: token_id=236775, text='"', logprob=-15.8753, prob=0.000000
2025-11-21 18:25:18 | DEBUG    | logits_to_prob_map:271 | topk[5]: token_id=74314, text='Assistant', logprob=-16.5003, prob=0.000000
2025-11-21 18:25:18 | DEBUG    | logits_to_prob_map:271 | topk[6]: token_id=236929, text='`', logprob=-16.6253, prob=0.000000
2025-11-21 18:25:18 | DEBUG    | logits_to_prob_map:271 | topk[7]: token_id=7925, text='Answer', logprob=-16.7503, prob=0.000000
2025-11-21 18:25:18 | DEBUG    | logits_to_prob_map:271 | topk[8]: token_id=14433, text='answer', logprob=-17.0003, prob=0.000000
2025-11-21 18:25:18 | DEBUG    | logits_to_prob_map:271 | topk[9]: token_id=1071, text='to', logprob=-17.0003, prob=0.000000
2025-11-21 18:25:18 | DEBUG    | only_abt_probs:289 | only_abt_probs result: {'A': 0.9996576289776782, 'B': 0.0003353477955300086, 'T': 2.5101372205682212e-08}
2025-11-21 18:25:18 | DEBUG    | main:654 | Row 29 complete: JR={'A': 0.9990721022164776, 'B': 0.0009110357654299436, 'T': 8.756111075008796e-08}, RJ={'A': 0.9996576289776782, 'B': 0.0003353477955300086, 'T': 2.5101372205682212e-08}, combined_norm={'A': 0.49970966470059425, 'B': 0.5002902789674947, 'T': 5.6331911055383784e-08}
2025-11-21 18:25:18 | INFO     | main:501 | Processing row 30/861
2025-11-21 18:25:18 | DEBUG    | main:503 | ========== Row 30 ==========
2025-11-21 18:25:18 | DEBUG    | main:504 | Built msgs_jr with 2 messages
2025-11-21 18:25:18 | DEBUG    | main:506 | msgs_jr[0] role=system content=You are an impartial and unbiased judge.
2025-11-21 18:25:18 | DEBUG    | main:506 | msgs_jr[1] role=user content=You will be given answers from two assistants (Assistant A and Assistant B) to a user prompt. Please act as an impartial judge and evaluate the quality of their answers. You must output only one of the following choices:
'A' if Assistant A's answer is better.
'T' if both answers are relatively the s...<truncated 2931 chars>
2025-11-21 18:25:18 | DEBUG    | main:520 | JR prompt (truncated): <bos><start_of_turn>user
You are an impartial and unbiased judge.

You will be given answers from two assistants (Assistant A and Assistant B) to a user prompt. Please act as an impartial judge and evaluate the quality of their answers. You must output only one of the following choices:
'A' if Assistant A's answer is better.
'T' if both answers are relatively the same in quality.
'B' if Assistant B's answer is better.
Do not think or reason. Just choose which answer you prefer: A or B or T.
Outp...<truncated 3146 chars>
2025-11-21 18:25:18 | DEBUG    | main:550 | JR prompt length: 972
2025-11-21 18:25:18 | DEBUG    | main:571 | JR: Generated 2 steps
2025-11-21 18:25:18 | DEBUG    | main:577 | JR: generated text='B.'
2025-11-21 18:25:18 | DEBUG    | main:583 | JR step 0: token_id=236799, text='B'
2025-11-21 18:25:18 | DEBUG    | main:586 | JR: Found A/B/T at step 0
2025-11-21 18:25:18 | DEBUG    | main:593 | JR step 0: extracting probs from logits
2025-11-21 18:25:18 | DEBUG    | logits_to_prob_map:248 | logits_to_prob_map: input shape=torch.Size([262208]), dtype=torch.float32
2025-11-21 18:25:18 | DEBUG    | logits_to_prob_map:261 | Top-k extraction: k=50, top logprobs range=[-22.3769, -0.2519]
2025-11-21 18:25:18 | DEBUG    | logits_to_prob_map:271 | topk[0]: token_id=236799, text='B', logprob=-0.2519, prob=0.777296
2025-11-21 18:25:18 | DEBUG    | logits_to_prob_map:271 | topk[1]: token_id=236776, text='A', logprob=-1.5019, prob=0.222699
2025-11-21 18:25:18 | DEBUG    | logits_to_prob_map:271 | topk[2]: token_id=236789, text=''', logprob=-12.6269, prob=0.000003
2025-11-21 18:25:18 | DEBUG    | logits_to_prob_map:271 | topk[3]: token_id=1018, text='**', logprob=-13.8769, prob=0.000001
2025-11-21 18:25:18 | DEBUG    | logits_to_prob_map:271 | topk[4]: token_id=236763, text='b', logprob=-16.6269, prob=0.000000
2025-11-21 18:25:18 | DEBUG    | logits_to_prob_map:271 | topk[5]: token_id=35343, text='Bs', logprob=-17.6269, prob=0.000000
2025-11-21 18:25:18 | DEBUG    | logits_to_prob_map:271 | topk[6]: token_id=1071, text='to', logprob=-17.7519, prob=0.000000
2025-11-21 18:25:18 | DEBUG    | logits_to_prob_map:271 | topk[7]: token_id=236929, text='`', logprob=-17.8769, prob=0.000000
2025-11-21 18:25:18 | DEBUG    | logits_to_prob_map:271 | topk[8]: token_id=14433, text='answer', logprob=-18.0019, prob=0.000000
2025-11-21 18:25:18 | DEBUG    | logits_to_prob_map:271 | topk[9]: token_id=7925, text='Answer', logprob=-18.1269, prob=0.000000
2025-11-21 18:25:18 | DEBUG    | only_abt_probs:289 | only_abt_probs result: {'A': 0.22269916470989579, 'B': 0.7772964380125801, 'T': 0.0}
2025-11-21 18:25:18 | DEBUG    | main:520 | RJ prompt (truncated): <bos><start_of_turn>user
You are an impartial and unbiased judge.

You will be given answers from two assistants (Assistant A and Assistant B) to a user prompt. Please act as an impartial judge and evaluate the quality of their answers. You must output only one of the following choices:
'A' if Assistant A's answer is better.
'T' if both answers are relatively the same in quality.
'B' if Assistant B's answer is better.
Do not think or reason. Just choose which answer you prefer: A or B or T.
Outp...<truncated 3146 chars>
2025-11-21 18:25:18 | DEBUG    | main:550 | RJ prompt length: 972
2025-11-21 18:25:18 | DEBUG    | main:571 | RJ: Generated 2 steps
2025-11-21 18:25:18 | DEBUG    | main:577 | RJ: generated text='A''
2025-11-21 18:25:18 | DEBUG    | main:583 | RJ step 0: token_id=236776, text='A'
2025-11-21 18:25:18 | DEBUG    | main:586 | RJ: Found A/B/T at step 0
2025-11-21 18:25:18 | DEBUG    | main:593 | RJ step 0: extracting probs from logits
2025-11-21 18:25:18 | DEBUG    | logits_to_prob_map:248 | logits_to_prob_map: input shape=torch.Size([262208]), dtype=torch.float32
2025-11-21 18:25:18 | DEBUG    | logits_to_prob_map:261 | Top-k extraction: k=50, top logprobs range=[-22.5002, -0.0002]
2025-11-21 18:25:18 | DEBUG    | logits_to_prob_map:271 | topk[0]: token_id=236776, text='A', logprob=-0.0002, prob=0.999793
2025-11-21 18:25:18 | DEBUG    | logits_to_prob_map:271 | topk[1]: token_id=236799, text='B', logprob=-8.5002, prob=0.000203
2025-11-21 18:25:18 | DEBUG    | logits_to_prob_map:271 | topk[2]: token_id=236789, text=''', logprob=-12.7502, prob=0.000003
2025-11-21 18:25:18 | DEBUG    | logits_to_prob_map:271 | topk[3]: token_id=1018, text='**', logprob=-14.8752, prob=0.000000
2025-11-21 18:25:18 | DEBUG    | logits_to_prob_map:271 | topk[4]: token_id=236929, text='`', logprob=-16.8752, prob=0.000000
2025-11-21 18:25:18 | DEBUG    | logits_to_prob_map:271 | topk[5]: token_id=236775, text='"', logprob=-17.2502, prob=0.000000
2025-11-21 18:25:18 | DEBUG    | logits_to_prob_map:271 | topk[6]: token_id=1071, text='to', logprob=-17.5002, prob=0.000000
2025-11-21 18:25:18 | DEBUG    | logits_to_prob_map:271 | topk[7]: token_id=236746, text='a', logprob=-18.1252, prob=0.000000
2025-11-21 18:25:18 | DEBUG    | logits_to_prob_map:271 | topk[8]: token_id=236829, text='*', logprob=-18.6252, prob=0.000000
2025-11-21 18:25:18 | DEBUG    | logits_to_prob_map:271 | topk[9]: token_id=2205, text='As', logprob=-18.8752, prob=0.000000
2025-11-21 18:25:18 | DEBUG    | only_abt_probs:289 | only_abt_probs result: {'A': 0.9997932146569817, 'B': 0.00020342626613230685, 'T': 0.0}
2025-11-21 18:25:18 | DEBUG    | main:654 | Row 30 complete: JR={'A': 0.22269916470989579, 'B': 0.7772964380125801, 'T': 0.0}, RJ={'A': 0.9997932146569817, 'B': 0.00020342626613230685, 'T': 0.0}, combined_norm={'A': 0.11145172771756397, 'B': 0.888548272282436, 'T': 0.0}
2025-11-21 18:25:18 | DEBUG    | main:503 | ========== Row 31 ==========
2025-11-21 18:25:18 | DEBUG    | main:504 | Built msgs_jr with 2 messages
2025-11-21 18:25:18 | DEBUG    | main:506 | msgs_jr[0] role=system content=You are an impartial and unbiased judge.
2025-11-21 18:25:18 | DEBUG    | main:506 | msgs_jr[1] role=user content=You will be given answers from two assistants (Assistant A and Assistant B) to a user prompt. Please act as an impartial judge and evaluate the quality of their answers. You must output only one of the following choices:
'A' if Assistant A's answer is better.
'T' if both answers are relatively the s...<truncated 5991 chars>
2025-11-21 18:25:18 | DEBUG    | main:520 | JR prompt (truncated): <bos><start_of_turn>user
You are an impartial and unbiased judge.

You will be given answers from two assistants (Assistant A and Assistant B) to a user prompt. Please act as an impartial judge and evaluate the quality of their answers. You must output only one of the following choices:
'A' if Assistant A's answer is better.
'T' if both answers are relatively the same in quality.
'B' if Assistant B's answer is better.
Do not think or reason. Just choose which answer you prefer: A or B or T.
Outp...<truncated 6206 chars>
2025-11-21 18:25:19 | DEBUG    | main:550 | JR prompt length: 2184
2025-11-21 18:25:20 | DEBUG    | main:571 | JR: Generated 2 steps
2025-11-21 18:25:20 | DEBUG    | main:577 | JR: generated text='A''
2025-11-21 18:25:20 | DEBUG    | main:583 | JR step 0: token_id=236776, text='A'
2025-11-21 18:25:20 | DEBUG    | main:586 | JR: Found A/B/T at step 0
2025-11-21 18:25:20 | DEBUG    | main:593 | JR step 0: extracting probs from logits
2025-11-21 18:25:20 | DEBUG    | logits_to_prob_map:248 | logits_to_prob_map: input shape=torch.Size([262208]), dtype=torch.float32
2025-11-21 18:25:20 | DEBUG    | logits_to_prob_map:261 | Top-k extraction: k=50, top logprobs range=[-21.2500, -0.0000]
2025-11-21 18:25:20 | DEBUG    | logits_to_prob_map:271 | topk[0]: token_id=236776, text='A', logprob=-0.0000, prob=0.999974
2025-11-21 18:25:20 | DEBUG    | logits_to_prob_map:271 | topk[1]: token_id=236789, text=''', logprob=-11.1250, prob=0.000015
2025-11-21 18:25:20 | DEBUG    | logits_to_prob_map:271 | topk[2]: token_id=236799, text='B', logprob=-11.7500, prob=0.000008
2025-11-21 18:25:20 | DEBUG    | logits_to_prob_map:271 | topk[3]: token_id=1018, text='**', logprob=-12.8750, prob=0.000003
2025-11-21 18:25:20 | DEBUG    | logits_to_prob_map:271 | topk[4]: token_id=236775, text='"', logprob=-14.3750, prob=0.000001
2025-11-21 18:25:20 | DEBUG    | logits_to_prob_map:271 | topk[5]: token_id=236929, text='`', logprob=-15.3750, prob=0.000000
2025-11-21 18:25:20 | DEBUG    | logits_to_prob_map:271 | topk[6]: token_id=237095, text='‘', logprob=-17.0000, prob=0.000000
2025-11-21 18:25:20 | DEBUG    | logits_to_prob_map:271 | topk[7]: token_id=2205, text='As', logprob=-17.1250, prob=0.000000
2025-11-21 18:25:20 | DEBUG    | logits_to_prob_map:271 | topk[8]: token_id=7925, text='Answer', logprob=-17.2500, prob=0.000000
2025-11-21 18:25:20 | DEBUG    | logits_to_prob_map:271 | topk[9]: token_id=74314, text='Assistant', logprob=-17.3750, prob=0.000000
2025-11-21 18:25:20 | DEBUG    | only_abt_probs:289 | only_abt_probs result: {'A': 0.9999736554414602, 'B': 7.889114162311994e-06, 'T': 0.0}
2025-11-21 18:25:20 | DEBUG    | main:520 | RJ prompt (truncated): <bos><start_of_turn>user
You are an impartial and unbiased judge.

You will be given answers from two assistants (Assistant A and Assistant B) to a user prompt. Please act as an impartial judge and evaluate the quality of their answers. You must output only one of the following choices:
'A' if Assistant A's answer is better.
'T' if both answers are relatively the same in quality.
'B' if Assistant B's answer is better.
Do not think or reason. Just choose which answer you prefer: A or B or T.
Outp...<truncated 6206 chars>
2025-11-21 18:25:20 | DEBUG    | main:550 | RJ prompt length: 2184
2025-11-21 18:25:21 | DEBUG    | main:571 | RJ: Generated 2 steps
2025-11-21 18:25:21 | DEBUG    | main:577 | RJ: generated text='A''
2025-11-21 18:25:21 | DEBUG    | main:583 | RJ step 0: token_id=236776, text='A'
2025-11-21 18:25:21 | DEBUG    | main:586 | RJ: Found A/B/T at step 0
2025-11-21 18:25:21 | DEBUG    | main:593 | RJ step 0: extracting probs from logits
2025-11-21 18:25:21 | DEBUG    | logits_to_prob_map:248 | logits_to_prob_map: input shape=torch.Size([262208]), dtype=torch.float32
2025-11-21 18:25:21 | DEBUG    | logits_to_prob_map:261 | Top-k extraction: k=50, top logprobs range=[-21.8120, -0.0620]
2025-11-21 18:25:21 | DEBUG    | logits_to_prob_map:271 | topk[0]: token_id=236776, text='A', logprob=-0.0620, prob=0.939898
2025-11-21 18:25:21 | DEBUG    | logits_to_prob_map:271 | topk[1]: token_id=236799, text='B', logprob=-2.8120, prob=0.060086
2025-11-21 18:25:21 | DEBUG    | logits_to_prob_map:271 | topk[2]: token_id=236789, text=''', logprob=-11.3120, prob=0.000012
2025-11-21 18:25:21 | DEBUG    | logits_to_prob_map:271 | topk[3]: token_id=1018, text='**', logprob=-12.4370, prob=0.000004
2025-11-21 18:25:21 | DEBUG    | logits_to_prob_map:271 | topk[4]: token_id=236775, text='"', logprob=-15.4370, prob=0.000000
2025-11-21 18:25:21 | DEBUG    | logits_to_prob_map:271 | topk[5]: token_id=236929, text='`', logprob=-16.3120, prob=0.000000
2025-11-21 18:25:21 | DEBUG    | logits_to_prob_map:271 | topk[6]: token_id=236763, text='b', logprob=-16.9370, prob=0.000000
2025-11-21 18:25:21 | DEBUG    | logits_to_prob_map:271 | topk[7]: token_id=1071, text='to', logprob=-17.4370, prob=0.000000
2025-11-21 18:25:21 | DEBUG    | logits_to_prob_map:271 | topk[8]: token_id=237095, text='‘', logprob=-17.5620, prob=0.000000
2025-11-21 18:25:21 | DEBUG    | logits_to_prob_map:271 | topk[9]: token_id=2205, text='As', logprob=-17.9370, prob=0.000000
2025-11-21 18:25:21 | DEBUG    | only_abt_probs:289 | only_abt_probs result: {'A': 0.9398976354889286, 'B': 0.0600856460377218, 'T': 0.0}
2025-11-21 18:25:21 | DEBUG    | main:654 | Row 31 complete: JR={'A': 0.9999736554414602, 'B': 7.889114162311994e-06, 'T': 0.0}, RJ={'A': 0.9398976354889286, 'B': 0.0600856460377218, 'T': 0.0}, combined_norm={'A': 0.5300389725131966, 'B': 0.46996102748680335, 'T': 0.0}
2025-11-21 18:25:21 | DEBUG    | main:503 | ========== Row 32 ==========
2025-11-21 18:25:21 | DEBUG    | main:504 | Built msgs_jr with 2 messages
2025-11-21 18:25:21 | DEBUG    | main:506 | msgs_jr[0] role=system content=You are an impartial and unbiased judge.
2025-11-21 18:25:21 | DEBUG    | main:506 | msgs_jr[1] role=user content=You will be given answers from two assistants (Assistant A and Assistant B) to a user prompt. Please act as an impartial judge and evaluate the quality of their answers. You must output only one of the following choices:
'A' if Assistant A's answer is better.
'T' if both answers are relatively the s...<truncated 3835 chars>
2025-11-21 18:25:21 | DEBUG    | main:520 | JR prompt (truncated): <bos><start_of_turn>user
You are an impartial and unbiased judge.

You will be given answers from two assistants (Assistant A and Assistant B) to a user prompt. Please act as an impartial judge and evaluate the quality of their answers. You must output only one of the following choices:
'A' if Assistant A's answer is better.
'T' if both answers are relatively the same in quality.
'B' if Assistant B's answer is better.
Do not think or reason. Just choose which answer you prefer: A or B or T.
Outp...<truncated 4050 chars>
2025-11-21 18:25:21 | DEBUG    | main:550 | JR prompt length: 1345
2025-11-21 18:25:21 | DEBUG    | main:571 | JR: Generated 2 steps
2025-11-21 18:25:21 | DEBUG    | main:577 | JR: generated text='B''
2025-11-21 18:25:21 | DEBUG    | main:583 | JR step 0: token_id=236799, text='B'
2025-11-21 18:25:21 | DEBUG    | main:586 | JR: Found A/B/T at step 0
2025-11-21 18:25:21 | DEBUG    | main:593 | JR step 0: extracting probs from logits
2025-11-21 18:25:21 | DEBUG    | logits_to_prob_map:248 | logits_to_prob_map: input shape=torch.Size([262208]), dtype=torch.float32
2025-11-21 18:25:21 | DEBUG    | logits_to_prob_map:261 | Top-k extraction: k=50, top logprobs range=[-21.7509, -0.0009]
2025-11-21 18:25:21 | DEBUG    | logits_to_prob_map:271 | topk[0]: token_id=236799, text='B', logprob=-0.0009, prob=0.999087
2025-11-21 18:25:21 | DEBUG    | logits_to_prob_map:271 | topk[1]: token_id=236776, text='A', logprob=-7.0009, prob=0.000911
2025-11-21 18:25:21 | DEBUG    | logits_to_prob_map:271 | topk[2]: token_id=236789, text=''', logprob=-13.8759, prob=0.000001
2025-11-21 18:25:21 | DEBUG    | logits_to_prob_map:271 | topk[3]: token_id=1018, text='**', logprob=-15.2509, prob=0.000000
2025-11-21 18:25:21 | DEBUG    | logits_to_prob_map:271 | topk[4]: token_id=35343, text='Bs', logprob=-15.2509, prob=0.000000
2025-11-21 18:25:21 | DEBUG    | logits_to_prob_map:271 | topk[5]: token_id=14433, text='answer', logprob=-15.3759, prob=0.000000
2025-11-21 18:25:21 | DEBUG    | logits_to_prob_map:271 | topk[6]: token_id=74314, text='Assistant', logprob=-15.8759, prob=0.000000
2025-11-21 18:25:21 | DEBUG    | logits_to_prob_map:271 | topk[7]: token_id=7925, text='Answer', logprob=-16.0009, prob=0.000000
2025-11-21 18:25:21 | DEBUG    | logits_to_prob_map:271 | topk[8]: token_id=236763, text='b', logprob=-16.5009, prob=0.000000
2025-11-21 18:25:21 | DEBUG    | logits_to_prob_map:271 | topk[9]: token_id=1071, text='to', logprob=-16.7509, prob=0.000000
2025-11-21 18:25:21 | DEBUG    | only_abt_probs:289 | only_abt_probs result: {'A': 0.0009110492324163453, 'B': 0.9990868569532385, 'T': 0.0}
2025-11-21 18:25:21 | DEBUG    | main:520 | RJ prompt (truncated): <bos><start_of_turn>user
You are an impartial and unbiased judge.

You will be given answers from two assistants (Assistant A and Assistant B) to a user prompt. Please act as an impartial judge and evaluate the quality of their answers. You must output only one of the following choices:
'A' if Assistant A's answer is better.
'T' if both answers are relatively the same in quality.
'B' if Assistant B's answer is better.
Do not think or reason. Just choose which answer you prefer: A or B or T.
Outp...<truncated 4050 chars>
2025-11-21 18:25:21 | DEBUG    | main:550 | RJ prompt length: 1345
2025-11-21 18:25:22 | DEBUG    | main:571 | RJ: Generated 2 steps
2025-11-21 18:25:22 | DEBUG    | main:577 | RJ: generated text='A''
2025-11-21 18:25:22 | DEBUG    | main:583 | RJ step 0: token_id=236776, text='A'
2025-11-21 18:25:22 | DEBUG    | main:586 | RJ: Found A/B/T at step 0
2025-11-21 18:25:22 | DEBUG    | main:593 | RJ step 0: extracting probs from logits
2025-11-21 18:25:22 | DEBUG    | logits_to_prob_map:248 | logits_to_prob_map: input shape=torch.Size([262208]), dtype=torch.float32
2025-11-21 18:25:22 | DEBUG    | logits_to_prob_map:261 | Top-k extraction: k=50, top logprobs range=[-19.1272, -0.0022]
2025-11-21 18:25:22 | DEBUG    | logits_to_prob_map:271 | topk[0]: token_id=236776, text='A', logprob=-0.0022, prob=0.997792
2025-11-21 18:25:22 | DEBUG    | logits_to_prob_map:271 | topk[1]: token_id=236799, text='B', logprob=-6.1272, prob=0.002183
2025-11-21 18:25:22 | DEBUG    | logits_to_prob_map:271 | topk[2]: token_id=236789, text=''', logprob=-10.8772, prob=0.000019
2025-11-21 18:25:22 | DEBUG    | logits_to_prob_map:271 | topk[3]: token_id=1018, text='**', logprob=-13.5022, prob=0.000001
2025-11-21 18:25:22 | DEBUG    | logits_to_prob_map:271 | topk[4]: token_id=7925, text='Answer', logprob=-14.0022, prob=0.000001
2025-11-21 18:25:22 | DEBUG    | logits_to_prob_map:271 | topk[5]: token_id=14433, text='answer', logprob=-14.3772, prob=0.000001
2025-11-21 18:25:22 | DEBUG    | logits_to_prob_map:271 | topk[6]: token_id=1071, text='to', logprob=-14.5022, prob=0.000001
2025-11-21 18:25:22 | DEBUG    | logits_to_prob_map:271 | topk[7]: token_id=74314, text='Assistant', logprob=-14.6272, prob=0.000000
2025-11-21 18:25:22 | DEBUG    | logits_to_prob_map:271 | topk[8]: token_id=2205, text='As', logprob=-14.6272, prob=0.000000
2025-11-21 18:25:22 | DEBUG    | logits_to_prob_map:271 | topk[9]: token_id=236775, text='"', logprob=-14.7522, prob=0.000000
2025-11-21 18:25:22 | DEBUG    | only_abt_probs:289 | only_abt_probs result: {'A': 0.9977917667021757, 'B': 0.002182660753996402, 'T': 7.178247122376488e-09}
2025-11-21 18:25:22 | DEBUG    | main:654 | Row 32 complete: JR={'A': 0.0009110492324163453, 'B': 0.9990868569532385, 'T': 0.0}, RJ={'A': 0.9977917667021757, 'B': 0.002182660753996402, 'T': 7.178247122376488e-09}, combined_norm={'A': 0.0015468763858725138, 'B': 0.9984531200249542, 'T': 3.5891731979818784e-09}
2025-11-21 18:25:22 | DEBUG    | main:503 | ========== Row 33 ==========
2025-11-21 18:25:22 | DEBUG    | main:504 | Built msgs_jr with 2 messages
2025-11-21 18:25:22 | DEBUG    | main:506 | msgs_jr[0] role=system content=You are an impartial and unbiased judge.
2025-11-21 18:25:22 | DEBUG    | main:506 | msgs_jr[1] role=user content=You will be given answers from two assistants (Assistant A and Assistant B) to a user prompt. Please act as an impartial judge and evaluate the quality of their answers. You must output only one of the following choices:
'A' if Assistant A's answer is better.
'T' if both answers are relatively the s...<truncated 17092 chars>
2025-11-21 18:25:22 | DEBUG    | main:520 | JR prompt (truncated): <bos><start_of_turn>user
You are an impartial and unbiased judge.

You will be given answers from two assistants (Assistant A and Assistant B) to a user prompt. Please act as an impartial judge and evaluate the quality of their answers. You must output only one of the following choices:
'A' if Assistant A's answer is better.
'T' if both answers are relatively the same in quality.
'B' if Assistant B's answer is better.
Do not think or reason. Just choose which answer you prefer: A or B or T.
Outp...<truncated 17307 chars>
2025-11-21 18:25:22 | DEBUG    | main:550 | JR prompt length: 9491
2025-11-21 18:25:28 | DEBUG    | main:571 | JR: Generated 2 steps
2025-11-21 18:25:28 | DEBUG    | main:577 | JR: generated text='A''
2025-11-21 18:25:28 | DEBUG    | main:583 | JR step 0: token_id=236776, text='A'
2025-11-21 18:25:28 | DEBUG    | main:586 | JR: Found A/B/T at step 0
2025-11-21 18:25:28 | DEBUG    | main:593 | JR step 0: extracting probs from logits
2025-11-21 18:25:28 | DEBUG    | logits_to_prob_map:248 | logits_to_prob_map: input shape=torch.Size([262208]), dtype=torch.float32
2025-11-21 18:25:28 | DEBUG    | logits_to_prob_map:261 | Top-k extraction: k=50, top logprobs range=[-16.7514, -0.0014]
2025-11-21 18:25:28 | DEBUG    | logits_to_prob_map:271 | topk[0]: token_id=236776, text='A', logprob=-0.0014, prob=0.998640
2025-11-21 18:25:28 | DEBUG    | logits_to_prob_map:271 | topk[1]: token_id=236799, text='B', logprob=-6.7514, prob=0.001169
2025-11-21 18:25:28 | DEBUG    | logits_to_prob_map:271 | topk[2]: token_id=236789, text=''', logprob=-9.0014, prob=0.000123
2025-11-21 18:25:28 | DEBUG    | logits_to_prob_map:271 | topk[3]: token_id=1018, text='**', logprob=-11.0014, prob=0.000017
2025-11-21 18:25:28 | DEBUG    | logits_to_prob_map:271 | topk[4]: token_id=1071, text='to', logprob=-11.7514, prob=0.000008
2025-11-21 18:25:28 | DEBUG    | logits_to_prob_map:271 | topk[5]: token_id=14433, text='answer', logprob=-11.7514, prob=0.000008
2025-11-21 18:25:28 | DEBUG    | logits_to_prob_map:271 | topk[6]: token_id=74314, text='Assistant', logprob=-12.1264, prob=0.000005
2025-11-21 18:25:28 | DEBUG    | logits_to_prob_map:271 | topk[7]: token_id=236775, text='"', logprob=-12.5014, prob=0.000004
2025-11-21 18:25:28 | DEBUG    | logits_to_prob_map:271 | topk[8]: token_id=7925, text='Answer', logprob=-12.5014, prob=0.000004
2025-11-21 18:25:28 | DEBUG    | logits_to_prob_map:271 | topk[9]: token_id=236746, text='a', logprob=-12.7514, prob=0.000003
2025-11-21 18:25:28 | DEBUG    | only_abt_probs:289 | only_abt_probs result: {'A': 0.9986402430034877, 'B': 0.0011692872623799131, 'T': 5.308561021057514e-08}
2025-11-21 18:25:28 | DEBUG    | main:520 | RJ prompt (truncated): <bos><start_of_turn>user
You are an impartial and unbiased judge.

You will be given answers from two assistants (Assistant A and Assistant B) to a user prompt. Please act as an impartial judge and evaluate the quality of their answers. You must output only one of the following choices:
'A' if Assistant A's answer is better.
'T' if both answers are relatively the same in quality.
'B' if Assistant B's answer is better.
Do not think or reason. Just choose which answer you prefer: A or B or T.
Outp...<truncated 17307 chars>
2025-11-21 18:25:28 | DEBUG    | main:550 | RJ prompt length: 9491
2025-11-21 18:25:35 | DEBUG    | main:571 | RJ: Generated 2 steps
2025-11-21 18:25:35 | DEBUG    | main:577 | RJ: generated text='B.'
2025-11-21 18:25:35 | DEBUG    | main:583 | RJ step 0: token_id=236799, text='B'
2025-11-21 18:25:35 | DEBUG    | main:586 | RJ: Found A/B/T at step 0
2025-11-21 18:25:35 | DEBUG    | main:593 | RJ step 0: extracting probs from logits
2025-11-21 18:25:35 | DEBUG    | logits_to_prob_map:248 | logits_to_prob_map: input shape=torch.Size([262208]), dtype=torch.float32
2025-11-21 18:25:35 | DEBUG    | logits_to_prob_map:261 | Top-k extraction: k=50, top logprobs range=[-17.5299, -0.0299]
2025-11-21 18:25:35 | DEBUG    | logits_to_prob_map:271 | topk[0]: token_id=236799, text='B', logprob=-0.0299, prob=0.970555
2025-11-21 18:25:35 | DEBUG    | logits_to_prob_map:271 | topk[1]: token_id=236776, text='A', logprob=-3.5299, prob=0.029308
2025-11-21 18:25:35 | DEBUG    | logits_to_prob_map:271 | topk[2]: token_id=236789, text=''', logprob=-9.1549, prob=0.000106
2025-11-21 18:25:35 | DEBUG    | logits_to_prob_map:271 | topk[3]: token_id=1071, text='to', logprob=-11.7799, prob=0.000008
2025-11-21 18:25:35 | DEBUG    | logits_to_prob_map:271 | topk[4]: token_id=1018, text='**', logprob=-11.7799, prob=0.000008
2025-11-21 18:25:35 | DEBUG    | logits_to_prob_map:271 | topk[5]: token_id=26315, text='because', logprob=-13.1549, prob=0.000002
2025-11-21 18:25:35 | DEBUG    | logits_to_prob_map:271 | topk[6]: token_id=74314, text='Assistant', logprob=-13.4049, prob=0.000002
2025-11-21 18:25:35 | DEBUG    | logits_to_prob_map:271 | topk[7]: token_id=14433, text='answer', logprob=-13.4049, prob=0.000002
2025-11-21 18:25:35 | DEBUG    | logits_to_prob_map:271 | topk[8]: token_id=236763, text='b', logprob=-13.5299, prob=0.000001
2025-11-21 18:25:35 | DEBUG    | logits_to_prob_map:271 | topk[9]: token_id=35343, text='Bs', logprob=-13.6549, prob=0.000001
2025-11-21 18:25:35 | DEBUG    | only_abt_probs:289 | only_abt_probs result: {'A': 0.02930823564077611, 'B': 0.9705553590803347, 'T': 6.624629847426564e-08}
2025-11-21 18:25:35 | DEBUG    | main:654 | Row 33 complete: JR={'A': 0.9986402430034877, 'B': 0.0011692872623799131, 'T': 5.308561021057514e-08}, RJ={'A': 0.02930823564077611, 'B': 0.9705553590803347, 'T': 6.624629847426564e-08}, combined_norm={'A': 0.984758688789955, 'B': 0.015241251534341072, 'T': 5.967570403007852e-08}
2025-11-21 18:25:35 | DEBUG    | main:503 | ========== Row 34 ==========
2025-11-21 18:25:35 | DEBUG    | main:504 | Built msgs_jr with 2 messages
2025-11-21 18:25:35 | DEBUG    | main:506 | msgs_jr[0] role=system content=You are an impartial and unbiased judge.
2025-11-21 18:25:35 | DEBUG    | main:506 | msgs_jr[1] role=user content=You will be given answers from two assistants (Assistant A and Assistant B) to a user prompt. Please act as an impartial judge and evaluate the quality of their answers. You must output only one of the following choices:
'A' if Assistant A's answer is better.
'T' if both answers are relatively the s...<truncated 2912 chars>
2025-11-21 18:25:35 | DEBUG    | main:520 | JR prompt (truncated): <bos><start_of_turn>user
You are an impartial and unbiased judge.

You will be given answers from two assistants (Assistant A and Assistant B) to a user prompt. Please act as an impartial judge and evaluate the quality of their answers. You must output only one of the following choices:
'A' if Assistant A's answer is better.
'T' if both answers are relatively the same in quality.
'B' if Assistant B's answer is better.
Do not think or reason. Just choose which answer you prefer: A or B or T.
Outp...<truncated 3127 chars>
2025-11-21 18:25:35 | DEBUG    | main:550 | JR prompt length: 946
2025-11-21 18:25:35 | DEBUG    | main:571 | JR: Generated 2 steps
2025-11-21 18:25:35 | DEBUG    | main:577 | JR: generated text='A''
2025-11-21 18:25:35 | DEBUG    | main:583 | JR step 0: token_id=236776, text='A'
2025-11-21 18:25:35 | DEBUG    | main:586 | JR: Found A/B/T at step 0
2025-11-21 18:25:35 | DEBUG    | main:593 | JR step 0: extracting probs from logits
2025-11-21 18:25:35 | DEBUG    | logits_to_prob_map:248 | logits_to_prob_map: input shape=torch.Size([262208]), dtype=torch.float32
2025-11-21 18:25:35 | DEBUG    | logits_to_prob_map:261 | Top-k extraction: k=50, top logprobs range=[-20.6259, -0.0009]
2025-11-21 18:25:35 | DEBUG    | logits_to_prob_map:271 | topk[0]: token_id=236776, text='A', logprob=-0.0009, prob=0.999086
2025-11-21 18:25:35 | DEBUG    | logits_to_prob_map:271 | topk[1]: token_id=236799, text='B', logprob=-7.0009, prob=0.000911
2025-11-21 18:25:35 | DEBUG    | logits_to_prob_map:271 | topk[2]: token_id=236789, text=''', logprob=-13.0009, prob=0.000002
2025-11-21 18:25:35 | DEBUG    | logits_to_prob_map:271 | topk[3]: token_id=2205, text='As', logprob=-15.2509, prob=0.000000
2025-11-21 18:25:35 | DEBUG    | logits_to_prob_map:271 | topk[4]: token_id=74314, text='Assistant', logprob=-15.5009, prob=0.000000
2025-11-21 18:25:35 | DEBUG    | logits_to_prob_map:271 | topk[5]: token_id=236746, text='a', logprob=-15.8759, prob=0.000000
2025-11-21 18:25:35 | DEBUG    | logits_to_prob_map:271 | topk[6]: token_id=1071, text='to', logprob=-16.0009, prob=0.000000
2025-11-21 18:25:35 | DEBUG    | logits_to_prob_map:271 | topk[7]: token_id=7925, text='Answer', logprob=-16.2509, prob=0.000000
2025-11-21 18:25:35 | DEBUG    | logits_to_prob_map:271 | topk[8]: token_id=14433, text='answer', logprob=-16.5009, prob=0.000000
2025-11-21 18:25:35 | DEBUG    | logits_to_prob_map:271 | topk[9]: token_id=236929, text='`', logprob=-16.8759, prob=0.000000
2025-11-21 18:25:35 | DEBUG    | only_abt_probs:289 | only_abt_probs result: {'A': 0.999085548070562, 'B': 0.0009110479291508965, 'T': 1.603759097546183e-09}
2025-11-21 18:25:35 | DEBUG    | main:520 | RJ prompt (truncated): <bos><start_of_turn>user
You are an impartial and unbiased judge.

You will be given answers from two assistants (Assistant A and Assistant B) to a user prompt. Please act as an impartial judge and evaluate the quality of their answers. You must output only one of the following choices:
'A' if Assistant A's answer is better.
'T' if both answers are relatively the same in quality.
'B' if Assistant B's answer is better.
Do not think or reason. Just choose which answer you prefer: A or B or T.
Outp...<truncated 3127 chars>
2025-11-21 18:25:35 | DEBUG    | main:550 | RJ prompt length: 946
2025-11-21 18:25:36 | DEBUG    | main:571 | RJ: Generated 2 steps
2025-11-21 18:25:36 | DEBUG    | main:577 | RJ: generated text='A''
2025-11-21 18:25:36 | DEBUG    | main:583 | RJ step 0: token_id=236776, text='A'
2025-11-21 18:25:36 | DEBUG    | main:586 | RJ: Found A/B/T at step 0
2025-11-21 18:25:36 | DEBUG    | main:593 | RJ step 0: extracting probs from logits
2025-11-21 18:25:36 | DEBUG    | logits_to_prob_map:248 | logits_to_prob_map: input shape=torch.Size([262208]), dtype=torch.float32
2025-11-21 18:25:36 | DEBUG    | logits_to_prob_map:261 | Top-k extraction: k=50, top logprobs range=[-21.3502, -0.1002]
2025-11-21 18:25:36 | DEBUG    | logits_to_prob_map:271 | topk[0]: token_id=236776, text='A', logprob=-0.1002, prob=0.904646
2025-11-21 18:25:36 | DEBUG    | logits_to_prob_map:271 | topk[1]: token_id=236799, text='B', logprob=-2.3502, prob=0.095349
2025-11-21 18:25:36 | DEBUG    | logits_to_prob_map:271 | topk[2]: token_id=236789, text=''', logprob=-12.3502, prob=0.000004
2025-11-21 18:25:36 | DEBUG    | logits_to_prob_map:271 | topk[3]: token_id=2205, text='As', logprob=-15.7252, prob=0.000000
2025-11-21 18:25:36 | DEBUG    | logits_to_prob_map:271 | topk[4]: token_id=7925, text='Answer', logprob=-16.1002, prob=0.000000
2025-11-21 18:25:36 | DEBUG    | logits_to_prob_map:271 | topk[5]: token_id=14433, text='answer', logprob=-16.1002, prob=0.000000
2025-11-21 18:25:36 | DEBUG    | logits_to_prob_map:271 | topk[6]: token_id=236763, text='b', logprob=-16.4752, prob=0.000000
2025-11-21 18:25:36 | DEBUG    | logits_to_prob_map:271 | topk[7]: token_id=1071, text='to', logprob=-16.4752, prob=0.000000
2025-11-21 18:25:36 | DEBUG    | logits_to_prob_map:271 | topk[8]: token_id=1018, text='**', logprob=-16.4752, prob=0.000000
2025-11-21 18:25:36 | DEBUG    | logits_to_prob_map:271 | topk[9]: token_id=236929, text='`', logprob=-16.8502, prob=0.000000
2025-11-21 18:25:36 | DEBUG    | only_abt_probs:289 | only_abt_probs result: {'A': 0.9046459293409873, 'B': 0.09534898229720824, 'T': 1.4521623766202986e-09}
2025-11-21 18:25:36 | DEBUG    | main:654 | Row 34 complete: JR={'A': 0.999085548070562, 'B': 0.0009110479291508965, 'T': 1.603759097546183e-09}, RJ={'A': 0.9046459293409873, 'B': 0.09534898229720824, 'T': 1.4521623766202986e-09}, combined_norm={'A': 0.5472195879411973, 'B': 0.4527804105308355, 'T': 1.5279672227740268e-09}
2025-11-21 18:25:36 | DEBUG    | main:503 | ========== Row 35 ==========
2025-11-21 18:25:36 | DEBUG    | main:504 | Built msgs_jr with 2 messages
2025-11-21 18:25:36 | DEBUG    | main:506 | msgs_jr[0] role=system content=You are an impartial and unbiased judge.
2025-11-21 18:25:36 | DEBUG    | main:506 | msgs_jr[1] role=user content=You will be given answers from two assistants (Assistant A and Assistant B) to a user prompt. Please act as an impartial judge and evaluate the quality of their answers. You must output only one of the following choices:
'A' if Assistant A's answer is better.
'T' if both answers are relatively the s...<truncated 12032 chars>
2025-11-21 18:25:36 | DEBUG    | main:520 | JR prompt (truncated): <bos><start_of_turn>user
You are an impartial and unbiased judge.

You will be given answers from two assistants (Assistant A and Assistant B) to a user prompt. Please act as an impartial judge and evaluate the quality of their answers. You must output only one of the following choices:
'A' if Assistant A's answer is better.
'T' if both answers are relatively the same in quality.
'B' if Assistant B's answer is better.
Do not think or reason. Just choose which answer you prefer: A or B or T.
Outp...<truncated 12247 chars>
2025-11-21 18:25:36 | DEBUG    | main:550 | JR prompt length: 4890
2025-11-21 18:25:38 | DEBUG    | main:571 | JR: Generated 2 steps
2025-11-21 18:25:38 | DEBUG    | main:577 | JR: generated text='A''
2025-11-21 18:25:38 | DEBUG    | main:583 | JR step 0: token_id=236776, text='A'
2025-11-21 18:25:38 | DEBUG    | main:586 | JR: Found A/B/T at step 0
2025-11-21 18:25:38 | DEBUG    | main:593 | JR step 0: extracting probs from logits
2025-11-21 18:25:38 | DEBUG    | logits_to_prob_map:248 | logits_to_prob_map: input shape=torch.Size([262208]), dtype=torch.float32
2025-11-21 18:25:38 | DEBUG    | logits_to_prob_map:261 | Top-k extraction: k=50, top logprobs range=[-15.1879, -0.0004]
2025-11-21 18:25:38 | DEBUG    | logits_to_prob_map:271 | topk[0]: token_id=236776, text='A', logprob=-0.0004, prob=0.999567
2025-11-21 18:25:38 | DEBUG    | logits_to_prob_map:271 | topk[1]: token_id=236789, text=''', logprob=-8.5004, prob=0.000203
2025-11-21 18:25:38 | DEBUG    | logits_to_prob_map:271 | topk[2]: token_id=1018, text='**', logprob=-9.7504, prob=0.000058
2025-11-21 18:25:38 | DEBUG    | logits_to_prob_map:271 | topk[3]: token_id=236799, text='B', logprob=-10.3754, prob=0.000031
2025-11-21 18:25:38 | DEBUG    | logits_to_prob_map:271 | topk[4]: token_id=1071, text='to', logprob=-11.1254, prob=0.000015
2025-11-21 18:25:38 | DEBUG    | logits_to_prob_map:271 | topk[5]: token_id=236775, text='"', logprob=-11.1254, prob=0.000015
2025-11-21 18:25:38 | DEBUG    | logits_to_prob_map:271 | topk[6]: token_id=74314, text='Assistant', logprob=-11.2504, prob=0.000013
2025-11-21 18:25:38 | DEBUG    | logits_to_prob_map:271 | topk[7]: token_id=236929, text='`', logprob=-11.3754, prob=0.000011
2025-11-21 18:25:38 | DEBUG    | logits_to_prob_map:271 | topk[8]: token_id=107, text='
', logprob=-11.5004, prob=0.000010
2025-11-21 18:25:38 | DEBUG    | logits_to_prob_map:271 | topk[9]: token_id=2205, text='As', logprob=-11.8754, prob=0.000007
2025-11-21 18:25:38 | DEBUG    | only_abt_probs:289 | only_abt_probs result: {'A': 0.9995669810232084, 'B': 3.118937805280234e-05, 'T': 2.534921532255416e-07}
2025-11-21 18:25:38 | DEBUG    | main:520 | RJ prompt (truncated): <bos><start_of_turn>user
You are an impartial and unbiased judge.

You will be given answers from two assistants (Assistant A and Assistant B) to a user prompt. Please act as an impartial judge and evaluate the quality of their answers. You must output only one of the following choices:
'A' if Assistant A's answer is better.
'T' if both answers are relatively the same in quality.
'B' if Assistant B's answer is better.
Do not think or reason. Just choose which answer you prefer: A or B or T.
Outp...<truncated 12247 chars>
2025-11-21 18:25:38 | DEBUG    | main:550 | RJ prompt length: 4890
2025-11-21 18:25:41 | DEBUG    | main:571 | RJ: Generated 2 steps
2025-11-21 18:25:41 | DEBUG    | main:577 | RJ: generated text='B''
2025-11-21 18:25:41 | DEBUG    | main:583 | RJ step 0: token_id=236799, text='B'
2025-11-21 18:25:41 | DEBUG    | main:586 | RJ: Found A/B/T at step 0
2025-11-21 18:25:41 | DEBUG    | main:593 | RJ step 0: extracting probs from logits
2025-11-21 18:25:41 | DEBUG    | logits_to_prob_map:248 | logits_to_prob_map: input shape=torch.Size([262208]), dtype=torch.float32
2025-11-21 18:25:41 | DEBUG    | logits_to_prob_map:261 | Top-k extraction: k=50, top logprobs range=[-19.3750, -0.0000]
2025-11-21 18:25:41 | DEBUG    | logits_to_prob_map:271 | topk[0]: token_id=236799, text='B', logprob=-0.0000, prob=0.999973
2025-11-21 18:25:41 | DEBUG    | logits_to_prob_map:271 | topk[1]: token_id=236776, text='A', logprob=-11.3750, prob=0.000011
2025-11-21 18:25:41 | DEBUG    | logits_to_prob_map:271 | topk[2]: token_id=236789, text=''', logprob=-11.6250, prob=0.000009
2025-11-21 18:25:41 | DEBUG    | logits_to_prob_map:271 | topk[3]: token_id=1018, text='**', logprob=-12.8750, prob=0.000003
2025-11-21 18:25:41 | DEBUG    | logits_to_prob_map:271 | topk[4]: token_id=35343, text='Bs', logprob=-14.0000, prob=0.000001
2025-11-21 18:25:41 | DEBUG    | logits_to_prob_map:271 | topk[5]: token_id=14433, text='answer', logprob=-14.3750, prob=0.000001
2025-11-21 18:25:41 | DEBUG    | logits_to_prob_map:271 | topk[6]: token_id=74314, text='Assistant', logprob=-14.5000, prob=0.000001
2025-11-21 18:25:41 | DEBUG    | logits_to_prob_map:271 | topk[7]: token_id=236763, text='b', logprob=-14.6250, prob=0.000000
2025-11-21 18:25:41 | DEBUG    | logits_to_prob_map:271 | topk[8]: token_id=1071, text='to', logprob=-14.8750, prob=0.000000
2025-11-21 18:25:41 | DEBUG    | logits_to_prob_map:271 | topk[9]: token_id=236775, text='"', logprob=-15.3750, prob=0.000000
2025-11-21 18:25:41 | DEBUG    | only_abt_probs:289 | only_abt_probs result: {'A': 1.1478593375106814e-05, 'B': 0.9999728210205924, 'T': 0.0}
2025-11-21 18:25:41 | DEBUG    | main:654 | Row 35 complete: JR={'A': 0.9995669810232084, 'B': 3.118937805280234e-05, 'T': 2.534921532255416e-07}, RJ={'A': 1.1478593375106814e-05, 'B': 0.9999728210205924, 'T': 0.0}, combined_norm={'A': 0.9999785347897456, 'B': 2.1338437728181164e-05, 'T': 1.267725262103195e-07}
2025-11-21 18:25:41 | DEBUG    | main:503 | ========== Row 36 ==========
2025-11-21 18:25:41 | DEBUG    | main:504 | Built msgs_jr with 2 messages
2025-11-21 18:25:41 | DEBUG    | main:506 | msgs_jr[0] role=system content=You are an impartial and unbiased judge.
2025-11-21 18:25:41 | DEBUG    | main:506 | msgs_jr[1] role=user content=You will be given answers from two assistants (Assistant A and Assistant B) to a user prompt. Please act as an impartial judge and evaluate the quality of their answers. You must output only one of the following choices:
'A' if Assistant A's answer is better.
'T' if both answers are relatively the s...<truncated 21845 chars>
2025-11-21 18:25:41 | DEBUG    | main:520 | JR prompt (truncated): <bos><start_of_turn>user
You are an impartial and unbiased judge.

You will be given answers from two assistants (Assistant A and Assistant B) to a user prompt. Please act as an impartial judge and evaluate the quality of their answers. You must output only one of the following choices:
'A' if Assistant A's answer is better.
'T' if both answers are relatively the same in quality.
'B' if Assistant B's answer is better.
Do not think or reason. Just choose which answer you prefer: A or B or T.
Outp...<truncated 22060 chars>
2025-11-21 18:25:41 | DEBUG    | main:550 | JR prompt length: 9720
2025-11-21 18:25:48 | DEBUG    | main:571 | JR: Generated 2 steps
2025-11-21 18:25:48 | DEBUG    | main:577 | JR: generated text='A''
2025-11-21 18:25:48 | DEBUG    | main:583 | JR step 0: token_id=236776, text='A'
2025-11-21 18:25:48 | DEBUG    | main:586 | JR: Found A/B/T at step 0
2025-11-21 18:25:48 | DEBUG    | main:593 | JR step 0: extracting probs from logits
2025-11-21 18:25:48 | DEBUG    | logits_to_prob_map:248 | logits_to_prob_map: input shape=torch.Size([262208]), dtype=torch.float32
2025-11-21 18:25:48 | DEBUG    | logits_to_prob_map:261 | Top-k extraction: k=50, top logprobs range=[-17.6283, -0.0033]
2025-11-21 18:25:48 | DEBUG    | logits_to_prob_map:271 | topk[0]: token_id=236776, text='A', logprob=-0.0033, prob=0.996712
2025-11-21 18:25:48 | DEBUG    | logits_to_prob_map:271 | topk[1]: token_id=236799, text='B', logprob=-5.7533, prob=0.003172
2025-11-21 18:25:48 | DEBUG    | logits_to_prob_map:271 | topk[2]: token_id=236789, text=''', logprob=-9.6283, prob=0.000066
2025-11-21 18:25:48 | DEBUG    | logits_to_prob_map:271 | topk[3]: token_id=1018, text='**', logprob=-10.3783, prob=0.000031
2025-11-21 18:25:48 | DEBUG    | logits_to_prob_map:271 | topk[4]: token_id=74314, text='Assistant', logprob=-12.8783, prob=0.000003
2025-11-21 18:25:48 | DEBUG    | logits_to_prob_map:271 | topk[5]: token_id=236775, text='"', logprob=-13.0033, prob=0.000002
2025-11-21 18:25:48 | DEBUG    | logits_to_prob_map:271 | topk[6]: token_id=1071, text='to', logprob=-13.1283, prob=0.000002
2025-11-21 18:25:48 | DEBUG    | logits_to_prob_map:271 | topk[7]: token_id=236929, text='`', logprob=-13.3783, prob=0.000002
2025-11-21 18:25:48 | DEBUG    | logits_to_prob_map:271 | topk[8]: token_id=14433, text='answer', logprob=-13.3783, prob=0.000002
2025-11-21 18:25:48 | DEBUG    | logits_to_prob_map:271 | topk[9]: token_id=7925, text='Answer', logprob=-13.5033, prob=0.000001
2025-11-21 18:25:48 | DEBUG    | only_abt_probs:289 | only_abt_probs result: {'A': 0.9967123234548715, 'B': 0.0031723170185264937, 'T': 4.126323236133478e-08}
2025-11-21 18:25:48 | DEBUG    | main:520 | RJ prompt (truncated): <bos><start_of_turn>user
You are an impartial and unbiased judge.

You will be given answers from two assistants (Assistant A and Assistant B) to a user prompt. Please act as an impartial judge and evaluate the quality of their answers. You must output only one of the following choices:
'A' if Assistant A's answer is better.
'T' if both answers are relatively the same in quality.
'B' if Assistant B's answer is better.
Do not think or reason. Just choose which answer you prefer: A or B or T.
Outp...<truncated 22060 chars>
2025-11-21 18:25:48 | DEBUG    | main:550 | RJ prompt length: 9720
2025-11-21 18:25:54 | DEBUG    | main:571 | RJ: Generated 2 steps
2025-11-21 18:25:54 | DEBUG    | main:577 | RJ: generated text='B''
2025-11-21 18:25:54 | DEBUG    | main:583 | RJ step 0: token_id=236799, text='B'
2025-11-21 18:25:54 | DEBUG    | main:586 | RJ: Found A/B/T at step 0
2025-11-21 18:25:54 | DEBUG    | main:593 | RJ step 0: extracting probs from logits
2025-11-21 18:25:54 | DEBUG    | logits_to_prob_map:248 | logits_to_prob_map: input shape=torch.Size([262208]), dtype=torch.float32
2025-11-21 18:25:54 | DEBUG    | logits_to_prob_map:261 | Top-k extraction: k=50, top logprobs range=[-19.1631, -0.0381]
2025-11-21 18:25:54 | DEBUG    | logits_to_prob_map:271 | topk[0]: token_id=236799, text='B', logprob=-0.0381, prob=0.962620
2025-11-21 18:25:54 | DEBUG    | logits_to_prob_map:271 | topk[1]: token_id=236776, text='A', logprob=-3.2881, prob=0.037325
2025-11-21 18:25:54 | DEBUG    | logits_to_prob_map:271 | topk[2]: token_id=236789, text=''', logprob=-10.1631, prob=0.000039
2025-11-21 18:25:54 | DEBUG    | logits_to_prob_map:271 | topk[3]: token_id=1018, text='**', logprob=-11.4131, prob=0.000011
2025-11-21 18:25:54 | DEBUG    | logits_to_prob_map:271 | topk[4]: token_id=14433, text='answer', logprob=-13.2881, prob=0.000002
2025-11-21 18:25:54 | DEBUG    | logits_to_prob_map:271 | topk[5]: token_id=236775, text='"', logprob=-13.6631, prob=0.000001
2025-11-21 18:25:54 | DEBUG    | logits_to_prob_map:271 | topk[6]: token_id=1071, text='to', logprob=-14.6631, prob=0.000000
2025-11-21 18:25:54 | DEBUG    | logits_to_prob_map:271 | topk[7]: token_id=7925, text='Answer', logprob=-14.9131, prob=0.000000
2025-11-21 18:25:54 | DEBUG    | logits_to_prob_map:271 | topk[8]: token_id=236763, text='b', logprob=-15.1631, prob=0.000000
2025-11-21 18:25:54 | DEBUG    | logits_to_prob_map:271 | topk[9]: token_id=74314, text='Assistant', logprob=-15.4131, prob=0.000000
2025-11-21 18:25:54 | DEBUG    | only_abt_probs:289 | only_abt_probs result: {'A': 0.03732484122195188, 'B': 0.9626202671625569, 'T': 1.1417763708775361e-08}
2025-11-21 18:25:54 | DEBUG    | main:654 | Row 36 complete: JR={'A': 0.9967123234548715, 'B': 0.0031723170185264937, 'T': 4.126323236133478e-08}, RJ={'A': 0.03732484122195188, 'B': 0.9626202671625569, 'T': 1.1417763708775361e-08}, combined_norm={'A': 0.9797496712518681, 'B': 0.020250302405392263, 'T': 2.634273978194106e-08}
2025-11-21 18:25:54 | DEBUG    | main:503 | ========== Row 37 ==========
2025-11-21 18:25:54 | DEBUG    | main:504 | Built msgs_jr with 2 messages
2025-11-21 18:25:54 | DEBUG    | main:506 | msgs_jr[0] role=system content=You are an impartial and unbiased judge.
2025-11-21 18:25:54 | DEBUG    | main:506 | msgs_jr[1] role=user content=You will be given answers from two assistants (Assistant A and Assistant B) to a user prompt. Please act as an impartial judge and evaluate the quality of their answers. You must output only one of the following choices:
'A' if Assistant A's answer is better.
'T' if both answers are relatively the s...<truncated 5657 chars>
2025-11-21 18:25:54 | DEBUG    | main:520 | JR prompt (truncated): <bos><start_of_turn>user
You are an impartial and unbiased judge.

You will be given answers from two assistants (Assistant A and Assistant B) to a user prompt. Please act as an impartial judge and evaluate the quality of their answers. You must output only one of the following choices:
'A' if Assistant A's answer is better.
'T' if both answers are relatively the same in quality.
'B' if Assistant B's answer is better.
Do not think or reason. Just choose which answer you prefer: A or B or T.
Outp...<truncated 5872 chars>
2025-11-21 18:25:54 | DEBUG    | main:550 | JR prompt length: 2145
2025-11-21 18:25:55 | DEBUG    | main:571 | JR: Generated 2 steps
2025-11-21 18:25:55 | DEBUG    | main:577 | JR: generated text='A''
2025-11-21 18:25:55 | DEBUG    | main:583 | JR step 0: token_id=236776, text='A'
2025-11-21 18:25:55 | DEBUG    | main:586 | JR: Found A/B/T at step 0
2025-11-21 18:25:55 | DEBUG    | main:593 | JR step 0: extracting probs from logits
2025-11-21 18:25:55 | DEBUG    | logits_to_prob_map:248 | logits_to_prob_map: input shape=torch.Size([262208]), dtype=torch.float32
2025-11-21 18:25:55 | DEBUG    | logits_to_prob_map:261 | Top-k extraction: k=50, top logprobs range=[-22.0067, -0.0067]
2025-11-21 18:25:55 | DEBUG    | logits_to_prob_map:271 | topk[0]: token_id=236776, text='A', logprob=-0.0067, prob=0.993303
2025-11-21 18:25:55 | DEBUG    | logits_to_prob_map:271 | topk[1]: token_id=236799, text='B', logprob=-5.0067, prob=0.006693
2025-11-21 18:25:55 | DEBUG    | logits_to_prob_map:271 | topk[2]: token_id=1018, text='**', logprob=-12.8817, prob=0.000003
2025-11-21 18:25:55 | DEBUG    | logits_to_prob_map:271 | topk[3]: token_id=236789, text=''', logprob=-13.5067, prob=0.000001
2025-11-21 18:25:55 | DEBUG    | logits_to_prob_map:271 | topk[4]: token_id=236775, text='"', logprob=-16.8817, prob=0.000000
2025-11-21 18:25:55 | DEBUG    | logits_to_prob_map:271 | topk[5]: token_id=236929, text='`', logprob=-17.2567, prob=0.000000
2025-11-21 18:25:55 | DEBUG    | logits_to_prob_map:271 | topk[6]: token_id=1071, text='to', logprob=-17.3817, prob=0.000000
2025-11-21 18:25:55 | DEBUG    | logits_to_prob_map:271 | topk[7]: token_id=236829, text='*', logprob=-18.0067, prob=0.000000
2025-11-21 18:25:55 | DEBUG    | logits_to_prob_map:271 | topk[8]: token_id=236763, text='b', logprob=-18.2567, prob=0.000000
2025-11-21 18:25:55 | DEBUG    | logits_to_prob_map:271 | topk[9]: token_id=237228, text='А', logprob=-18.5067, prob=0.000000
2025-11-21 18:25:55 | DEBUG    | only_abt_probs:289 | only_abt_probs result: {'A': 0.9933030320068416, 'B': 0.006692822541675761, 'T': 1.4071216679603432e-09}
2025-11-21 18:25:55 | DEBUG    | main:520 | RJ prompt (truncated): <bos><start_of_turn>user
You are an impartial and unbiased judge.

You will be given answers from two assistants (Assistant A and Assistant B) to a user prompt. Please act as an impartial judge and evaluate the quality of their answers. You must output only one of the following choices:
'A' if Assistant A's answer is better.
'T' if both answers are relatively the same in quality.
'B' if Assistant B's answer is better.
Do not think or reason. Just choose which answer you prefer: A or B or T.
Outp...<truncated 5872 chars>
2025-11-21 18:25:55 | DEBUG    | main:550 | RJ prompt length: 2145
2025-11-21 18:25:57 | DEBUG    | main:571 | RJ: Generated 2 steps
2025-11-21 18:25:57 | DEBUG    | main:577 | RJ: generated text='A''
2025-11-21 18:25:57 | DEBUG    | main:583 | RJ step 0: token_id=236776, text='A'
2025-11-21 18:25:57 | DEBUG    | main:586 | RJ: Found A/B/T at step 0
2025-11-21 18:25:57 | DEBUG    | main:593 | RJ step 0: extracting probs from logits
2025-11-21 18:25:57 | DEBUG    | logits_to_prob_map:248 | logits_to_prob_map: input shape=torch.Size([262208]), dtype=torch.float32
2025-11-21 18:25:57 | DEBUG    | logits_to_prob_map:261 | Top-k extraction: k=50, top logprobs range=[-20.3502, -0.1002]
2025-11-21 18:25:57 | DEBUG    | logits_to_prob_map:271 | topk[0]: token_id=236776, text='A', logprob=-0.1002, prob=0.904636
2025-11-21 18:25:57 | DEBUG    | logits_to_prob_map:271 | topk[1]: token_id=236799, text='B', logprob=-2.3502, prob=0.095348
2025-11-21 18:25:57 | DEBUG    | logits_to_prob_map:271 | topk[2]: token_id=236789, text=''', logprob=-11.4752, prob=0.000010
2025-11-21 18:25:57 | DEBUG    | logits_to_prob_map:271 | topk[3]: token_id=1018, text='**', logprob=-12.2252, prob=0.000005
2025-11-21 18:25:57 | DEBUG    | logits_to_prob_map:271 | topk[4]: token_id=236775, text='"', logprob=-15.1002, prob=0.000000
2025-11-21 18:25:57 | DEBUG    | logits_to_prob_map:271 | topk[5]: token_id=1071, text='to', logprob=-15.6002, prob=0.000000
2025-11-21 18:25:57 | DEBUG    | logits_to_prob_map:271 | topk[6]: token_id=236763, text='b', logprob=-15.7252, prob=0.000000
2025-11-21 18:25:57 | DEBUG    | logits_to_prob_map:271 | topk[7]: token_id=236929, text='`', logprob=-16.1002, prob=0.000000
2025-11-21 18:25:57 | DEBUG    | logits_to_prob_map:271 | topk[8]: token_id=2205, text='As', logprob=-16.8502, prob=0.000000
2025-11-21 18:25:57 | DEBUG    | logits_to_prob_map:271 | topk[9]: token_id=14433, text='answer', logprob=-16.9752, prob=0.000000
2025-11-21 18:25:57 | DEBUG    | only_abt_probs:289 | only_abt_probs result: {'A': 0.9046356843901383, 'B': 0.09534789112094587, 'T': 0.0}
2025-11-21 18:25:57 | DEBUG    | main:654 | Row 37 complete: JR={'A': 0.9933030320068416, 'B': 0.006692822541675761, 'T': 1.4071216679603432e-09}, RJ={'A': 0.9046356843901383, 'B': 0.09534789112094587, 'T': 0.0}, combined_norm={'A': 0.5443310596096503, 'B': 0.4556689396867816, 'T': 7.035680696617983e-10}
2025-11-21 18:25:57 | DEBUG    | main:503 | ========== Row 38 ==========
2025-11-21 18:25:57 | DEBUG    | main:504 | Built msgs_jr with 2 messages
2025-11-21 18:25:57 | DEBUG    | main:506 | msgs_jr[0] role=system content=You are an impartial and unbiased judge.
2025-11-21 18:25:57 | DEBUG    | main:506 | msgs_jr[1] role=user content=You will be given answers from two assistants (Assistant A and Assistant B) to a user prompt. Please act as an impartial judge and evaluate the quality of their answers. You must output only one of the following choices:
'A' if Assistant A's answer is better.
'T' if both answers are relatively the s...<truncated 4167 chars>
2025-11-21 18:25:57 | DEBUG    | main:520 | JR prompt (truncated): <bos><start_of_turn>user
You are an impartial and unbiased judge.

You will be given answers from two assistants (Assistant A and Assistant B) to a user prompt. Please act as an impartial judge and evaluate the quality of their answers. You must output only one of the following choices:
'A' if Assistant A's answer is better.
'T' if both answers are relatively the same in quality.
'B' if Assistant B's answer is better.
Do not think or reason. Just choose which answer you prefer: A or B or T.
Outp...<truncated 4382 chars>
2025-11-21 18:25:57 | DEBUG    | main:550 | JR prompt length: 1500
2025-11-21 18:25:57 | DEBUG    | main:571 | JR: Generated 2 steps
2025-11-21 18:25:57 | DEBUG    | main:577 | JR: generated text='A''
2025-11-21 18:25:57 | DEBUG    | main:583 | JR step 0: token_id=236776, text='A'
2025-11-21 18:25:57 | DEBUG    | main:586 | JR: Found A/B/T at step 0
2025-11-21 18:25:57 | DEBUG    | main:593 | JR step 0: extracting probs from logits
2025-11-21 18:25:57 | DEBUG    | logits_to_prob_map:248 | logits_to_prob_map: input shape=torch.Size([262208]), dtype=torch.float32
2025-11-21 18:25:57 | DEBUG    | logits_to_prob_map:261 | Top-k extraction: k=50, top logprobs range=[-20.1272, -0.0022]
2025-11-21 18:25:57 | DEBUG    | logits_to_prob_map:271 | topk[0]: token_id=236776, text='A', logprob=-0.0022, prob=0.997798
2025-11-21 18:25:57 | DEBUG    | logits_to_prob_map:271 | topk[1]: token_id=236799, text='B', logprob=-6.1272, prob=0.002183
2025-11-21 18:25:57 | DEBUG    | logits_to_prob_map:271 | topk[2]: token_id=236789, text=''', logprob=-11.1272, prob=0.000015
2025-11-21 18:25:57 | DEBUG    | logits_to_prob_map:271 | topk[3]: token_id=1018, text='**', logprob=-12.7522, prob=0.000003
2025-11-21 18:25:57 | DEBUG    | logits_to_prob_map:271 | topk[4]: token_id=236775, text='"', logprob=-14.3772, prob=0.000001
2025-11-21 18:25:57 | DEBUG    | logits_to_prob_map:271 | topk[5]: token_id=236929, text='`', logprob=-15.2522, prob=0.000000
2025-11-21 18:25:57 | DEBUG    | logits_to_prob_map:271 | topk[6]: token_id=7925, text='Answer', logprob=-15.7522, prob=0.000000
2025-11-21 18:25:57 | DEBUG    | logits_to_prob_map:271 | topk[7]: token_id=2205, text='As', logprob=-16.0022, prob=0.000000
2025-11-21 18:25:57 | DEBUG    | logits_to_prob_map:271 | topk[8]: token_id=14433, text='answer', logprob=-16.0022, prob=0.000000
2025-11-21 18:25:57 | DEBUG    | logits_to_prob_map:271 | topk[9]: token_id=6275, text='response', logprob=-16.3772, prob=0.000000
2025-11-21 18:25:57 | DEBUG    | only_abt_probs:289 | only_abt_probs result: {'A': 0.9977978194946064, 'B': 0.002182674284097104, 'T': 2.2110684250029585e-08}
2025-11-21 18:25:57 | DEBUG    | main:520 | RJ prompt (truncated): <bos><start_of_turn>user
You are an impartial and unbiased judge.

You will be given answers from two assistants (Assistant A and Assistant B) to a user prompt. Please act as an impartial judge and evaluate the quality of their answers. You must output only one of the following choices:
'A' if Assistant A's answer is better.
'T' if both answers are relatively the same in quality.
'B' if Assistant B's answer is better.
Do not think or reason. Just choose which answer you prefer: A or B or T.
Outp...<truncated 4382 chars>
2025-11-21 18:25:57 | DEBUG    | main:550 | RJ prompt length: 1500
2025-11-21 18:25:58 | DEBUG    | main:571 | RJ: Generated 2 steps
2025-11-21 18:25:58 | DEBUG    | main:577 | RJ: generated text='B''
2025-11-21 18:25:58 | DEBUG    | main:583 | RJ step 0: token_id=236799, text='B'
2025-11-21 18:25:58 | DEBUG    | main:586 | RJ: Found A/B/T at step 0
2025-11-21 18:25:58 | DEBUG    | main:593 | RJ step 0: extracting probs from logits
2025-11-21 18:25:58 | DEBUG    | logits_to_prob_map:248 | logits_to_prob_map: input shape=torch.Size([262208]), dtype=torch.float32
2025-11-21 18:25:58 | DEBUG    | logits_to_prob_map:261 | Top-k extraction: k=50, top logprobs range=[-23.5142, -0.0142]
2025-11-21 18:25:58 | DEBUG    | logits_to_prob_map:271 | topk[0]: token_id=236799, text='B', logprob=-0.0142, prob=0.985934
2025-11-21 18:25:58 | DEBUG    | logits_to_prob_map:271 | topk[1]: token_id=236776, text='A', logprob=-4.2642, prob=0.014064
2025-11-21 18:25:58 | DEBUG    | logits_to_prob_map:271 | topk[2]: token_id=1018, text='**', logprob=-13.2642, prob=0.000002
2025-11-21 18:25:58 | DEBUG    | logits_to_prob_map:271 | topk[3]: token_id=236789, text=''', logprob=-14.1392, prob=0.000001
2025-11-21 18:25:58 | DEBUG    | logits_to_prob_map:271 | topk[4]: token_id=236763, text='b', logprob=-18.0142, prob=0.000000
2025-11-21 18:25:58 | DEBUG    | logits_to_prob_map:271 | topk[5]: token_id=236775, text='"', logprob=-18.5142, prob=0.000000
2025-11-21 18:25:58 | DEBUG    | logits_to_prob_map:271 | topk[6]: token_id=1071, text='to', logprob=-18.5142, prob=0.000000
2025-11-21 18:25:58 | DEBUG    | logits_to_prob_map:271 | topk[7]: token_id=35343, text='Bs', logprob=-18.8892, prob=0.000000
2025-11-21 18:25:58 | DEBUG    | logits_to_prob_map:271 | topk[8]: token_id=236929, text='`', logprob=-19.1392, prob=0.000000
2025-11-21 18:25:58 | DEBUG    | logits_to_prob_map:271 | topk[9]: token_id=14433, text='answer', logprob=-19.5142, prob=0.000000
2025-11-21 18:25:58 | DEBUG    | only_abt_probs:289 | only_abt_probs result: {'A': 0.014063592990120936, 'B': 0.9859339470830696, 'T': 7.879544870402367e-11}
2025-11-21 18:25:58 | DEBUG    | main:654 | Row 38 complete: JR={'A': 0.9977978194946064, 'B': 0.002182674284097104, 'T': 2.2110684250029585e-08}, RJ={'A': 0.014063592990120936, 'B': 0.9859339470830696, 'T': 7.879544870402367e-11}, combined_norm={'A': 0.9918767661401972, 'B': 0.008123222764941151, 'T': 1.1094861581958562e-08}
2025-11-21 18:25:58 | DEBUG    | main:503 | ========== Row 39 ==========
2025-11-21 18:25:58 | DEBUG    | main:504 | Built msgs_jr with 2 messages
2025-11-21 18:25:58 | DEBUG    | main:506 | msgs_jr[0] role=system content=You are an impartial and unbiased judge.
2025-11-21 18:25:58 | DEBUG    | main:506 | msgs_jr[1] role=user content=You will be given answers from two assistants (Assistant A and Assistant B) to a user prompt. Please act as an impartial judge and evaluate the quality of their answers. You must output only one of the following choices:
'A' if Assistant A's answer is better.
'T' if both answers are relatively the s...<truncated 7118 chars>
2025-11-21 18:25:58 | DEBUG    | main:520 | JR prompt (truncated): <bos><start_of_turn>user
You are an impartial and unbiased judge.

You will be given answers from two assistants (Assistant A and Assistant B) to a user prompt. Please act as an impartial judge and evaluate the quality of their answers. You must output only one of the following choices:
'A' if Assistant A's answer is better.
'T' if both answers are relatively the same in quality.
'B' if Assistant B's answer is better.
Do not think or reason. Just choose which answer you prefer: A or B or T.
Outp...<truncated 7333 chars>
2025-11-21 18:25:58 | DEBUG    | main:550 | JR prompt length: 2827
2025-11-21 18:25:59 | DEBUG    | main:571 | JR: Generated 2 steps
2025-11-21 18:25:59 | DEBUG    | main:577 | JR: generated text='A''
2025-11-21 18:25:59 | DEBUG    | main:583 | JR step 0: token_id=236776, text='A'
2025-11-21 18:25:59 | DEBUG    | main:586 | JR: Found A/B/T at step 0
2025-11-21 18:25:59 | DEBUG    | main:593 | JR step 0: extracting probs from logits
2025-11-21 18:25:59 | DEBUG    | logits_to_prob_map:248 | logits_to_prob_map: input shape=torch.Size([262208]), dtype=torch.float32
2025-11-21 18:25:59 | DEBUG    | logits_to_prob_map:261 | Top-k extraction: k=50, top logprobs range=[-21.3759, -0.0009]
2025-11-21 18:25:59 | DEBUG    | logits_to_prob_map:271 | topk[0]: token_id=236776, text='A', logprob=-0.0009, prob=0.999053
2025-11-21 18:25:59 | DEBUG    | logits_to_prob_map:271 | topk[1]: token_id=236799, text='B', logprob=-7.0009, prob=0.000911
2025-11-21 18:25:59 | DEBUG    | logits_to_prob_map:271 | topk[2]: token_id=236789, text=''', logprob=-10.3759, prob=0.000031
2025-11-21 18:25:59 | DEBUG    | logits_to_prob_map:271 | topk[3]: token_id=1018, text='**', logprob=-12.5009, prob=0.000004
2025-11-21 18:25:59 | DEBUG    | logits_to_prob_map:271 | topk[4]: token_id=236775, text='"', logprob=-14.6259, prob=0.000000
2025-11-21 18:25:59 | DEBUG    | logits_to_prob_map:271 | topk[5]: token_id=236929, text='`', logprob=-15.1259, prob=0.000000
2025-11-21 18:25:59 | DEBUG    | logits_to_prob_map:271 | topk[6]: token_id=14433, text='answer', logprob=-16.7509, prob=0.000000
2025-11-21 18:25:59 | DEBUG    | logits_to_prob_map:271 | topk[7]: token_id=237095, text='‘', logprob=-16.7509, prob=0.000000
2025-11-21 18:25:59 | DEBUG    | logits_to_prob_map:271 | topk[8]: token_id=236829, text='*', logprob=-17.0009, prob=0.000000
2025-11-21 18:25:59 | DEBUG    | logits_to_prob_map:271 | topk[9]: token_id=237228, text='А', logprob=-17.0009, prob=0.000000
2025-11-21 18:25:59 | DEBUG    | only_abt_probs:289 | only_abt_probs result: {'A': 0.9990529454828606, 'B': 0.0009110183889674427, 'T': 6.342784608216296e-09}
2025-11-21 18:25:59 | DEBUG    | main:520 | RJ prompt (truncated): <bos><start_of_turn>user
You are an impartial and unbiased judge.

You will be given answers from two assistants (Assistant A and Assistant B) to a user prompt. Please act as an impartial judge and evaluate the quality of their answers. You must output only one of the following choices:
'A' if Assistant A's answer is better.
'T' if both answers are relatively the same in quality.
'B' if Assistant B's answer is better.
Do not think or reason. Just choose which answer you prefer: A or B or T.
Outp...<truncated 7333 chars>
2025-11-21 18:25:59 | DEBUG    | main:550 | RJ prompt length: 2827
2025-11-21 18:26:01 | DEBUG    | main:571 | RJ: Generated 2 steps
2025-11-21 18:26:01 | DEBUG    | main:577 | RJ: generated text='A''
2025-11-21 18:26:01 | DEBUG    | main:583 | RJ step 0: token_id=236776, text='A'
2025-11-21 18:26:01 | DEBUG    | main:586 | RJ: Found A/B/T at step 0
2025-11-21 18:26:01 | DEBUG    | main:593 | RJ step 0: extracting probs from logits
2025-11-21 18:26:01 | DEBUG    | logits_to_prob_map:248 | logits_to_prob_map: input shape=torch.Size([262208]), dtype=torch.float32
2025-11-21 18:26:01 | DEBUG    | logits_to_prob_map:261 | Top-k extraction: k=50, top logprobs range=[-21.6259, -0.0009]
2025-11-21 18:26:01 | DEBUG    | logits_to_prob_map:271 | topk[0]: token_id=236776, text='A', logprob=-0.0009, prob=0.999062
2025-11-21 18:26:01 | DEBUG    | logits_to_prob_map:271 | topk[1]: token_id=236799, text='B', logprob=-7.0009, prob=0.000911
2025-11-21 18:26:01 | DEBUG    | logits_to_prob_map:271 | topk[2]: token_id=236789, text=''', logprob=-10.6259, prob=0.000024
2025-11-21 18:26:01 | DEBUG    | logits_to_prob_map:271 | topk[3]: token_id=1018, text='**', logprob=-13.2509, prob=0.000002
2025-11-21 18:26:01 | DEBUG    | logits_to_prob_map:271 | topk[4]: token_id=236775, text='"', logprob=-14.7509, prob=0.000000
2025-11-21 18:26:01 | DEBUG    | logits_to_prob_map:271 | topk[5]: token_id=236929, text='`', logprob=-14.7509, prob=0.000000
2025-11-21 18:26:01 | DEBUG    | logits_to_prob_map:271 | topk[6]: token_id=237095, text='‘', logprob=-16.3759, prob=0.000000
2025-11-21 18:26:01 | DEBUG    | logits_to_prob_map:271 | topk[7]: token_id=237228, text='А', logprob=-16.7509, prob=0.000000
2025-11-21 18:26:01 | DEBUG    | logits_to_prob_map:271 | topk[8]: token_id=238339, text='Α', logprob=-17.3759, prob=0.000000
2025-11-21 18:26:01 | DEBUG    | logits_to_prob_map:271 | topk[9]: token_id=14433, text='answer', logprob=-17.5009, prob=0.000000
2025-11-21 18:26:01 | DEBUG    | only_abt_probs:289 | only_abt_probs result: {'A': 0.9990617503388446, 'B': 0.0009110262083345537, 'T': 1.8172555463217202e-09}
2025-11-21 18:26:01 | DEBUG    | main:654 | Row 39 complete: JR={'A': 0.9990529454828606, 'B': 0.0009110183889674427, 'T': 6.342784608216296e-09}, RJ={'A': 0.9990617503388446, 'B': 0.0009110262083345537, 'T': 1.8172555463217202e-09}, combined_norm={'A': 0.49999779863121585, 'B': 0.5000021972886349, 'T': 4.080149114883615e-09}
2025-11-21 18:26:01 | INFO     | main:501 | Processing row 40/861
2025-11-21 18:26:01 | DEBUG    | main:503 | ========== Row 40 ==========
2025-11-21 18:26:01 | DEBUG    | main:504 | Built msgs_jr with 2 messages
2025-11-21 18:26:01 | DEBUG    | main:506 | msgs_jr[0] role=system content=You are an impartial and unbiased judge.
2025-11-21 18:26:01 | DEBUG    | main:506 | msgs_jr[1] role=user content=You will be given answers from two assistants (Assistant A and Assistant B) to a user prompt. Please act as an impartial judge and evaluate the quality of their answers. You must output only one of the following choices:
'A' if Assistant A's answer is better.
'T' if both answers are relatively the s...<truncated 29277 chars>
2025-11-21 18:26:01 | DEBUG    | main:520 | JR prompt (truncated): <bos><start_of_turn>user
You are an impartial and unbiased judge.

You will be given answers from two assistants (Assistant A and Assistant B) to a user prompt. Please act as an impartial judge and evaluate the quality of their answers. You must output only one of the following choices:
'A' if Assistant A's answer is better.
'T' if both answers are relatively the same in quality.
'B' if Assistant B's answer is better.
Do not think or reason. Just choose which answer you prefer: A or B or T.
Outp...<truncated 29492 chars>
2025-11-21 18:26:01 | DEBUG    | main:550 | JR prompt length: 9415
2025-11-21 18:26:07 | DEBUG    | main:571 | JR: Generated 2 steps
2025-11-21 18:26:07 | DEBUG    | main:577 | JR: generated text='A''
2025-11-21 18:26:07 | DEBUG    | main:583 | JR step 0: token_id=236776, text='A'
2025-11-21 18:26:07 | DEBUG    | main:586 | JR: Found A/B/T at step 0
2025-11-21 18:26:07 | DEBUG    | main:593 | JR step 0: extracting probs from logits
2025-11-21 18:26:07 | DEBUG    | logits_to_prob_map:248 | logits_to_prob_map: input shape=torch.Size([262208]), dtype=torch.float32
2025-11-21 18:26:07 | DEBUG    | logits_to_prob_map:261 | Top-k extraction: k=50, top logprobs range=[-15.3759, -0.0009]
2025-11-21 18:26:07 | DEBUG    | logits_to_prob_map:271 | topk[0]: token_id=236776, text='A', logprob=-0.0009, prob=0.999149
2025-11-21 18:26:07 | DEBUG    | logits_to_prob_map:271 | topk[1]: token_id=236789, text=''', logprob=-8.1259, prob=0.000296
2025-11-21 18:26:07 | DEBUG    | logits_to_prob_map:271 | topk[2]: token_id=236799, text='B', logprob=-8.7509, prob=0.000158
2025-11-21 18:26:07 | DEBUG    | logits_to_prob_map:271 | topk[3]: token_id=74314, text='Assistant', logprob=-8.8759, prob=0.000140
2025-11-21 18:26:07 | DEBUG    | logits_to_prob_map:271 | topk[4]: token_id=1018, text='**', logprob=-10.0009, prob=0.000045
2025-11-21 18:26:07 | DEBUG    | logits_to_prob_map:271 | topk[5]: token_id=14433, text='answer', logprob=-10.1259, prob=0.000040
2025-11-21 18:26:07 | DEBUG    | logits_to_prob_map:271 | topk[6]: token_id=7925, text='Answer', logprob=-10.2509, prob=0.000035
2025-11-21 18:26:07 | DEBUG    | logits_to_prob_map:271 | topk[7]: token_id=1071, text='to', logprob=-10.6259, prob=0.000024
2025-11-21 18:26:07 | DEBUG    | logits_to_prob_map:271 | topk[8]: token_id=236775, text='"', logprob=-10.8759, prob=0.000019
2025-11-21 18:26:07 | DEBUG    | logits_to_prob_map:271 | topk[9]: token_id=236746, text='a', logprob=-11.2509, prob=0.000013
2025-11-21 18:26:07 | DEBUG    | only_abt_probs:289 | only_abt_probs result: {'A': 0.9991487364882605, 'B': 0.00015832643196066694, 'T': 0.0}
2025-11-21 18:26:07 | DEBUG    | main:520 | RJ prompt (truncated): <bos><start_of_turn>user
You are an impartial and unbiased judge.

You will be given answers from two assistants (Assistant A and Assistant B) to a user prompt. Please act as an impartial judge and evaluate the quality of their answers. You must output only one of the following choices:
'A' if Assistant A's answer is better.
'T' if both answers are relatively the same in quality.
'B' if Assistant B's answer is better.
Do not think or reason. Just choose which answer you prefer: A or B or T.
Outp...<truncated 29492 chars>
2025-11-21 18:26:07 | DEBUG    | main:550 | RJ prompt length: 9415
2025-11-21 18:26:14 | DEBUG    | main:571 | RJ: Generated 2 steps
2025-11-21 18:26:14 | DEBUG    | main:577 | RJ: generated text='B''
2025-11-21 18:26:14 | DEBUG    | main:583 | RJ step 0: token_id=236799, text='B'
2025-11-21 18:26:14 | DEBUG    | main:586 | RJ: Found A/B/T at step 0
2025-11-21 18:26:14 | DEBUG    | main:593 | RJ step 0: extracting probs from logits
2025-11-21 18:26:14 | DEBUG    | logits_to_prob_map:248 | logits_to_prob_map: input shape=torch.Size([262208]), dtype=torch.float32
2025-11-21 18:26:14 | DEBUG    | logits_to_prob_map:261 | Top-k extraction: k=50, top logprobs range=[-16.2506, -0.0006]
2025-11-21 18:26:14 | DEBUG    | logits_to_prob_map:271 | topk[0]: token_id=236799, text='B', logprob=-0.0006, prob=0.999383
2025-11-21 18:26:14 | DEBUG    | logits_to_prob_map:271 | topk[1]: token_id=236776, text='A', logprob=-8.0006, prob=0.000335
2025-11-21 18:26:14 | DEBUG    | logits_to_prob_map:271 | topk[2]: token_id=236789, text=''', logprob=-8.7506, prob=0.000158
2025-11-21 18:26:14 | DEBUG    | logits_to_prob_map:271 | topk[3]: token_id=1018, text='**', logprob=-10.5006, prob=0.000028
2025-11-21 18:26:14 | DEBUG    | logits_to_prob_map:271 | topk[4]: token_id=74314, text='Assistant', logprob=-10.6256, prob=0.000024
2025-11-21 18:26:14 | DEBUG    | logits_to_prob_map:271 | topk[5]: token_id=14433, text='answer', logprob=-10.8756, prob=0.000019
2025-11-21 18:26:14 | DEBUG    | logits_to_prob_map:271 | topk[6]: token_id=1071, text='to', logprob=-11.6256, prob=0.000009
2025-11-21 18:26:14 | DEBUG    | logits_to_prob_map:271 | topk[7]: token_id=35343, text='Bs', logprob=-12.0006, prob=0.000006
2025-11-21 18:26:14 | DEBUG    | logits_to_prob_map:271 | topk[8]: token_id=7925, text='Answer', logprob=-12.1256, prob=0.000005
2025-11-21 18:26:14 | DEBUG    | logits_to_prob_map:271 | topk[9]: token_id=236775, text='"', logprob=-12.2506, prob=0.000005
2025-11-21 18:26:14 | DEBUG    | only_abt_probs:289 | only_abt_probs result: {'A': 0.00033525538243014567, 'B': 0.999382638853914, 'T': 0.0}
2025-11-21 18:26:14 | DEBUG    | main:654 | Row 40 complete: JR={'A': 0.9991487364882605, 'B': 0.00015832643196066694, 'T': 0.0}, RJ={'A': 0.00033525538243014567, 'B': 0.999382638853914, 'T': 0.0}, combined_norm={'A': 0.9997530887182655, 'B': 0.00024691128173451554, 'T': 0.0}
2025-11-21 18:26:14 | DEBUG    | main:503 | ========== Row 41 ==========
2025-11-21 18:26:14 | DEBUG    | main:504 | Built msgs_jr with 2 messages
2025-11-21 18:26:14 | DEBUG    | main:506 | msgs_jr[0] role=system content=You are an impartial and unbiased judge.
2025-11-21 18:26:14 | DEBUG    | main:506 | msgs_jr[1] role=user content=You will be given answers from two assistants (Assistant A and Assistant B) to a user prompt. Please act as an impartial judge and evaluate the quality of their answers. You must output only one of the following choices:
'A' if Assistant A's answer is better.
'T' if both answers are relatively the s...<truncated 3861 chars>
2025-11-21 18:26:14 | DEBUG    | main:520 | JR prompt (truncated): <bos><start_of_turn>user
You are an impartial and unbiased judge.

You will be given answers from two assistants (Assistant A and Assistant B) to a user prompt. Please act as an impartial judge and evaluate the quality of their answers. You must output only one of the following choices:
'A' if Assistant A's answer is better.
'T' if both answers are relatively the same in quality.
'B' if Assistant B's answer is better.
Do not think or reason. Just choose which answer you prefer: A or B or T.
Outp...<truncated 4076 chars>
2025-11-21 18:26:14 | DEBUG    | main:550 | JR prompt length: 1429
2025-11-21 18:26:14 | DEBUG    | main:571 | JR: Generated 2 steps
2025-11-21 18:26:14 | DEBUG    | main:577 | JR: generated text='A''
2025-11-21 18:26:14 | DEBUG    | main:583 | JR step 0: token_id=236776, text='A'
2025-11-21 18:26:14 | DEBUG    | main:586 | JR: Found A/B/T at step 0
2025-11-21 18:26:14 | DEBUG    | main:593 | JR step 0: extracting probs from logits
2025-11-21 18:26:14 | DEBUG    | logits_to_prob_map:248 | logits_to_prob_map: input shape=torch.Size([262208]), dtype=torch.float32
2025-11-21 18:26:14 | DEBUG    | logits_to_prob_map:261 | Top-k extraction: k=50, top logprobs range=[-20.3750, -0.0000]
2025-11-21 18:26:14 | DEBUG    | logits_to_prob_map:271 | topk[0]: token_id=236776, text='A', logprob=-0.0000, prob=0.999957
2025-11-21 18:26:14 | DEBUG    | logits_to_prob_map:271 | topk[1]: token_id=236799, text='B', logprob=-10.7500, prob=0.000021
2025-11-21 18:26:14 | DEBUG    | logits_to_prob_map:271 | topk[2]: token_id=236789, text=''', logprob=-11.1250, prob=0.000015
2025-11-21 18:26:14 | DEBUG    | logits_to_prob_map:271 | topk[3]: token_id=1018, text='**', logprob=-12.1250, prob=0.000005
2025-11-21 18:26:14 | DEBUG    | logits_to_prob_map:271 | topk[4]: token_id=236775, text='"', logprob=-14.6250, prob=0.000000
2025-11-21 18:26:14 | DEBUG    | logits_to_prob_map:271 | topk[5]: token_id=236929, text='`', logprob=-15.5000, prob=0.000000
2025-11-21 18:26:14 | DEBUG    | logits_to_prob_map:271 | topk[6]: token_id=7925, text='Answer', logprob=-16.3750, prob=0.000000
2025-11-21 18:26:14 | DEBUG    | logits_to_prob_map:271 | topk[7]: token_id=107, text='
', logprob=-16.6250, prob=0.000000
2025-11-21 18:26:14 | DEBUG    | logits_to_prob_map:271 | topk[8]: token_id=14433, text='answer', logprob=-16.6250, prob=0.000000
2025-11-21 18:26:14 | DEBUG    | logits_to_prob_map:271 | topk[9]: token_id=237095, text='‘', logprob=-16.7500, prob=0.000000
2025-11-21 18:26:14 | DEBUG    | only_abt_probs:289 | only_abt_probs result: {'A': 0.9999572056975242, 'B': 2.1444487999256937e-05, 'T': 1.8188853624844871e-09}
2025-11-21 18:26:14 | DEBUG    | main:520 | RJ prompt (truncated): <bos><start_of_turn>user
You are an impartial and unbiased judge.

You will be given answers from two assistants (Assistant A and Assistant B) to a user prompt. Please act as an impartial judge and evaluate the quality of their answers. You must output only one of the following choices:
'A' if Assistant A's answer is better.
'T' if both answers are relatively the same in quality.
'B' if Assistant B's answer is better.
Do not think or reason. Just choose which answer you prefer: A or B or T.
Outp...<truncated 4076 chars>
2025-11-21 18:26:14 | DEBUG    | main:550 | RJ prompt length: 1429
2025-11-21 18:26:15 | DEBUG    | main:571 | RJ: Generated 2 steps
2025-11-21 18:26:15 | DEBUG    | main:577 | RJ: generated text='B.'
2025-11-21 18:26:15 | DEBUG    | main:583 | RJ step 0: token_id=236799, text='B'
2025-11-21 18:26:15 | DEBUG    | main:586 | RJ: Found A/B/T at step 0
2025-11-21 18:26:15 | DEBUG    | main:593 | RJ step 0: extracting probs from logits
2025-11-21 18:26:15 | DEBUG    | logits_to_prob_map:248 | logits_to_prob_map: input shape=torch.Size([262208]), dtype=torch.float32
2025-11-21 18:26:15 | DEBUG    | logits_to_prob_map:261 | Top-k extraction: k=50, top logprobs range=[-23.1250, -0.0000]
2025-11-21 18:26:15 | DEBUG    | logits_to_prob_map:271 | topk[0]: token_id=236799, text='B', logprob=-0.0000, prob=0.999978
2025-11-21 18:26:15 | DEBUG    | logits_to_prob_map:271 | topk[1]: token_id=236776, text='A', logprob=-10.8750, prob=0.000019
2025-11-21 18:26:15 | DEBUG    | logits_to_prob_map:271 | topk[2]: token_id=1018, text='**', logprob=-13.3750, prob=0.000002
2025-11-21 18:26:15 | DEBUG    | logits_to_prob_map:271 | topk[3]: token_id=236789, text=''', logprob=-13.7500, prob=0.000001
2025-11-21 18:26:15 | DEBUG    | logits_to_prob_map:271 | topk[4]: token_id=14433, text='answer', logprob=-16.8750, prob=0.000000
2025-11-21 18:26:15 | DEBUG    | logits_to_prob_map:271 | topk[5]: token_id=74314, text='Assistant', logprob=-17.3750, prob=0.000000
2025-11-21 18:26:15 | DEBUG    | logits_to_prob_map:271 | topk[6]: token_id=236763, text='b', logprob=-17.5000, prob=0.000000
2025-11-21 18:26:15 | DEBUG    | logits_to_prob_map:271 | topk[7]: token_id=7925, text='Answer', logprob=-18.2500, prob=0.000000
2025-11-21 18:26:15 | DEBUG    | logits_to_prob_map:271 | topk[8]: token_id=236775, text='"', logprob=-18.3750, prob=0.000000
2025-11-21 18:26:15 | DEBUG    | logits_to_prob_map:271 | topk[9]: token_id=236929, text='`', logprob=-18.6250, prob=0.000000
2025-11-21 18:26:15 | DEBUG    | only_abt_probs:289 | only_abt_probs result: {'A': 1.8925091296908553e-05, 'B': 0.9999783043793048, 'T': 0.0}
2025-11-21 18:26:15 | DEBUG    | main:654 | Row 41 complete: JR={'A': 0.9999572056975242, 'B': 2.1444487999256937e-05, 'T': 1.8188853624844871e-09}, RJ={'A': 1.8925091296908553e-05, 'B': 0.9999783043793048, 'T': 0.0}, combined_norm={'A': 0.9999798140574817, 'B': 2.0185033064694938e-05, 'T': 9.094536485825187e-10}
2025-11-21 18:26:15 | DEBUG    | main:503 | ========== Row 42 ==========
2025-11-21 18:26:15 | DEBUG    | main:504 | Built msgs_jr with 2 messages
2025-11-21 18:26:15 | DEBUG    | main:506 | msgs_jr[0] role=system content=You are an impartial and unbiased judge.
2025-11-21 18:26:15 | DEBUG    | main:506 | msgs_jr[1] role=user content=You will be given answers from two assistants (Assistant A and Assistant B) to a user prompt. Please act as an impartial judge and evaluate the quality of their answers. You must output only one of the following choices:
'A' if Assistant A's answer is better.
'T' if both answers are relatively the s...<truncated 14747 chars>
2025-11-21 18:26:15 | DEBUG    | main:520 | JR prompt (truncated): <bos><start_of_turn>user
You are an impartial and unbiased judge.

You will be given answers from two assistants (Assistant A and Assistant B) to a user prompt. Please act as an impartial judge and evaluate the quality of their answers. You must output only one of the following choices:
'A' if Assistant A's answer is better.
'T' if both answers are relatively the same in quality.
'B' if Assistant B's answer is better.
Do not think or reason. Just choose which answer you prefer: A or B or T.
Outp...<truncated 14962 chars>
2025-11-21 18:26:15 | DEBUG    | main:550 | JR prompt length: 7188
2025-11-21 18:26:19 | DEBUG    | main:571 | JR: Generated 2 steps
2025-11-21 18:26:19 | DEBUG    | main:577 | JR: generated text='B''
2025-11-21 18:26:19 | DEBUG    | main:583 | JR step 0: token_id=236799, text='B'
2025-11-21 18:26:19 | DEBUG    | main:586 | JR: Found A/B/T at step 0
2025-11-21 18:26:19 | DEBUG    | main:593 | JR step 0: extracting probs from logits
2025-11-21 18:26:19 | DEBUG    | logits_to_prob_map:248 | logits_to_prob_map: input shape=torch.Size([262208]), dtype=torch.float32
2025-11-21 18:26:19 | DEBUG    | logits_to_prob_map:261 | Top-k extraction: k=50, top logprobs range=[-17.1549, -0.0299]
2025-11-21 18:26:19 | DEBUG    | logits_to_prob_map:271 | topk[0]: token_id=236799, text='B', logprob=-0.0299, prob=0.970509
2025-11-21 18:26:19 | DEBUG    | logits_to_prob_map:271 | topk[1]: token_id=236776, text='A', logprob=-3.5299, prob=0.029307
2025-11-21 18:26:19 | DEBUG    | logits_to_prob_map:271 | topk[2]: token_id=236789, text=''', logprob=-9.0299, prob=0.000120
2025-11-21 18:26:19 | DEBUG    | logits_to_prob_map:271 | topk[3]: token_id=14433, text='answer', logprob=-10.6549, prob=0.000024
2025-11-21 18:26:19 | DEBUG    | logits_to_prob_map:271 | topk[4]: token_id=1018, text='**', logprob=-11.5299, prob=0.000010
2025-11-21 18:26:19 | DEBUG    | logits_to_prob_map:271 | topk[5]: token_id=1071, text='to', logprob=-11.7799, prob=0.000008
2025-11-21 18:26:19 | DEBUG    | logits_to_prob_map:271 | topk[6]: token_id=236775, text='"', logprob=-12.4049, prob=0.000004
2025-11-21 18:26:19 | DEBUG    | logits_to_prob_map:271 | topk[7]: token_id=7925, text='Answer', logprob=-12.5299, prob=0.000004
2025-11-21 18:26:19 | DEBUG    | logits_to_prob_map:271 | topk[8]: token_id=236763, text='b', logprob=-12.9049, prob=0.000002
2025-11-21 18:26:19 | DEBUG    | logits_to_prob_map:271 | topk[9]: token_id=35343, text='Bs', logprob=-13.6549, prob=0.000001
2025-11-21 18:26:19 | DEBUG    | only_abt_probs:289 | only_abt_probs result: {'A': 0.029306838148515698, 'B': 0.9705092088454853, 'T': 0.0}
2025-11-21 18:26:19 | DEBUG    | main:520 | RJ prompt (truncated): <bos><start_of_turn>user
You are an impartial and unbiased judge.

You will be given answers from two assistants (Assistant A and Assistant B) to a user prompt. Please act as an impartial judge and evaluate the quality of their answers. You must output only one of the following choices:
'A' if Assistant A's answer is better.
'T' if both answers are relatively the same in quality.
'B' if Assistant B's answer is better.
Do not think or reason. Just choose which answer you prefer: A or B or T.
Outp...<truncated 14962 chars>
2025-11-21 18:26:19 | DEBUG    | main:550 | RJ prompt length: 7188
2025-11-21 18:26:24 | DEBUG    | main:571 | RJ: Generated 2 steps
2025-11-21 18:26:24 | DEBUG    | main:577 | RJ: generated text='A''
2025-11-21 18:26:24 | DEBUG    | main:583 | RJ step 0: token_id=236776, text='A'
2025-11-21 18:26:24 | DEBUG    | main:586 | RJ: Found A/B/T at step 0
2025-11-21 18:26:24 | DEBUG    | main:593 | RJ step 0: extracting probs from logits
2025-11-21 18:26:24 | DEBUG    | logits_to_prob_map:248 | logits_to_prob_map: input shape=torch.Size([262208]), dtype=torch.float32
2025-11-21 18:26:24 | DEBUG    | logits_to_prob_map:261 | Top-k extraction: k=50, top logprobs range=[-15.7507, -0.0007]
2025-11-21 18:26:24 | DEBUG    | logits_to_prob_map:271 | topk[0]: token_id=236776, text='A', logprob=-0.0007, prob=0.999333
2025-11-21 18:26:24 | DEBUG    | logits_to_prob_map:271 | topk[1]: token_id=236789, text=''', logprob=-8.1257, prob=0.000296
2025-11-21 18:26:24 | DEBUG    | logits_to_prob_map:271 | topk[2]: token_id=236799, text='B', logprob=-8.2507, prob=0.000261
2025-11-21 18:26:24 | DEBUG    | logits_to_prob_map:271 | topk[3]: token_id=1018, text='**', logprob=-10.8757, prob=0.000019
2025-11-21 18:26:24 | DEBUG    | logits_to_prob_map:271 | topk[4]: token_id=236775, text='"', logprob=-11.1257, prob=0.000015
2025-11-21 18:26:24 | DEBUG    | logits_to_prob_map:271 | topk[5]: token_id=1071, text='to', logprob=-11.2507, prob=0.000013
2025-11-21 18:26:24 | DEBUG    | logits_to_prob_map:271 | topk[6]: token_id=14433, text='answer', logprob=-11.5007, prob=0.000010
2025-11-21 18:26:24 | DEBUG    | logits_to_prob_map:271 | topk[7]: token_id=7925, text='Answer', logprob=-11.8757, prob=0.000007
2025-11-21 18:26:24 | DEBUG    | logits_to_prob_map:271 | topk[8]: token_id=236929, text='`', logprob=-12.1257, prob=0.000005
2025-11-21 18:26:24 | DEBUG    | logits_to_prob_map:271 | topk[9]: token_id=6275, text='response', logprob=-12.2507, prob=0.000005
2025-11-21 18:26:24 | DEBUG    | only_abt_probs:289 | only_abt_probs result: {'A': 0.9993329923806569, 'B': 0.00026108420660073947, 'T': 0.0}
2025-11-21 18:26:24 | DEBUG    | main:654 | Row 42 complete: JR={'A': 0.029306838148515698, 'B': 0.9705092088454853, 'T': 0.0}, RJ={'A': 0.9993329923806569, 'B': 0.00026108420660073947, 'T': 0.0}, combined_norm={'A': 0.014788322819010052, 'B': 0.98521167718099, 'T': 0.0}
2025-11-21 18:26:24 | DEBUG    | main:503 | ========== Row 43 ==========
2025-11-21 18:26:24 | DEBUG    | main:504 | Built msgs_jr with 2 messages
2025-11-21 18:26:24 | DEBUG    | main:506 | msgs_jr[0] role=system content=You are an impartial and unbiased judge.
2025-11-21 18:26:24 | DEBUG    | main:506 | msgs_jr[1] role=user content=You will be given answers from two assistants (Assistant A and Assistant B) to a user prompt. Please act as an impartial judge and evaluate the quality of their answers. You must output only one of the following choices:
'A' if Assistant A's answer is better.
'T' if both answers are relatively the s...<truncated 25502 chars>
2025-11-21 18:26:24 | DEBUG    | main:520 | JR prompt (truncated): <bos><start_of_turn>user
You are an impartial and unbiased judge.

You will be given answers from two assistants (Assistant A and Assistant B) to a user prompt. Please act as an impartial judge and evaluate the quality of their answers. You must output only one of the following choices:
'A' if Assistant A's answer is better.
'T' if both answers are relatively the same in quality.
'B' if Assistant B's answer is better.
Do not think or reason. Just choose which answer you prefer: A or B or T.
Outp...<truncated 25717 chars>
2025-11-21 18:26:24 | DEBUG    | main:550 | JR prompt length: 9166
2025-11-21 18:26:30 | DEBUG    | main:571 | JR: Generated 2 steps
2025-11-21 18:26:30 | DEBUG    | main:577 | JR: generated text='A.'
2025-11-21 18:26:30 | DEBUG    | main:583 | JR step 0: token_id=236776, text='A'
2025-11-21 18:26:30 | DEBUG    | main:586 | JR: Found A/B/T at step 0
2025-11-21 18:26:30 | DEBUG    | main:593 | JR step 0: extracting probs from logits
2025-11-21 18:26:30 | DEBUG    | logits_to_prob_map:248 | logits_to_prob_map: input shape=torch.Size([262208]), dtype=torch.float32
2025-11-21 18:26:30 | DEBUG    | logits_to_prob_map:261 | Top-k extraction: k=50, top logprobs range=[-12.7575, -0.0075]
2025-11-21 18:26:30 | DEBUG    | logits_to_prob_map:271 | topk[0]: token_id=236776, text='A', logprob=-0.0075, prob=0.992501
2025-11-21 18:26:30 | DEBUG    | logits_to_prob_map:271 | topk[1]: token_id=236789, text=''', logprob=-5.8825, prob=0.002788
2025-11-21 18:26:30 | DEBUG    | logits_to_prob_map:271 | topk[2]: token_id=236799, text='B', logprob=-6.7575, prob=0.001162
2025-11-21 18:26:30 | DEBUG    | logits_to_prob_map:271 | topk[3]: token_id=1071, text='to', logprob=-7.0075, prob=0.000905
2025-11-21 18:26:30 | DEBUG    | logits_to_prob_map:271 | topk[4]: token_id=26315, text='because', logprob=-7.0075, prob=0.000905
2025-11-21 18:26:30 | DEBUG    | logits_to_prob_map:271 | topk[5]: token_id=14433, text='answer', logprob=-8.1325, prob=0.000294
2025-11-21 18:26:30 | DEBUG    | logits_to_prob_map:271 | topk[6]: token_id=236761, text='.', logprob=-8.7575, prob=0.000157
2025-11-21 18:26:30 | DEBUG    | logits_to_prob_map:271 | topk[7]: token_id=7925, text='Answer', logprob=-8.8825, prob=0.000139
2025-11-21 18:26:30 | DEBUG    | logits_to_prob_map:271 | topk[8]: token_id=1018, text='**', logprob=-9.2575, prob=0.000095
2025-11-21 18:26:30 | DEBUG    | logits_to_prob_map:271 | topk[9]: token_id=624, text='and', logprob=-9.3825, prob=0.000084
2025-11-21 18:26:30 | DEBUG    | only_abt_probs:289 | only_abt_probs result: {'A': 0.9925005855849176, 'B': 0.001162098532871632, 'T': 0.0}
2025-11-21 18:26:30 | DEBUG    | main:520 | RJ prompt (truncated): <bos><start_of_turn>user
You are an impartial and unbiased judge.

You will be given answers from two assistants (Assistant A and Assistant B) to a user prompt. Please act as an impartial judge and evaluate the quality of their answers. You must output only one of the following choices:
'A' if Assistant A's answer is better.
'T' if both answers are relatively the same in quality.
'B' if Assistant B's answer is better.
Do not think or reason. Just choose which answer you prefer: A or B or T.
Outp...<truncated 25717 chars>
2025-11-21 18:26:30 | DEBUG    | main:550 | RJ prompt length: 9166
2025-11-21 18:26:36 | DEBUG    | main:571 | RJ: Generated 2 steps
2025-11-21 18:26:36 | DEBUG    | main:577 | RJ: generated text='B''
2025-11-21 18:26:36 | DEBUG    | main:583 | RJ step 0: token_id=236799, text='B'
2025-11-21 18:26:36 | DEBUG    | main:586 | RJ: Found A/B/T at step 0
2025-11-21 18:26:36 | DEBUG    | main:593 | RJ step 0: extracting probs from logits
2025-11-21 18:26:36 | DEBUG    | logits_to_prob_map:248 | logits_to_prob_map: input shape=torch.Size([262208]), dtype=torch.float32
2025-11-21 18:26:36 | DEBUG    | logits_to_prob_map:261 | Top-k extraction: k=50, top logprobs range=[-17.7504, -0.0004]
2025-11-21 18:26:36 | DEBUG    | logits_to_prob_map:271 | topk[0]: token_id=236799, text='B', logprob=-0.0004, prob=0.999601
2025-11-21 18:26:36 | DEBUG    | logits_to_prob_map:271 | topk[1]: token_id=236789, text=''', logprob=-8.2504, prob=0.000261
2025-11-21 18:26:36 | DEBUG    | logits_to_prob_map:271 | topk[2]: token_id=236776, text='A', logprob=-9.6254, prob=0.000066
2025-11-21 18:26:36 | DEBUG    | logits_to_prob_map:271 | topk[3]: token_id=14433, text='answer', logprob=-10.6254, prob=0.000024
2025-11-21 18:26:36 | DEBUG    | logits_to_prob_map:271 | topk[4]: token_id=1071, text='to', logprob=-10.7504, prob=0.000021
2025-11-21 18:26:36 | DEBUG    | logits_to_prob_map:271 | topk[5]: token_id=26315, text='because', logprob=-11.7504, prob=0.000008
2025-11-21 18:26:36 | DEBUG    | logits_to_prob_map:271 | topk[6]: token_id=1749, text='over', logprob=-12.2504, prob=0.000005
2025-11-21 18:26:36 | DEBUG    | logits_to_prob_map:271 | topk[7]: token_id=6275, text='response', logprob=-13.1254, prob=0.000002
2025-11-21 18:26:36 | DEBUG    | logits_to_prob_map:271 | topk[8]: token_id=7925, text='Answer', logprob=-13.5004, prob=0.000001
2025-11-21 18:26:36 | DEBUG    | logits_to_prob_map:271 | topk[9]: token_id=74314, text='Assistant', logprob=-13.6254, prob=0.000001
2025-11-21 18:26:36 | DEBUG    | only_abt_probs:289 | only_abt_probs result: {'A': 6.60301178121002e-05, 'B': 0.9996006891901057, 'T': 0.0}
2025-11-21 18:26:36 | DEBUG    | main:654 | Row 43 complete: JR={'A': 0.9925005855849176, 'B': 0.001162098532871632, 'T': 0.0}, RJ={'A': 6.60301178121002e-05, 'B': 0.9996006891901057, 'T': 0.0}, combined_norm={'A': 0.9993838807331227, 'B': 0.0006161192668773602, 'T': 0.0}
2025-11-21 18:26:36 | DEBUG    | main:503 | ========== Row 44 ==========
2025-11-21 18:26:36 | DEBUG    | main:504 | Built msgs_jr with 2 messages
2025-11-21 18:26:36 | DEBUG    | main:506 | msgs_jr[0] role=system content=You are an impartial and unbiased judge.
2025-11-21 18:26:36 | DEBUG    | main:506 | msgs_jr[1] role=user content=You will be given answers from two assistants (Assistant A and Assistant B) to a user prompt. Please act as an impartial judge and evaluate the quality of their answers. You must output only one of the following choices:
'A' if Assistant A's answer is better.
'T' if both answers are relatively the s...<truncated 5132 chars>
2025-11-21 18:26:36 | DEBUG    | main:520 | JR prompt (truncated): <bos><start_of_turn>user
You are an impartial and unbiased judge.

You will be given answers from two assistants (Assistant A and Assistant B) to a user prompt. Please act as an impartial judge and evaluate the quality of their answers. You must output only one of the following choices:
'A' if Assistant A's answer is better.
'T' if both answers are relatively the same in quality.
'B' if Assistant B's answer is better.
Do not think or reason. Just choose which answer you prefer: A or B or T.
Outp...<truncated 5347 chars>
2025-11-21 18:26:36 | DEBUG    | main:550 | JR prompt length: 2154
2025-11-21 18:26:37 | DEBUG    | main:571 | JR: Generated 2 steps
2025-11-21 18:26:37 | DEBUG    | main:577 | JR: generated text='A''
2025-11-21 18:26:37 | DEBUG    | main:583 | JR step 0: token_id=236776, text='A'
2025-11-21 18:26:37 | DEBUG    | main:586 | JR: Found A/B/T at step 0
2025-11-21 18:26:37 | DEBUG    | main:593 | JR step 0: extracting probs from logits
2025-11-21 18:26:37 | DEBUG    | logits_to_prob_map:248 | logits_to_prob_map: input shape=torch.Size([262208]), dtype=torch.float32
2025-11-21 18:26:37 | DEBUG    | logits_to_prob_map:261 | Top-k extraction: k=50, top logprobs range=[-21.2881, -0.0381]
2025-11-21 18:26:37 | DEBUG    | logits_to_prob_map:271 | topk[0]: token_id=236776, text='A', logprob=-0.0381, prob=0.962648
2025-11-21 18:26:37 | DEBUG    | logits_to_prob_map:271 | topk[1]: token_id=236799, text='B', logprob=-3.2881, prob=0.037326
2025-11-21 18:26:37 | DEBUG    | logits_to_prob_map:271 | topk[2]: token_id=236789, text=''', logprob=-10.7881, prob=0.000021
2025-11-21 18:26:37 | DEBUG    | logits_to_prob_map:271 | topk[3]: token_id=1018, text='**', logprob=-12.2881, prob=0.000005
2025-11-21 18:26:37 | DEBUG    | logits_to_prob_map:271 | topk[4]: token_id=236775, text='"', logprob=-14.4131, prob=0.000001
2025-11-21 18:26:37 | DEBUG    | logits_to_prob_map:271 | topk[5]: token_id=236929, text='`', logprob=-15.6631, prob=0.000000
2025-11-21 18:26:37 | DEBUG    | logits_to_prob_map:271 | topk[6]: token_id=14433, text='answer', logprob=-16.2881, prob=0.000000
2025-11-21 18:26:37 | DEBUG    | logits_to_prob_map:271 | topk[7]: token_id=2205, text='As', logprob=-16.4131, prob=0.000000
2025-11-21 18:26:37 | DEBUG    | logits_to_prob_map:271 | topk[8]: token_id=7925, text='Answer', logprob=-16.9131, prob=0.000000
2025-11-21 18:26:37 | DEBUG    | logits_to_prob_map:271 | topk[9]: token_id=1071, text='to', logprob=-17.1631, prob=0.000000
2025-11-21 18:26:37 | DEBUG    | only_abt_probs:289 | only_abt_probs result: {'A': 0.9626477724818674, 'B': 0.03732590910950118, 'T': 0.0}
2025-11-21 18:26:37 | DEBUG    | main:520 | RJ prompt (truncated): <bos><start_of_turn>user
You are an impartial and unbiased judge.

You will be given answers from two assistants (Assistant A and Assistant B) to a user prompt. Please act as an impartial judge and evaluate the quality of their answers. You must output only one of the following choices:
'A' if Assistant A's answer is better.
'T' if both answers are relatively the same in quality.
'B' if Assistant B's answer is better.
Do not think or reason. Just choose which answer you prefer: A or B or T.
Outp...<truncated 5347 chars>
2025-11-21 18:26:37 | DEBUG    | main:550 | RJ prompt length: 2154
2025-11-21 18:26:38 | DEBUG    | main:571 | RJ: Generated 2 steps
2025-11-21 18:26:38 | DEBUG    | main:577 | RJ: generated text='B''
2025-11-21 18:26:38 | DEBUG    | main:583 | RJ step 0: token_id=236799, text='B'
2025-11-21 18:26:38 | DEBUG    | main:586 | RJ: Found A/B/T at step 0
2025-11-21 18:26:38 | DEBUG    | main:593 | RJ step 0: extracting probs from logits
2025-11-21 18:26:38 | DEBUG    | logits_to_prob_map:248 | logits_to_prob_map: input shape=torch.Size([262208]), dtype=torch.float32
2025-11-21 18:26:38 | DEBUG    | logits_to_prob_map:261 | Top-k extraction: k=50, top logprobs range=[-23.5182, -0.0182]
2025-11-21 18:26:38 | DEBUG    | logits_to_prob_map:271 | topk[0]: token_id=236799, text='B', logprob=-0.0182, prob=0.982012
2025-11-21 18:26:38 | DEBUG    | logits_to_prob_map:271 | topk[1]: token_id=236776, text='A', logprob=-4.0182, prob=0.017986
2025-11-21 18:26:38 | DEBUG    | logits_to_prob_map:271 | topk[2]: token_id=236789, text=''', logprob=-13.1432, prob=0.000002
2025-11-21 18:26:38 | DEBUG    | logits_to_prob_map:271 | topk[3]: token_id=1018, text='**', logprob=-15.2682, prob=0.000000
2025-11-21 18:26:38 | DEBUG    | logits_to_prob_map:271 | topk[4]: token_id=236763, text='b', logprob=-17.1432, prob=0.000000
2025-11-21 18:26:38 | DEBUG    | logits_to_prob_map:271 | topk[5]: token_id=35343, text='Bs', logprob=-17.3932, prob=0.000000
2025-11-21 18:26:38 | DEBUG    | logits_to_prob_map:271 | topk[6]: token_id=236775, text='"', logprob=-17.6432, prob=0.000000
2025-11-21 18:26:38 | DEBUG    | logits_to_prob_map:271 | topk[7]: token_id=14433, text='answer', logprob=-17.8932, prob=0.000000
2025-11-21 18:26:38 | DEBUG    | logits_to_prob_map:271 | topk[8]: token_id=1071, text='to', logprob=-18.2682, prob=0.000000
2025-11-21 18:26:38 | DEBUG    | logits_to_prob_map:271 | topk[9]: token_id=236929, text='`', logprob=-18.5182, prob=0.000000
2025-11-21 18:26:38 | DEBUG    | only_abt_probs:289 | only_abt_probs result: {'A': 0.017986168431608985, 'B': 0.9820115737662833, 'T': 1.661463254987126e-10}
2025-11-21 18:26:38 | DEBUG    | main:654 | Row 44 complete: JR={'A': 0.9626477724818674, 'B': 0.03732590910950118, 'T': 0.0}, RJ={'A': 0.017986168431608985, 'B': 0.9820115737662833, 'T': 1.661463254987126e-10}, combined_norm={'A': 0.9723435659906259, 'B': 0.02765643392629966, 'T': 8.307434971751731e-11}
2025-11-21 18:26:38 | DEBUG    | main:503 | ========== Row 45 ==========
2025-11-21 18:26:38 | DEBUG    | main:504 | Built msgs_jr with 2 messages
2025-11-21 18:26:38 | DEBUG    | main:506 | msgs_jr[0] role=system content=You are an impartial and unbiased judge.
2025-11-21 18:26:38 | DEBUG    | main:506 | msgs_jr[1] role=user content=You will be given answers from two assistants (Assistant A and Assistant B) to a user prompt. Please act as an impartial judge and evaluate the quality of their answers. You must output only one of the following choices:
'A' if Assistant A's answer is better.
'T' if both answers are relatively the s...<truncated 32913 chars>
2025-11-21 18:26:38 | DEBUG    | main:520 | JR prompt (truncated): <bos><start_of_turn>user
You are an impartial and unbiased judge.

You will be given answers from two assistants (Assistant A and Assistant B) to a user prompt. Please act as an impartial judge and evaluate the quality of their answers. You must output only one of the following choices:
'A' if Assistant A's answer is better.
'T' if both answers are relatively the same in quality.
'B' if Assistant B's answer is better.
Do not think or reason. Just choose which answer you prefer: A or B or T.
Outp...<truncated 33128 chars>
2025-11-21 18:26:38 | DEBUG    | main:550 | JR prompt length: 10567
2025-11-21 18:26:46 | DEBUG    | main:571 | JR: Generated 2 steps
2025-11-21 18:26:46 | DEBUG    | main:577 | JR: generated text='A.'
2025-11-21 18:26:46 | DEBUG    | main:583 | JR step 0: token_id=236776, text='A'
2025-11-21 18:26:46 | DEBUG    | main:586 | JR: Found A/B/T at step 0
2025-11-21 18:26:46 | DEBUG    | main:593 | JR step 0: extracting probs from logits
2025-11-21 18:26:46 | DEBUG    | logits_to_prob_map:248 | logits_to_prob_map: input shape=torch.Size([262208]), dtype=torch.float32
2025-11-21 18:26:46 | DEBUG    | logits_to_prob_map:261 | Top-k extraction: k=50, top logprobs range=[-19.8750, -0.0000]
2025-11-21 18:26:46 | DEBUG    | logits_to_prob_map:271 | topk[0]: token_id=236776, text='A', logprob=-0.0000, prob=0.999956
2025-11-21 18:26:46 | DEBUG    | logits_to_prob_map:271 | topk[1]: token_id=1018, text='**', logprob=-10.7500, prob=0.000021
2025-11-21 18:26:46 | DEBUG    | logits_to_prob_map:271 | topk[2]: token_id=236789, text=''', logprob=-11.0000, prob=0.000017
2025-11-21 18:26:46 | DEBUG    | logits_to_prob_map:271 | topk[3]: token_id=236799, text='B', logprob=-12.8750, prob=0.000003
2025-11-21 18:26:46 | DEBUG    | logits_to_prob_map:271 | topk[4]: token_id=236775, text='"', logprob=-13.5000, prob=0.000001
2025-11-21 18:26:46 | DEBUG    | logits_to_prob_map:271 | topk[5]: token_id=236929, text='`', logprob=-14.6250, prob=0.000000
2025-11-21 18:26:46 | DEBUG    | logits_to_prob_map:271 | topk[6]: token_id=14433, text='answer', logprob=-15.3750, prob=0.000000
2025-11-21 18:26:46 | DEBUG    | logits_to_prob_map:271 | topk[7]: token_id=6275, text='response', logprob=-15.6250, prob=0.000000
2025-11-21 18:26:46 | DEBUG    | logits_to_prob_map:271 | topk[8]: token_id=7925, text='Answer', logprob=-15.6250, prob=0.000000
2025-11-21 18:26:46 | DEBUG    | logits_to_prob_map:271 | topk[9]: token_id=74314, text='Assistant', logprob=-15.8750, prob=0.000000
2025-11-21 18:26:46 | DEBUG    | only_abt_probs:289 | only_abt_probs result: {'A': 0.9999560137072835, 'B': 2.5611764121819746e-06, 'T': 0.0}
2025-11-21 18:26:46 | DEBUG    | main:520 | RJ prompt (truncated): <bos><start_of_turn>user
You are an impartial and unbiased judge.

You will be given answers from two assistants (Assistant A and Assistant B) to a user prompt. Please act as an impartial judge and evaluate the quality of their answers. You must output only one of the following choices:
'A' if Assistant A's answer is better.
'T' if both answers are relatively the same in quality.
'B' if Assistant B's answer is better.
Do not think or reason. Just choose which answer you prefer: A or B or T.
Outp...<truncated 33128 chars>
2025-11-21 18:26:46 | DEBUG    | main:550 | RJ prompt length: 10567
2025-11-21 18:26:53 | DEBUG    | main:571 | RJ: Generated 2 steps
2025-11-21 18:26:53 | DEBUG    | main:577 | RJ: generated text='B''
2025-11-21 18:26:53 | DEBUG    | main:583 | RJ step 0: token_id=236799, text='B'
2025-11-21 18:26:53 | DEBUG    | main:586 | RJ: Found A/B/T at step 0
2025-11-21 18:26:53 | DEBUG    | main:593 | RJ step 0: extracting probs from logits
2025-11-21 18:26:53 | DEBUG    | logits_to_prob_map:248 | logits_to_prob_map: input shape=torch.Size([262208]), dtype=torch.float32
2025-11-21 18:26:53 | DEBUG    | logits_to_prob_map:261 | Top-k extraction: k=50, top logprobs range=[-19.3751, -0.0001]
2025-11-21 18:26:53 | DEBUG    | logits_to_prob_map:271 | topk[0]: token_id=236799, text='B', logprob=-0.0001, prob=0.999910
2025-11-21 18:26:53 | DEBUG    | logits_to_prob_map:271 | topk[1]: token_id=236776, text='A', logprob=-9.7501, prob=0.000058
2025-11-21 18:26:53 | DEBUG    | logits_to_prob_map:271 | topk[2]: token_id=236789, text=''', logprob=-10.8751, prob=0.000019
2025-11-21 18:26:53 | DEBUG    | logits_to_prob_map:271 | topk[3]: token_id=1018, text='**', logprob=-11.7501, prob=0.000008
2025-11-21 18:26:53 | DEBUG    | logits_to_prob_map:271 | topk[4]: token_id=14433, text='answer', logprob=-13.6251, prob=0.000001
2025-11-21 18:26:53 | DEBUG    | logits_to_prob_map:271 | topk[5]: token_id=74314, text='Assistant', logprob=-14.3751, prob=0.000001
2025-11-21 18:26:53 | DEBUG    | logits_to_prob_map:271 | topk[6]: token_id=35343, text='Bs', logprob=-14.6251, prob=0.000000
2025-11-21 18:26:53 | DEBUG    | logits_to_prob_map:271 | topk[7]: token_id=236775, text='"', logprob=-14.6251, prob=0.000000
2025-11-21 18:26:53 | DEBUG    | logits_to_prob_map:271 | topk[8]: token_id=7925, text='Answer', logprob=-14.8751, prob=0.000000
2025-11-21 18:26:53 | DEBUG    | logits_to_prob_map:271 | topk[9]: token_id=236763, text='b', logprob=-14.8751, prob=0.000000
2025-11-21 18:26:53 | DEBUG    | only_abt_probs:289 | only_abt_probs result: {'A': 5.828938252836796e-05, 'B': 0.9999097667136142, 'T': 0.0}
2025-11-21 18:26:53 | DEBUG    | main:654 | Row 45 complete: JR={'A': 0.9999560137072835, 'B': 2.5611764121819746e-06, 'T': 0.0}, RJ={'A': 5.828938252836796e-05, 'B': 0.9999097667136142, 'T': 0.0}, combined_norm={'A': 0.9999695736043523, 'B': 3.042639564769283e-05, 'T': 0.0}
2025-11-21 18:26:54 | DEBUG    | main:503 | ========== Row 46 ==========
2025-11-21 18:26:54 | DEBUG    | main:504 | Built msgs_jr with 2 messages
2025-11-21 18:26:54 | DEBUG    | main:506 | msgs_jr[0] role=system content=You are an impartial and unbiased judge.
2025-11-21 18:26:54 | DEBUG    | main:506 | msgs_jr[1] role=user content=You will be given answers from two assistants (Assistant A and Assistant B) to a user prompt. Please act as an impartial judge and evaluate the quality of their answers. You must output only one of the following choices:
'A' if Assistant A's answer is better.
'T' if both answers are relatively the s...<truncated 30722 chars>
2025-11-21 18:26:54 | DEBUG    | main:520 | JR prompt (truncated): <bos><start_of_turn>user
You are an impartial and unbiased judge.

You will be given answers from two assistants (Assistant A and Assistant B) to a user prompt. Please act as an impartial judge and evaluate the quality of their answers. You must output only one of the following choices:
'A' if Assistant A's answer is better.
'T' if both answers are relatively the same in quality.
'B' if Assistant B's answer is better.
Do not think or reason. Just choose which answer you prefer: A or B or T.
Outp...<truncated 30937 chars>
2025-11-21 18:26:54 | DEBUG    | main:550 | JR prompt length: 9373
2025-11-21 18:27:00 | DEBUG    | main:571 | JR: Generated 2 steps
2025-11-21 18:27:00 | DEBUG    | main:577 | JR: generated text='A''
2025-11-21 18:27:00 | DEBUG    | main:583 | JR step 0: token_id=236776, text='A'
2025-11-21 18:27:00 | DEBUG    | main:586 | JR: Found A/B/T at step 0
2025-11-21 18:27:00 | DEBUG    | main:593 | JR step 0: extracting probs from logits
2025-11-21 18:27:00 | DEBUG    | logits_to_prob_map:248 | logits_to_prob_map: input shape=torch.Size([262208]), dtype=torch.float32
2025-11-21 18:27:00 | DEBUG    | logits_to_prob_map:261 | Top-k extraction: k=50, top logprobs range=[-16.8752, -0.0003]
2025-11-21 18:27:00 | DEBUG    | logits_to_prob_map:271 | topk[0]: token_id=236776, text='A', logprob=-0.0003, prob=0.999749
2025-11-21 18:27:00 | DEBUG    | logits_to_prob_map:271 | topk[1]: token_id=236799, text='B', logprob=-9.0003, prob=0.000123
2025-11-21 18:27:00 | DEBUG    | logits_to_prob_map:271 | topk[2]: token_id=236789, text=''', logprob=-9.7503, prob=0.000058
2025-11-21 18:27:00 | DEBUG    | logits_to_prob_map:271 | topk[3]: token_id=1018, text='**', logprob=-11.2503, prob=0.000013
2025-11-21 18:27:00 | DEBUG    | logits_to_prob_map:271 | topk[4]: token_id=74314, text='Assistant', logprob=-11.5003, prob=0.000010
2025-11-21 18:27:00 | DEBUG    | logits_to_prob_map:271 | topk[5]: token_id=14433, text='answer', logprob=-11.6253, prob=0.000009
2025-11-21 18:27:00 | DEBUG    | logits_to_prob_map:271 | topk[6]: token_id=7925, text='Answer', logprob=-11.6253, prob=0.000009
2025-11-21 18:27:00 | DEBUG    | logits_to_prob_map:271 | topk[7]: token_id=1071, text='to', logprob=-12.2503, prob=0.000005
2025-11-21 18:27:00 | DEBUG    | logits_to_prob_map:271 | topk[8]: token_id=236775, text='"', logprob=-12.5003, prob=0.000004
2025-11-21 18:27:00 | DEBUG    | logits_to_prob_map:271 | topk[9]: token_id=6275, text='response', logprob=-12.7503, prob=0.000003
2025-11-21 18:27:00 | DEBUG    | only_abt_probs:289 | only_abt_probs result: {'A': 0.9997493657102343, 'B': 0.0001233788547721141, 'T': 0.0}
2025-11-21 18:27:00 | DEBUG    | main:520 | RJ prompt (truncated): <bos><start_of_turn>user
You are an impartial and unbiased judge.

You will be given answers from two assistants (Assistant A and Assistant B) to a user prompt. Please act as an impartial judge and evaluate the quality of their answers. You must output only one of the following choices:
'A' if Assistant A's answer is better.
'T' if both answers are relatively the same in quality.
'B' if Assistant B's answer is better.
Do not think or reason. Just choose which answer you prefer: A or B or T.
Outp...<truncated 30937 chars>
2025-11-21 18:27:00 | DEBUG    | main:550 | RJ prompt length: 9373
2025-11-21 18:27:07 | DEBUG    | main:571 | RJ: Generated 2 steps
2025-11-21 18:27:07 | DEBUG    | main:577 | RJ: generated text='B''
2025-11-21 18:27:07 | DEBUG    | main:583 | RJ step 0: token_id=236799, text='B'
2025-11-21 18:27:07 | DEBUG    | main:586 | RJ: Found A/B/T at step 0
2025-11-21 18:27:07 | DEBUG    | main:593 | RJ step 0: extracting probs from logits
2025-11-21 18:27:07 | DEBUG    | logits_to_prob_map:248 | logits_to_prob_map: input shape=torch.Size([262208]), dtype=torch.float32
2025-11-21 18:27:07 | DEBUG    | logits_to_prob_map:261 | Top-k extraction: k=50, top logprobs range=[-19.3752, -0.0002]
2025-11-21 18:27:07 | DEBUG    | logits_to_prob_map:271 | topk[0]: token_id=236799, text='B', logprob=-0.0002, prob=0.999753
2025-11-21 18:27:07 | DEBUG    | logits_to_prob_map:271 | topk[1]: token_id=236776, text='A', logprob=-8.3752, prob=0.000231
2025-11-21 18:27:07 | DEBUG    | logits_to_prob_map:271 | topk[2]: token_id=236789, text=''', logprob=-12.0002, prob=0.000006
2025-11-21 18:27:07 | DEBUG    | logits_to_prob_map:271 | topk[3]: token_id=74314, text='Assistant', logprob=-12.5002, prob=0.000004
2025-11-21 18:27:07 | DEBUG    | logits_to_prob_map:271 | topk[4]: token_id=14433, text='answer', logprob=-13.1252, prob=0.000002
2025-11-21 18:27:07 | DEBUG    | logits_to_prob_map:271 | topk[5]: token_id=1018, text='**', logprob=-13.5002, prob=0.000001
2025-11-21 18:27:07 | DEBUG    | logits_to_prob_map:271 | topk[6]: token_id=1071, text='to', logprob=-13.8752, prob=0.000001
2025-11-21 18:27:07 | DEBUG    | logits_to_prob_map:271 | topk[7]: token_id=7925, text='Answer', logprob=-14.1252, prob=0.000001
2025-11-21 18:27:07 | DEBUG    | logits_to_prob_map:271 | topk[8]: token_id=236763, text='b', logprob=-14.6252, prob=0.000000
2025-11-21 18:27:07 | DEBUG    | logits_to_prob_map:271 | topk[9]: token_id=236775, text='"', logprob=-15.2502, prob=0.000000
2025-11-21 18:27:07 | DEBUG    | only_abt_probs:289 | only_abt_probs result: {'A': 0.00023050292595782362, 'B': 0.9997527018955263, 'T': 4.943224651105409e-09}
2025-11-21 18:27:07 | DEBUG    | main:654 | Row 46 complete: JR={'A': 0.9997493657102343, 'B': 0.0001233788547721141, 'T': 0.0}, RJ={'A': 0.00023050292595782362, 'B': 0.9997527018955263, 'T': 4.943224651105409e-09}, combined_norm={'A': 0.9998230438931421, 'B': 0.00017695363506745515, 'T': 2.4717903509016537e-09}
2025-11-21 18:27:07 | DEBUG    | main:503 | ========== Row 47 ==========
2025-11-21 18:27:07 | DEBUG    | main:504 | Built msgs_jr with 2 messages
2025-11-21 18:27:07 | DEBUG    | main:506 | msgs_jr[0] role=system content=You are an impartial and unbiased judge.
2025-11-21 18:27:07 | DEBUG    | main:506 | msgs_jr[1] role=user content=You will be given answers from two assistants (Assistant A and Assistant B) to a user prompt. Please act as an impartial judge and evaluate the quality of their answers. You must output only one of the following choices:
'A' if Assistant A's answer is better.
'T' if both answers are relatively the s...<truncated 37692 chars>
2025-11-21 18:27:07 | DEBUG    | main:520 | JR prompt (truncated): <bos><start_of_turn>user
You are an impartial and unbiased judge.

You will be given answers from two assistants (Assistant A and Assistant B) to a user prompt. Please act as an impartial judge and evaluate the quality of their answers. You must output only one of the following choices:
'A' if Assistant A's answer is better.
'T' if both answers are relatively the same in quality.
'B' if Assistant B's answer is better.
Do not think or reason. Just choose which answer you prefer: A or B or T.
Outp...<truncated 37907 chars>
2025-11-21 18:27:07 | DEBUG    | main:550 | JR prompt length: 9722
2025-11-21 18:27:13 | DEBUG    | main:571 | JR: Generated 2 steps
2025-11-21 18:27:13 | DEBUG    | main:577 | JR: generated text='A''
2025-11-21 18:27:13 | DEBUG    | main:583 | JR step 0: token_id=236776, text='A'
2025-11-21 18:27:13 | DEBUG    | main:586 | JR: Found A/B/T at step 0
2025-11-21 18:27:13 | DEBUG    | main:593 | JR step 0: extracting probs from logits
2025-11-21 18:27:13 | DEBUG    | logits_to_prob_map:248 | logits_to_prob_map: input shape=torch.Size([262208]), dtype=torch.float32
2025-11-21 18:27:13 | DEBUG    | logits_to_prob_map:261 | Top-k extraction: k=50, top logprobs range=[-15.0009, -0.0009]
2025-11-21 18:27:13 | DEBUG    | logits_to_prob_map:271 | topk[0]: token_id=236776, text='A', logprob=-0.0009, prob=0.999142
2025-11-21 18:27:13 | DEBUG    | logits_to_prob_map:271 | topk[1]: token_id=236789, text=''', logprob=-7.8759, prob=0.000380
2025-11-21 18:27:13 | DEBUG    | logits_to_prob_map:271 | topk[2]: token_id=74314, text='Assistant', logprob=-9.3759, prob=0.000085
2025-11-21 18:27:13 | DEBUG    | logits_to_prob_map:271 | topk[3]: token_id=236799, text='B', logprob=-9.5009, prob=0.000075
2025-11-21 18:27:13 | DEBUG    | logits_to_prob_map:271 | topk[4]: token_id=1071, text='to', logprob=-9.7509, prob=0.000058
2025-11-21 18:27:13 | DEBUG    | logits_to_prob_map:271 | topk[5]: token_id=1018, text='**', logprob=-10.0009, prob=0.000045
2025-11-21 18:27:13 | DEBUG    | logits_to_prob_map:271 | topk[6]: token_id=14433, text='answer', logprob=-10.1259, prob=0.000040
2025-11-21 18:27:13 | DEBUG    | logits_to_prob_map:271 | topk[7]: token_id=7925, text='Answer', logprob=-10.3759, prob=0.000031
2025-11-21 18:27:13 | DEBUG    | logits_to_prob_map:271 | topk[8]: token_id=236775, text='"', logprob=-10.8759, prob=0.000019
2025-11-21 18:27:13 | DEBUG    | logits_to_prob_map:271 | topk[9]: token_id=6275, text='response', logprob=-11.3759, prob=0.000011
2025-11-21 18:27:13 | DEBUG    | only_abt_probs:289 | only_abt_probs result: {'A': 0.9991417151423658, 'B': 7.478761161020794e-05, 'T': 0.0}
2025-11-21 18:27:13 | DEBUG    | main:520 | RJ prompt (truncated): <bos><start_of_turn>user
You are an impartial and unbiased judge.

You will be given answers from two assistants (Assistant A and Assistant B) to a user prompt. Please act as an impartial judge and evaluate the quality of their answers. You must output only one of the following choices:
'A' if Assistant A's answer is better.
'T' if both answers are relatively the same in quality.
'B' if Assistant B's answer is better.
Do not think or reason. Just choose which answer you prefer: A or B or T.
Outp...<truncated 37907 chars>
2025-11-21 18:27:13 | DEBUG    | main:550 | RJ prompt length: 9722
2025-11-21 18:27:20 | DEBUG    | main:571 | RJ: Generated 2 steps
2025-11-21 18:27:20 | DEBUG    | main:577 | RJ: generated text='B''
2025-11-21 18:27:20 | DEBUG    | main:583 | RJ step 0: token_id=236799, text='B'
2025-11-21 18:27:20 | DEBUG    | main:586 | RJ: Found A/B/T at step 0
2025-11-21 18:27:20 | DEBUG    | main:593 | RJ step 0: extracting probs from logits
2025-11-21 18:27:20 | DEBUG    | logits_to_prob_map:248 | logits_to_prob_map: input shape=torch.Size([262208]), dtype=torch.float32
2025-11-21 18:27:20 | DEBUG    | logits_to_prob_map:261 | Top-k extraction: k=50, top logprobs range=[-16.1255, -0.0005]
2025-11-21 18:27:20 | DEBUG    | logits_to_prob_map:271 | topk[0]: token_id=236799, text='B', logprob=-0.0005, prob=0.999470
2025-11-21 18:27:20 | DEBUG    | logits_to_prob_map:271 | topk[1]: token_id=236776, text='A', logprob=-8.1255, prob=0.000296
2025-11-21 18:27:20 | DEBUG    | logits_to_prob_map:271 | topk[2]: token_id=236789, text=''', logprob=-9.1255, prob=0.000109
2025-11-21 18:27:20 | DEBUG    | logits_to_prob_map:271 | topk[3]: token_id=1018, text='**', logprob=-10.2505, prob=0.000035
2025-11-21 18:27:20 | DEBUG    | logits_to_prob_map:271 | topk[4]: token_id=14433, text='answer', logprob=-10.7505, prob=0.000021
2025-11-21 18:27:20 | DEBUG    | logits_to_prob_map:271 | topk[5]: token_id=74314, text='Assistant', logprob=-10.8755, prob=0.000019
2025-11-21 18:27:20 | DEBUG    | logits_to_prob_map:271 | topk[6]: token_id=1071, text='to', logprob=-11.6255, prob=0.000009
2025-11-21 18:27:20 | DEBUG    | logits_to_prob_map:271 | topk[7]: token_id=236775, text='"', logprob=-12.2505, prob=0.000005
2025-11-21 18:27:20 | DEBUG    | logits_to_prob_map:271 | topk[8]: token_id=7925, text='Answer', logprob=-12.2505, prob=0.000005
2025-11-21 18:27:20 | DEBUG    | logits_to_prob_map:271 | topk[9]: token_id=236763, text='b', logprob=-12.3755, prob=0.000004
2025-11-21 18:27:20 | DEBUG    | only_abt_probs:289 | only_abt_probs result: {'A': 0.0002958877960450138, 'B': 0.9994702762487295, 'T': 0.0}
2025-11-21 18:27:20 | DEBUG    | main:654 | Row 47 complete: JR={'A': 0.9991417151423658, 'B': 7.478761161020794e-05, 'T': 0.0}, RJ={'A': 0.0002958877960450138, 'B': 0.9994702762487295, 'T': 0.0}, combined_norm={'A': 0.9998145679730936, 'B': 0.00018543202690638432, 'T': 0.0}
2025-11-21 18:27:20 | DEBUG    | main:503 | ========== Row 48 ==========
2025-11-21 18:27:20 | DEBUG    | main:504 | Built msgs_jr with 2 messages
2025-11-21 18:27:20 | DEBUG    | main:506 | msgs_jr[0] role=system content=You are an impartial and unbiased judge.
2025-11-21 18:27:20 | DEBUG    | main:506 | msgs_jr[1] role=user content=You will be given answers from two assistants (Assistant A and Assistant B) to a user prompt. Please act as an impartial judge and evaluate the quality of their answers. You must output only one of the following choices:
'A' if Assistant A's answer is better.
'T' if both answers are relatively the s...<truncated 7206 chars>
2025-11-21 18:27:20 | DEBUG    | main:520 | JR prompt (truncated): <bos><start_of_turn>user
You are an impartial and unbiased judge.

You will be given answers from two assistants (Assistant A and Assistant B) to a user prompt. Please act as an impartial judge and evaluate the quality of their answers. You must output only one of the following choices:
'A' if Assistant A's answer is better.
'T' if both answers are relatively the same in quality.
'B' if Assistant B's answer is better.
Do not think or reason. Just choose which answer you prefer: A or B or T.
Outp...<truncated 7421 chars>
2025-11-21 18:27:20 | DEBUG    | main:550 | JR prompt length: 2099
2025-11-21 18:27:21 | DEBUG    | main:571 | JR: Generated 2 steps
2025-11-21 18:27:21 | DEBUG    | main:577 | JR: generated text='A''
2025-11-21 18:27:21 | DEBUG    | main:583 | JR step 0: token_id=236776, text='A'
2025-11-21 18:27:21 | DEBUG    | main:586 | JR: Found A/B/T at step 0
2025-11-21 18:27:21 | DEBUG    | main:593 | JR step 0: extracting probs from logits
2025-11-21 18:27:21 | DEBUG    | logits_to_prob_map:248 | logits_to_prob_map: input shape=torch.Size([262208]), dtype=torch.float32
2025-11-21 18:27:21 | DEBUG    | logits_to_prob_map:261 | Top-k extraction: k=50, top logprobs range=[-21.3765, -0.0015]
2025-11-21 18:27:21 | DEBUG    | logits_to_prob_map:271 | topk[0]: token_id=236776, text='A', logprob=-0.0015, prob=0.998492
2025-11-21 18:27:21 | DEBUG    | logits_to_prob_map:271 | topk[1]: token_id=236799, text='B', logprob=-6.5015, prob=0.001501
2025-11-21 18:27:21 | DEBUG    | logits_to_prob_map:271 | topk[2]: token_id=236789, text=''', logprob=-12.2515, prob=0.000005
2025-11-21 18:27:21 | DEBUG    | logits_to_prob_map:271 | topk[3]: token_id=1018, text='**', logprob=-13.3765, prob=0.000002
2025-11-21 18:27:21 | DEBUG    | logits_to_prob_map:271 | topk[4]: token_id=236775, text='"', logprob=-15.7515, prob=0.000000
2025-11-21 18:27:21 | DEBUG    | logits_to_prob_map:271 | topk[5]: token_id=236929, text='`', logprob=-16.0015, prob=0.000000
2025-11-21 18:27:21 | DEBUG    | logits_to_prob_map:271 | topk[6]: token_id=14433, text='answer', logprob=-17.0015, prob=0.000000
2025-11-21 18:27:21 | DEBUG    | logits_to_prob_map:271 | topk[7]: token_id=2205, text='As', logprob=-17.3765, prob=0.000000
2025-11-21 18:27:21 | DEBUG    | logits_to_prob_map:271 | topk[8]: token_id=7925, text='Answer', logprob=-17.3765, prob=0.000000
2025-11-21 18:27:21 | DEBUG    | logits_to_prob_map:271 | topk[9]: token_id=6275, text='response', logprob=-17.5015, prob=0.000000
2025-11-21 18:27:21 | DEBUG    | only_abt_probs:289 | only_abt_probs result: {'A': 0.9984920150211405, 'B': 0.0015011719294703053, 'T': 1.4144731423207686e-09}
2025-11-21 18:27:21 | DEBUG    | main:520 | RJ prompt (truncated): <bos><start_of_turn>user
You are an impartial and unbiased judge.

You will be given answers from two assistants (Assistant A and Assistant B) to a user prompt. Please act as an impartial judge and evaluate the quality of their answers. You must output only one of the following choices:
'A' if Assistant A's answer is better.
'T' if both answers are relatively the same in quality.
'B' if Assistant B's answer is better.
Do not think or reason. Just choose which answer you prefer: A or B or T.
Outp...<truncated 7421 chars>
2025-11-21 18:27:21 | DEBUG    | main:550 | RJ prompt length: 2099
2025-11-21 18:27:22 | DEBUG    | main:571 | RJ: Generated 2 steps
2025-11-21 18:27:22 | DEBUG    | main:577 | RJ: generated text='B''
2025-11-21 18:27:22 | DEBUG    | main:583 | RJ step 0: token_id=236799, text='B'
2025-11-21 18:27:22 | DEBUG    | main:586 | RJ: Found A/B/T at step 0
2025-11-21 18:27:22 | DEBUG    | main:593 | RJ step 0: extracting probs from logits
2025-11-21 18:27:22 | DEBUG    | logits_to_prob_map:248 | logits_to_prob_map: input shape=torch.Size([262208]), dtype=torch.float32
2025-11-21 18:27:22 | DEBUG    | logits_to_prob_map:261 | Top-k extraction: k=50, top logprobs range=[-23.5012, -0.0012]
2025-11-21 18:27:22 | DEBUG    | logits_to_prob_map:271 | topk[0]: token_id=236799, text='B', logprob=-0.0012, prob=0.998829
2025-11-21 18:27:22 | DEBUG    | logits_to_prob_map:271 | topk[1]: token_id=236776, text='A', logprob=-6.7512, prob=0.001170
2025-11-21 18:27:22 | DEBUG    | logits_to_prob_map:271 | topk[2]: token_id=236789, text=''', logprob=-13.8762, prob=0.000001
2025-11-21 18:27:22 | DEBUG    | logits_to_prob_map:271 | topk[3]: token_id=1018, text='**', logprob=-14.0012, prob=0.000001
2025-11-21 18:27:22 | DEBUG    | logits_to_prob_map:271 | topk[4]: token_id=14433, text='answer', logprob=-17.7512, prob=0.000000
2025-11-21 18:27:22 | DEBUG    | logits_to_prob_map:271 | topk[5]: token_id=236763, text='b', logprob=-17.7512, prob=0.000000
2025-11-21 18:27:22 | DEBUG    | logits_to_prob_map:271 | topk[6]: token_id=35343, text='Bs', logprob=-18.0012, prob=0.000000
2025-11-21 18:27:22 | DEBUG    | logits_to_prob_map:271 | topk[7]: token_id=236775, text='"', logprob=-18.0012, prob=0.000000
2025-11-21 18:27:22 | DEBUG    | logits_to_prob_map:271 | topk[8]: token_id=236929, text='`', logprob=-19.3762, prob=0.000000
2025-11-21 18:27:22 | DEBUG    | logits_to_prob_map:271 | topk[9]: token_id=1071, text='to', logprob=-19.3762, prob=0.000000
2025-11-21 18:27:22 | DEBUG    | only_abt_probs:289 | only_abt_probs result: {'A': 0.0011695080768348448, 'B': 0.998828711796054, 'T': 0.0}
2025-11-21 18:27:22 | DEBUG    | main:654 | Row 48 complete: JR={'A': 0.9984920150211405, 'B': 0.0015011719294703053, 'T': 1.4144731423207686e-09}, RJ={'A': 0.0011695080768348448, 'B': 0.998828711796054, 'T': 0.0}, combined_norm={'A': 0.9986646535531214, 'B': 0.0013353457396389843, 'T': 7.072396093775942e-10}
2025-11-21 18:27:22 | DEBUG    | main:503 | ========== Row 49 ==========
2025-11-21 18:27:22 | DEBUG    | main:504 | Built msgs_jr with 2 messages
2025-11-21 18:27:22 | DEBUG    | main:506 | msgs_jr[0] role=system content=You are an impartial and unbiased judge.
2025-11-21 18:27:22 | DEBUG    | main:506 | msgs_jr[1] role=user content=You will be given answers from two assistants (Assistant A and Assistant B) to a user prompt. Please act as an impartial judge and evaluate the quality of their answers. You must output only one of the following choices:
'A' if Assistant A's answer is better.
'T' if both answers are relatively the s...<truncated 8549 chars>
2025-11-21 18:27:22 | DEBUG    | main:520 | JR prompt (truncated): <bos><start_of_turn>user
You are an impartial and unbiased judge.

You will be given answers from two assistants (Assistant A and Assistant B) to a user prompt. Please act as an impartial judge and evaluate the quality of their answers. You must output only one of the following choices:
'A' if Assistant A's answer is better.
'T' if both answers are relatively the same in quality.
'B' if Assistant B's answer is better.
Do not think or reason. Just choose which answer you prefer: A or B or T.
Outp...<truncated 8764 chars>
2025-11-21 18:27:22 | DEBUG    | main:550 | JR prompt length: 2601
2025-11-21 18:27:23 | DEBUG    | main:571 | JR: Generated 2 steps
2025-11-21 18:27:23 | DEBUG    | main:577 | JR: generated text='B''
2025-11-21 18:27:23 | DEBUG    | main:583 | JR step 0: token_id=236799, text='B'
2025-11-21 18:27:23 | DEBUG    | main:586 | JR: Found A/B/T at step 0
2025-11-21 18:27:23 | DEBUG    | main:593 | JR step 0: extracting probs from logits
2025-11-21 18:27:23 | DEBUG    | logits_to_prob_map:248 | logits_to_prob_map: input shape=torch.Size([262208]), dtype=torch.float32
2025-11-21 18:27:23 | DEBUG    | logits_to_prob_map:261 | Top-k extraction: k=50, top logprobs range=[-23.3769, -0.1269]
2025-11-21 18:27:23 | DEBUG    | logits_to_prob_map:271 | topk[0]: token_id=236799, text='B', logprob=-0.1269, prob=0.880789
2025-11-21 18:27:23 | DEBUG    | logits_to_prob_map:271 | topk[1]: token_id=236776, text='A', logprob=-2.1269, prob=0.119202
2025-11-21 18:27:23 | DEBUG    | logits_to_prob_map:271 | topk[2]: token_id=236789, text=''', logprob=-12.0019, prob=0.000006
2025-11-21 18:27:23 | DEBUG    | logits_to_prob_map:271 | topk[3]: token_id=1018, text='**', logprob=-12.6269, prob=0.000003
2025-11-21 18:27:23 | DEBUG    | logits_to_prob_map:271 | topk[4]: token_id=236775, text='"', logprob=-16.6269, prob=0.000000
2025-11-21 18:27:23 | DEBUG    | logits_to_prob_map:271 | topk[5]: token_id=236929, text='`', logprob=-17.5019, prob=0.000000
2025-11-21 18:27:23 | DEBUG    | logits_to_prob_map:271 | topk[6]: token_id=236763, text='b', logprob=-17.8769, prob=0.000000
2025-11-21 18:27:23 | DEBUG    | logits_to_prob_map:271 | topk[7]: token_id=236829, text='*', logprob=-18.6269, prob=0.000000
2025-11-21 18:27:23 | DEBUG    | logits_to_prob_map:271 | topk[8]: token_id=35343, text='Bs', logprob=-18.7519, prob=0.000000
2025-11-21 18:27:23 | DEBUG    | logits_to_prob_map:271 | topk[9]: token_id=14433, text='answer', logprob=-18.7519, prob=0.000000
2025-11-21 18:27:23 | DEBUG    | only_abt_probs:289 | only_abt_probs result: {'A': 0.11920177568300244, 'B': 0.8807886338633989, 'T': 0.0}
2025-11-21 18:27:23 | DEBUG    | main:520 | RJ prompt (truncated): <bos><start_of_turn>user
You are an impartial and unbiased judge.

You will be given answers from two assistants (Assistant A and Assistant B) to a user prompt. Please act as an impartial judge and evaluate the quality of their answers. You must output only one of the following choices:
'A' if Assistant A's answer is better.
'T' if both answers are relatively the same in quality.
'B' if Assistant B's answer is better.
Do not think or reason. Just choose which answer you prefer: A or B or T.
Outp...<truncated 8764 chars>
2025-11-21 18:27:23 | DEBUG    | main:550 | RJ prompt length: 2601
2025-11-21 18:27:25 | DEBUG    | main:571 | RJ: Generated 2 steps
2025-11-21 18:27:25 | DEBUG    | main:577 | RJ: generated text='A''
2025-11-21 18:27:25 | DEBUG    | main:583 | RJ step 0: token_id=236776, text='A'
2025-11-21 18:27:25 | DEBUG    | main:586 | RJ: Found A/B/T at step 0
2025-11-21 18:27:25 | DEBUG    | main:593 | RJ step 0: extracting probs from logits
2025-11-21 18:27:25 | DEBUG    | logits_to_prob_map:248 | logits_to_prob_map: input shape=torch.Size([262208]), dtype=torch.float32
2025-11-21 18:27:25 | DEBUG    | logits_to_prob_map:261 | Top-k extraction: k=50, top logprobs range=[-20.6250, -0.0000]
2025-11-21 18:27:25 | DEBUG    | logits_to_prob_map:271 | topk[0]: token_id=236776, text='A', logprob=-0.0000, prob=0.999963
2025-11-21 18:27:25 | DEBUG    | logits_to_prob_map:271 | topk[1]: token_id=236799, text='B', logprob=-10.8750, prob=0.000019
2025-11-21 18:27:25 | DEBUG    | logits_to_prob_map:271 | topk[2]: token_id=236789, text=''', logprob=-11.2500, prob=0.000013
2025-11-21 18:27:25 | DEBUG    | logits_to_prob_map:271 | topk[3]: token_id=1018, text='**', logprob=-12.5000, prob=0.000004
2025-11-21 18:27:25 | DEBUG    | logits_to_prob_map:271 | topk[4]: token_id=236775, text='"', logprob=-14.5000, prob=0.000001
2025-11-21 18:27:25 | DEBUG    | logits_to_prob_map:271 | topk[5]: token_id=236929, text='`', logprob=-15.3750, prob=0.000000
2025-11-21 18:27:25 | DEBUG    | logits_to_prob_map:271 | topk[6]: token_id=6275, text='response', logprob=-16.3750, prob=0.000000
2025-11-21 18:27:25 | DEBUG    | logits_to_prob_map:271 | topk[7]: token_id=2205, text='As', logprob=-16.3750, prob=0.000000
2025-11-21 18:27:25 | DEBUG    | logits_to_prob_map:271 | topk[8]: token_id=7925, text='Answer', logprob=-16.5000, prob=0.000000
2025-11-21 18:27:25 | DEBUG    | logits_to_prob_map:271 | topk[9]: token_id=14433, text='answer', logprob=-16.5000, prob=0.000000
2025-11-21 18:27:25 | DEBUG    | only_abt_probs:289 | only_abt_probs result: {'A': 0.9999630464869772, 'B': 1.8924802525135624e-05, 'T': 0.0}
2025-11-21 18:27:25 | DEBUG    | main:654 | Row 49 complete: JR={'A': 0.11920177568300244, 'B': 0.8807886338633989, 'T': 0.0}, RJ={'A': 0.9999630464869772, 'B': 1.8924802525135624e-05, 'T': 0.0}, combined_norm={'A': 0.0596111734481545, 'B': 0.9403888265518454, 'T': 0.0}
2025-11-21 18:27:25 | INFO     | main:501 | Processing row 50/861
2025-11-21 18:27:25 | DEBUG    | main:503 | ========== Row 50 ==========
2025-11-21 18:27:25 | DEBUG    | main:504 | Built msgs_jr with 2 messages
2025-11-21 18:27:25 | DEBUG    | main:506 | msgs_jr[0] role=system content=You are an impartial and unbiased judge.
2025-11-21 18:27:25 | DEBUG    | main:506 | msgs_jr[1] role=user content=You will be given answers from two assistants (Assistant A and Assistant B) to a user prompt. Please act as an impartial judge and evaluate the quality of their answers. You must output only one of the following choices:
'A' if Assistant A's answer is better.
'T' if both answers are relatively the s...<truncated 13125 chars>
2025-11-21 18:27:25 | DEBUG    | main:520 | JR prompt (truncated): <bos><start_of_turn>user
You are an impartial and unbiased judge.

You will be given answers from two assistants (Assistant A and Assistant B) to a user prompt. Please act as an impartial judge and evaluate the quality of their answers. You must output only one of the following choices:
'A' if Assistant A's answer is better.
'T' if both answers are relatively the same in quality.
'B' if Assistant B's answer is better.
Do not think or reason. Just choose which answer you prefer: A or B or T.
Outp...<truncated 13340 chars>
2025-11-21 18:27:25 | DEBUG    | main:550 | JR prompt length: 5591
2025-11-21 18:27:28 | DEBUG    | main:571 | JR: Generated 2 steps
2025-11-21 18:27:28 | DEBUG    | main:577 | JR: generated text='A''
2025-11-21 18:27:28 | DEBUG    | main:583 | JR step 0: token_id=236776, text='A'
2025-11-21 18:27:28 | DEBUG    | main:586 | JR: Found A/B/T at step 0
2025-11-21 18:27:28 | DEBUG    | main:593 | JR step 0: extracting probs from logits
2025-11-21 18:27:28 | DEBUG    | logits_to_prob_map:248 | logits_to_prob_map: input shape=torch.Size([262208]), dtype=torch.float32
2025-11-21 18:27:28 | DEBUG    | logits_to_prob_map:261 | Top-k extraction: k=50, top logprobs range=[-14.6907, -0.0032]
2025-11-21 18:27:28 | DEBUG    | logits_to_prob_map:271 | topk[0]: token_id=236776, text='A', logprob=-0.0032, prob=0.996792
2025-11-21 18:27:28 | DEBUG    | logits_to_prob_map:271 | topk[1]: token_id=236799, text='B', logprob=-6.0032, prob=0.002471
2025-11-21 18:27:28 | DEBUG    | logits_to_prob_map:271 | topk[2]: token_id=236789, text=''', logprob=-7.7532, prob=0.000429
2025-11-21 18:27:28 | DEBUG    | logits_to_prob_map:271 | topk[3]: token_id=1018, text='**', logprob=-9.2532, prob=0.000096
2025-11-21 18:27:28 | DEBUG    | logits_to_prob_map:271 | topk[4]: token_id=236775, text='"', logprob=-10.2532, prob=0.000035
2025-11-21 18:27:28 | DEBUG    | logits_to_prob_map:271 | topk[5]: token_id=1071, text='to', logprob=-10.3782, prob=0.000031
2025-11-21 18:27:28 | DEBUG    | logits_to_prob_map:271 | topk[6]: token_id=236929, text='`', logprob=-10.7532, prob=0.000021
2025-11-21 18:27:28 | DEBUG    | logits_to_prob_map:271 | topk[7]: token_id=107, text='
', logprob=-11.1282, prob=0.000015
2025-11-21 18:27:28 | DEBUG    | logits_to_prob_map:271 | topk[8]: token_id=14433, text='answer', logprob=-11.5032, prob=0.000010
2025-11-21 18:27:28 | DEBUG    | logits_to_prob_map:271 | topk[9]: token_id=236746, text='a', logprob=-11.7532, prob=0.000008
2025-11-21 18:27:28 | DEBUG    | only_abt_probs:289 | only_abt_probs result: {'A': 0.9967920310495437, 'B': 0.002470800902757738, 'T': 1.754699521067595e-06}
2025-11-21 18:27:28 | DEBUG    | main:520 | RJ prompt (truncated): <bos><start_of_turn>user
You are an impartial and unbiased judge.

You will be given answers from two assistants (Assistant A and Assistant B) to a user prompt. Please act as an impartial judge and evaluate the quality of their answers. You must output only one of the following choices:
'A' if Assistant A's answer is better.
'T' if both answers are relatively the same in quality.
'B' if Assistant B's answer is better.
Do not think or reason. Just choose which answer you prefer: A or B or T.
Outp...<truncated 13340 chars>
2025-11-21 18:27:28 | DEBUG    | main:550 | RJ prompt length: 5591
2025-11-21 18:27:31 | DEBUG    | main:571 | RJ: Generated 2 steps
2025-11-21 18:27:31 | DEBUG    | main:577 | RJ: generated text='A''
2025-11-21 18:27:31 | DEBUG    | main:583 | RJ step 0: token_id=236776, text='A'
2025-11-21 18:27:31 | DEBUG    | main:586 | RJ: Found A/B/T at step 0
2025-11-21 18:27:31 | DEBUG    | main:593 | RJ step 0: extracting probs from logits
2025-11-21 18:27:31 | DEBUG    | logits_to_prob_map:248 | logits_to_prob_map: input shape=torch.Size([262208]), dtype=torch.float32
2025-11-21 18:27:31 | DEBUG    | logits_to_prob_map:261 | Top-k extraction: k=50, top logprobs range=[-17.5265, -0.0265]
2025-11-21 18:27:31 | DEBUG    | logits_to_prob_map:271 | topk[0]: token_id=236776, text='A', logprob=-0.0265, prob=0.973825
2025-11-21 18:27:31 | DEBUG    | logits_to_prob_map:271 | topk[1]: token_id=236799, text='B', logprob=-3.6515, prob=0.025952
2025-11-21 18:27:31 | DEBUG    | logits_to_prob_map:271 | topk[2]: token_id=236789, text=''', logprob=-8.6515, prob=0.000175
2025-11-21 18:27:31 | DEBUG    | logits_to_prob_map:271 | topk[3]: token_id=1018, text='**', logprob=-10.4015, prob=0.000030
2025-11-21 18:27:31 | DEBUG    | logits_to_prob_map:271 | topk[4]: token_id=236929, text='`', logprob=-12.2765, prob=0.000005
2025-11-21 18:27:31 | DEBUG    | logits_to_prob_map:271 | topk[5]: token_id=236775, text='"', logprob=-12.2765, prob=0.000005
2025-11-21 18:27:31 | DEBUG    | logits_to_prob_map:271 | topk[6]: token_id=14433, text='answer', logprob=-13.6515, prob=0.000001
2025-11-21 18:27:31 | DEBUG    | logits_to_prob_map:271 | topk[7]: token_id=1071, text='to', logprob=-13.7765, prob=0.000001
2025-11-21 18:27:31 | DEBUG    | logits_to_prob_map:271 | topk[8]: token_id=6275, text='response', logprob=-14.4015, prob=0.000001
2025-11-21 18:27:31 | DEBUG    | logits_to_prob_map:271 | topk[9]: token_id=7925, text='Answer', logprob=-14.4015, prob=0.000001
2025-11-21 18:27:31 | DEBUG    | only_abt_probs:289 | only_abt_probs result: {'A': 0.9738247263064137, 'B': 0.025951552916878305, 'T': 9.671246005609657e-08}
2025-11-21 18:27:31 | DEBUG    | main:654 | Row 50 complete: JR={'A': 0.9967920310495437, 'B': 0.002470800902757738, 'T': 1.754699521067595e-06}, RJ={'A': 0.9738247263064137, 'B': 0.025951552916878305, 'T': 9.671246005609657e-08}, combined_norm={'A': 0.5116171219636113, 'B': 0.4883819518862919, 'T': 9.2615009685805e-07}
2025-11-21 18:27:31 | DEBUG    | main:503 | ========== Row 51 ==========
2025-11-21 18:27:31 | DEBUG    | main:504 | Built msgs_jr with 2 messages
2025-11-21 18:27:31 | DEBUG    | main:506 | msgs_jr[0] role=system content=You are an impartial and unbiased judge.
2025-11-21 18:27:31 | DEBUG    | main:506 | msgs_jr[1] role=user content=You will be given answers from two assistants (Assistant A and Assistant B) to a user prompt. Please act as an impartial judge and evaluate the quality of their answers. You must output only one of the following choices:
'A' if Assistant A's answer is better.
'T' if both answers are relatively the s...<truncated 17564 chars>
2025-11-21 18:27:31 | DEBUG    | main:520 | JR prompt (truncated): <bos><start_of_turn>user
You are an impartial and unbiased judge.

You will be given answers from two assistants (Assistant A and Assistant B) to a user prompt. Please act as an impartial judge and evaluate the quality of their answers. You must output only one of the following choices:
'A' if Assistant A's answer is better.
'T' if both answers are relatively the same in quality.
'B' if Assistant B's answer is better.
Do not think or reason. Just choose which answer you prefer: A or B or T.
Outp...<truncated 17779 chars>
2025-11-21 18:27:31 | DEBUG    | main:550 | JR prompt length: 10207
2025-11-21 18:27:38 | DEBUG    | main:571 | JR: Generated 2 steps
2025-11-21 18:27:38 | DEBUG    | main:577 | JR: generated text='A''
2025-11-21 18:27:38 | DEBUG    | main:583 | JR step 0: token_id=236776, text='A'
2025-11-21 18:27:38 | DEBUG    | main:586 | JR: Found A/B/T at step 0
2025-11-21 18:27:38 | DEBUG    | main:593 | JR step 0: extracting probs from logits
2025-11-21 18:27:38 | DEBUG    | logits_to_prob_map:248 | logits_to_prob_map: input shape=torch.Size([262208]), dtype=torch.float32
2025-11-21 18:27:38 | DEBUG    | logits_to_prob_map:261 | Top-k extraction: k=50, top logprobs range=[-18.0005, -0.0005]
2025-11-21 18:27:38 | DEBUG    | logits_to_prob_map:271 | topk[0]: token_id=236776, text='A', logprob=-0.0005, prob=0.999467
2025-11-21 18:27:38 | DEBUG    | logits_to_prob_map:271 | topk[1]: token_id=236799, text='B', logprob=-7.7505, prob=0.000431
2025-11-21 18:27:38 | DEBUG    | logits_to_prob_map:271 | topk[2]: token_id=236789, text=''', logprob=-9.7505, prob=0.000058
2025-11-21 18:27:38 | DEBUG    | logits_to_prob_map:271 | topk[3]: token_id=1018, text='**', logprob=-10.5005, prob=0.000028
2025-11-21 18:27:38 | DEBUG    | logits_to_prob_map:271 | topk[4]: token_id=236775, text='"', logprob=-11.8755, prob=0.000007
2025-11-21 18:27:38 | DEBUG    | logits_to_prob_map:271 | topk[5]: token_id=236929, text='`', logprob=-13.2505, prob=0.000002
2025-11-21 18:27:38 | DEBUG    | logits_to_prob_map:271 | topk[6]: token_id=1071, text='to', logprob=-13.6255, prob=0.000001
2025-11-21 18:27:38 | DEBUG    | logits_to_prob_map:271 | topk[7]: token_id=74314, text='Assistant', logprob=-13.7505, prob=0.000001
2025-11-21 18:27:38 | DEBUG    | logits_to_prob_map:271 | topk[8]: token_id=7925, text='Answer', logprob=-14.3755, prob=0.000001
2025-11-21 18:27:38 | DEBUG    | logits_to_prob_map:271 | topk[9]: token_id=14433, text='answer', logprob=-14.3755, prob=0.000001
2025-11-21 18:27:38 | DEBUG    | only_abt_probs:289 | only_abt_probs result: {'A': 0.9994669419658091, 'B': 0.0004305129712265439, 'T': 0.0}
2025-11-21 18:27:38 | DEBUG    | main:520 | RJ prompt (truncated): <bos><start_of_turn>user
You are an impartial and unbiased judge.

You will be given answers from two assistants (Assistant A and Assistant B) to a user prompt. Please act as an impartial judge and evaluate the quality of their answers. You must output only one of the following choices:
'A' if Assistant A's answer is better.
'T' if both answers are relatively the same in quality.
'B' if Assistant B's answer is better.
Do not think or reason. Just choose which answer you prefer: A or B or T.
Outp...<truncated 17779 chars>
2025-11-21 18:27:38 | DEBUG    | main:550 | RJ prompt length: 10207
2025-11-21 18:27:45 | DEBUG    | main:571 | RJ: Generated 2 steps
2025-11-21 18:27:45 | DEBUG    | main:577 | RJ: generated text='B''
2025-11-21 18:27:45 | DEBUG    | main:583 | RJ step 0: token_id=236799, text='B'
2025-11-21 18:27:45 | DEBUG    | main:586 | RJ: Found A/B/T at step 0
2025-11-21 18:27:45 | DEBUG    | main:593 | RJ step 0: extracting probs from logits
2025-11-21 18:27:45 | DEBUG    | logits_to_prob_map:248 | logits_to_prob_map: input shape=torch.Size([262208]), dtype=torch.float32
2025-11-21 18:27:45 | DEBUG    | logits_to_prob_map:261 | Top-k extraction: k=50, top logprobs range=[-19.8772, -0.0022]
2025-11-21 18:27:45 | DEBUG    | logits_to_prob_map:271 | topk[0]: token_id=236799, text='B', logprob=-0.0022, prob=0.997798
2025-11-21 18:27:45 | DEBUG    | logits_to_prob_map:271 | topk[1]: token_id=236776, text='A', logprob=-6.1272, prob=0.002183
2025-11-21 18:27:45 | DEBUG    | logits_to_prob_map:271 | topk[2]: token_id=236789, text=''', logprob=-11.2522, prob=0.000013
2025-11-21 18:27:45 | DEBUG    | logits_to_prob_map:271 | topk[3]: token_id=1018, text='**', logprob=-12.5022, prob=0.000004
2025-11-21 18:27:45 | DEBUG    | logits_to_prob_map:271 | topk[4]: token_id=14433, text='answer', logprob=-14.5022, prob=0.000001
2025-11-21 18:27:45 | DEBUG    | logits_to_prob_map:271 | topk[5]: token_id=236775, text='"', logprob=-14.6272, prob=0.000000
2025-11-21 18:27:45 | DEBUG    | logits_to_prob_map:271 | topk[6]: token_id=35343, text='Bs', logprob=-14.7522, prob=0.000000
2025-11-21 18:27:45 | DEBUG    | logits_to_prob_map:271 | topk[7]: token_id=1071, text='to', logprob=-15.1272, prob=0.000000
2025-11-21 18:27:45 | DEBUG    | logits_to_prob_map:271 | topk[8]: token_id=236763, text='b', logprob=-15.1272, prob=0.000000
2025-11-21 18:27:45 | DEBUG    | logits_to_prob_map:271 | topk[9]: token_id=74314, text='Assistant', logprob=-15.2522, prob=0.000000
2025-11-21 18:27:45 | DEBUG    | only_abt_probs:289 | only_abt_probs result: {'A': 0.0021826732433171494, 'B': 0.9977977007801623, 'T': 0.0}
2025-11-21 18:27:45 | DEBUG    | main:654 | Row 51 complete: JR={'A': 0.9994669419658091, 'B': 0.0004305129712265439, 'T': 0.0}, RJ={'A': 0.0021826732433171494, 'B': 0.9977977007801623, 'T': 0.0}, combined_norm={'A': 0.9986933270739333, 'B': 0.0013066729260666687, 'T': 0.0}
2025-11-21 18:27:45 | DEBUG    | main:503 | ========== Row 52 ==========
2025-11-21 18:27:45 | DEBUG    | main:504 | Built msgs_jr with 2 messages
2025-11-21 18:27:45 | DEBUG    | main:506 | msgs_jr[0] role=system content=You are an impartial and unbiased judge.
2025-11-21 18:27:45 | DEBUG    | main:506 | msgs_jr[1] role=user content=You will be given answers from two assistants (Assistant A and Assistant B) to a user prompt. Please act as an impartial judge and evaluate the quality of their answers. You must output only one of the following choices:
'A' if Assistant A's answer is better.
'T' if both answers are relatively the s...<truncated 3117 chars>
2025-11-21 18:27:45 | DEBUG    | main:520 | JR prompt (truncated): <bos><start_of_turn>user
You are an impartial and unbiased judge.

You will be given answers from two assistants (Assistant A and Assistant B) to a user prompt. Please act as an impartial judge and evaluate the quality of their answers. You must output only one of the following choices:
'A' if Assistant A's answer is better.
'T' if both answers are relatively the same in quality.
'B' if Assistant B's answer is better.
Do not think or reason. Just choose which answer you prefer: A or B or T.
Outp...<truncated 3332 chars>
2025-11-21 18:27:45 | DEBUG    | main:550 | JR prompt length: 1011
2025-11-21 18:27:46 | DEBUG    | main:571 | JR: Generated 2 steps
2025-11-21 18:27:46 | DEBUG    | main:577 | JR: generated text='A''
2025-11-21 18:27:46 | DEBUG    | main:583 | JR step 0: token_id=236776, text='A'
2025-11-21 18:27:46 | DEBUG    | main:586 | JR: Found A/B/T at step 0
2025-11-21 18:27:46 | DEBUG    | main:593 | JR step 0: extracting probs from logits
2025-11-21 18:27:46 | DEBUG    | logits_to_prob_map:248 | logits_to_prob_map: input shape=torch.Size([262208]), dtype=torch.float32
2025-11-21 18:27:46 | DEBUG    | logits_to_prob_map:261 | Top-k extraction: k=50, top logprobs range=[-22.5000, -0.0000]
2025-11-21 18:27:46 | DEBUG    | logits_to_prob_map:271 | topk[0]: token_id=236776, text='A', logprob=-0.0000, prob=0.999994
2025-11-21 18:27:46 | DEBUG    | logits_to_prob_map:271 | topk[1]: token_id=236789, text=''', logprob=-12.2500, prob=0.000005
2025-11-21 18:27:46 | DEBUG    | logits_to_prob_map:271 | topk[2]: token_id=236799, text='B', logprob=-14.3750, prob=0.000001
2025-11-21 18:27:46 | DEBUG    | logits_to_prob_map:271 | topk[3]: token_id=1018, text='**', logprob=-14.6250, prob=0.000000
2025-11-21 18:27:46 | DEBUG    | logits_to_prob_map:271 | topk[4]: token_id=236775, text='"', logprob=-16.3750, prob=0.000000
2025-11-21 18:27:46 | DEBUG    | logits_to_prob_map:271 | topk[5]: token_id=236929, text='`', logprob=-16.3750, prob=0.000000
2025-11-21 18:27:46 | DEBUG    | logits_to_prob_map:271 | topk[6]: token_id=2205, text='As', logprob=-18.1250, prob=0.000000
2025-11-21 18:27:46 | DEBUG    | logits_to_prob_map:271 | topk[7]: token_id=74314, text='Assistant', logprob=-18.5000, prob=0.000000
2025-11-21 18:27:46 | DEBUG    | logits_to_prob_map:271 | topk[8]: token_id=237095, text='‘', logprob=-18.5000, prob=0.000000
2025-11-21 18:27:46 | DEBUG    | logits_to_prob_map:271 | topk[9]: token_id=14433, text='answer', logprob=-18.5000, prob=0.000000
2025-11-21 18:27:46 | DEBUG    | only_abt_probs:289 | only_abt_probs result: {'A': 0.9999939203633587, 'B': 5.714975035023703e-07, 'T': 0.0}
2025-11-21 18:27:46 | DEBUG    | main:520 | RJ prompt (truncated): <bos><start_of_turn>user
You are an impartial and unbiased judge.

You will be given answers from two assistants (Assistant A and Assistant B) to a user prompt. Please act as an impartial judge and evaluate the quality of their answers. You must output only one of the following choices:
'A' if Assistant A's answer is better.
'T' if both answers are relatively the same in quality.
'B' if Assistant B's answer is better.
Do not think or reason. Just choose which answer you prefer: A or B or T.
Outp...<truncated 3332 chars>
2025-11-21 18:27:46 | DEBUG    | main:550 | RJ prompt length: 1011
2025-11-21 18:27:46 | DEBUG    | main:571 | RJ: Generated 2 steps
2025-11-21 18:27:46 | DEBUG    | main:577 | RJ: generated text='B.'
2025-11-21 18:27:46 | DEBUG    | main:583 | RJ step 0: token_id=236799, text='B'
2025-11-21 18:27:46 | DEBUG    | main:586 | RJ: Found A/B/T at step 0
2025-11-21 18:27:46 | DEBUG    | main:593 | RJ step 0: extracting probs from logits
2025-11-21 18:27:46 | DEBUG    | logits_to_prob_map:248 | logits_to_prob_map: input shape=torch.Size([262208]), dtype=torch.float32
2025-11-21 18:27:46 | DEBUG    | logits_to_prob_map:261 | Top-k extraction: k=50, top logprobs range=[-21.1251, -0.0001]
2025-11-21 18:27:46 | DEBUG    | logits_to_prob_map:271 | topk[0]: token_id=236799, text='B', logprob=-0.0001, prob=0.999940
2025-11-21 18:27:46 | DEBUG    | logits_to_prob_map:271 | topk[1]: token_id=236776, text='A', logprob=-9.8751, prob=0.000051
2025-11-21 18:27:46 | DEBUG    | logits_to_prob_map:271 | topk[2]: token_id=236789, text=''', logprob=-12.2501, prob=0.000005
2025-11-21 18:27:46 | DEBUG    | logits_to_prob_map:271 | topk[3]: token_id=1018, text='**', logprob=-12.7501, prob=0.000003
2025-11-21 18:27:46 | DEBUG    | logits_to_prob_map:271 | topk[4]: token_id=14433, text='answer', logprob=-15.0001, prob=0.000000
2025-11-21 18:27:46 | DEBUG    | logits_to_prob_map:271 | topk[5]: token_id=236763, text='b', logprob=-15.6251, prob=0.000000
2025-11-21 18:27:46 | DEBUG    | logits_to_prob_map:271 | topk[6]: token_id=74314, text='Assistant', logprob=-15.8751, prob=0.000000
2025-11-21 18:27:46 | DEBUG    | logits_to_prob_map:271 | topk[7]: token_id=35343, text='Bs', logprob=-16.5001, prob=0.000000
2025-11-21 18:27:46 | DEBUG    | logits_to_prob_map:271 | topk[8]: token_id=7925, text='Answer', logprob=-16.6251, prob=0.000000
2025-11-21 18:27:46 | DEBUG    | logits_to_prob_map:271 | topk[9]: token_id=236929, text='`', logprob=-16.8751, prob=0.000000
2025-11-21 18:27:46 | DEBUG    | only_abt_probs:289 | only_abt_probs result: {'A': 5.1441769389115384e-05, 'B': 0.9999398029324065, 'T': 0.0}
2025-11-21 18:27:46 | DEBUG    | main:654 | Row 52 complete: JR={'A': 0.9999939203633587, 'B': 5.714975035023703e-07, 'T': 0.0}, RJ={'A': 5.1441769389115384e-05, 'B': 0.9999398029324065, 'T': 0.0}, combined_norm={'A': 0.9999739931810804, 'B': 2.6006818919624944e-05, 'T': 0.0}
2025-11-21 18:27:46 | DEBUG    | main:503 | ========== Row 53 ==========
2025-11-21 18:27:46 | DEBUG    | main:504 | Built msgs_jr with 2 messages
2025-11-21 18:27:46 | DEBUG    | main:506 | msgs_jr[0] role=system content=You are an impartial and unbiased judge.
2025-11-21 18:27:46 | DEBUG    | main:506 | msgs_jr[1] role=user content=You will be given answers from two assistants (Assistant A and Assistant B) to a user prompt. Please act as an impartial judge and evaluate the quality of their answers. You must output only one of the following choices:
'A' if Assistant A's answer is better.
'T' if both answers are relatively the s...<truncated 13945 chars>
2025-11-21 18:27:46 | DEBUG    | main:520 | JR prompt (truncated): <bos><start_of_turn>user
You are an impartial and unbiased judge.

You will be given answers from two assistants (Assistant A and Assistant B) to a user prompt. Please act as an impartial judge and evaluate the quality of their answers. You must output only one of the following choices:
'A' if Assistant A's answer is better.
'T' if both answers are relatively the same in quality.
'B' if Assistant B's answer is better.
Do not think or reason. Just choose which answer you prefer: A or B or T.
Outp...<truncated 14160 chars>
2025-11-21 18:27:46 | DEBUG    | main:550 | JR prompt length: 9379
2025-11-21 18:27:52 | DEBUG    | main:571 | JR: Generated 2 steps
2025-11-21 18:27:52 | DEBUG    | main:577 | JR: generated text='A.'
2025-11-21 18:27:52 | DEBUG    | main:583 | JR step 0: token_id=236776, text='A'
2025-11-21 18:27:52 | DEBUG    | main:586 | JR: Found A/B/T at step 0
2025-11-21 18:27:52 | DEBUG    | main:593 | JR step 0: extracting probs from logits
2025-11-21 18:27:52 | DEBUG    | logits_to_prob_map:248 | logits_to_prob_map: input shape=torch.Size([262208]), dtype=torch.float32
2025-11-21 18:27:53 | DEBUG    | logits_to_prob_map:261 | Top-k extraction: k=50, top logprobs range=[-16.3936, -0.0186]
2025-11-21 18:27:53 | DEBUG    | logits_to_prob_map:271 | topk[0]: token_id=236776, text='A', logprob=-0.0186, prob=0.981618
2025-11-21 18:27:53 | DEBUG    | logits_to_prob_map:271 | topk[1]: token_id=236799, text='B', logprob=-4.0186, prob=0.017979
2025-11-21 18:27:53 | DEBUG    | logits_to_prob_map:271 | topk[2]: token_id=236789, text=''', logprob=-8.5186, prob=0.000200
2025-11-21 18:27:53 | DEBUG    | logits_to_prob_map:271 | topk[3]: token_id=1018, text='**', logprob=-8.8936, prob=0.000137
2025-11-21 18:27:53 | DEBUG    | logits_to_prob_map:271 | topk[4]: token_id=1071, text='to', logprob=-11.1436, prob=0.000014
2025-11-21 18:27:53 | DEBUG    | logits_to_prob_map:271 | topk[5]: token_id=236775, text='"', logprob=-11.5186, prob=0.000010
2025-11-21 18:27:53 | DEBUG    | logits_to_prob_map:271 | topk[6]: token_id=74314, text='Assistant', logprob=-11.8936, prob=0.000007
2025-11-21 18:27:53 | DEBUG    | logits_to_prob_map:271 | topk[7]: token_id=14433, text='answer', logprob=-12.1436, prob=0.000005
2025-11-21 18:27:53 | DEBUG    | logits_to_prob_map:271 | topk[8]: token_id=236929, text='`', logprob=-12.7686, prob=0.000003
2025-11-21 18:27:53 | DEBUG    | logits_to_prob_map:271 | topk[9]: token_id=2205, text='As', logprob=-12.7686, prob=0.000003
2025-11-21 18:27:53 | DEBUG    | only_abt_probs:289 | only_abt_probs result: {'A': 0.9816181115062513, 'B': 0.017978965636529436, 'T': 6.356912927830814e-07}
2025-11-21 18:27:53 | DEBUG    | main:520 | RJ prompt (truncated): <bos><start_of_turn>user
You are an impartial and unbiased judge.

You will be given answers from two assistants (Assistant A and Assistant B) to a user prompt. Please act as an impartial judge and evaluate the quality of their answers. You must output only one of the following choices:
'A' if Assistant A's answer is better.
'T' if both answers are relatively the same in quality.
'B' if Assistant B's answer is better.
Do not think or reason. Just choose which answer you prefer: A or B or T.
Outp...<truncated 14160 chars>
2025-11-21 18:27:53 | DEBUG    | main:550 | RJ prompt length: 9379
2025-11-21 18:27:59 | DEBUG    | main:571 | RJ: Generated 2 steps
2025-11-21 18:27:59 | DEBUG    | main:577 | RJ: generated text='B''
2025-11-21 18:27:59 | DEBUG    | main:583 | RJ step 0: token_id=236799, text='B'
2025-11-21 18:27:59 | DEBUG    | main:586 | RJ: Found A/B/T at step 0
2025-11-21 18:27:59 | DEBUG    | main:593 | RJ step 0: extracting probs from logits
2025-11-21 18:27:59 | DEBUG    | logits_to_prob_map:248 | logits_to_prob_map: input shape=torch.Size([262208]), dtype=torch.float32
2025-11-21 18:27:59 | DEBUG    | logits_to_prob_map:261 | Top-k extraction: k=50, top logprobs range=[-19.7512, -0.0012]
2025-11-21 18:27:59 | DEBUG    | logits_to_prob_map:271 | topk[0]: token_id=236799, text='B', logprob=-0.0012, prob=0.998807
2025-11-21 18:27:59 | DEBUG    | logits_to_prob_map:271 | topk[1]: token_id=236776, text='A', logprob=-6.7512, prob=0.001169
2025-11-21 18:27:59 | DEBUG    | logits_to_prob_map:271 | topk[2]: token_id=236789, text=''', logprob=-11.5012, prob=0.000010
2025-11-21 18:27:59 | DEBUG    | logits_to_prob_map:271 | topk[3]: token_id=1018, text='**', logprob=-11.8762, prob=0.000007
2025-11-21 18:27:59 | DEBUG    | logits_to_prob_map:271 | topk[4]: token_id=74314, text='Assistant', logprob=-13.1262, prob=0.000002
2025-11-21 18:27:59 | DEBUG    | logits_to_prob_map:271 | topk[5]: token_id=14433, text='answer', logprob=-13.3762, prob=0.000002
2025-11-21 18:27:59 | DEBUG    | logits_to_prob_map:271 | topk[6]: token_id=7925, text='Answer', logprob=-14.6262, prob=0.000000
2025-11-21 18:27:59 | DEBUG    | logits_to_prob_map:271 | topk[7]: token_id=236763, text='b', logprob=-14.6262, prob=0.000000
2025-11-21 18:27:59 | DEBUG    | logits_to_prob_map:271 | topk[8]: token_id=1071, text='to', logprob=-14.7512, prob=0.000000
2025-11-21 18:27:59 | DEBUG    | logits_to_prob_map:271 | topk[9]: token_id=236775, text='"', logprob=-15.1262, prob=0.000000
2025-11-21 18:27:59 | DEBUG    | only_abt_probs:289 | only_abt_probs result: {'A': 0.0011694829821832287, 'B': 0.9988071858844431, 'T': 2.6434155151136095e-09}
2025-11-21 18:27:59 | DEBUG    | main:654 | Row 53 complete: JR={'A': 0.9816181115062513, 'B': 0.017978965636529436, 'T': 6.356912927830814e-07}, RJ={'A': 0.0011694829821832287, 'B': 0.9988071858844431, 'T': 2.6434155151136095e-09}, combined_norm={'A': 0.9904234185517925, 'B': 0.009576262212917672, 'T': 3.1923528991774744e-07}
2025-11-21 18:27:59 | DEBUG    | main:503 | ========== Row 54 ==========
2025-11-21 18:27:59 | DEBUG    | main:504 | Built msgs_jr with 2 messages
2025-11-21 18:27:59 | DEBUG    | main:506 | msgs_jr[0] role=system content=You are an impartial and unbiased judge.
2025-11-21 18:27:59 | DEBUG    | main:506 | msgs_jr[1] role=user content=You will be given answers from two assistants (Assistant A and Assistant B) to a user prompt. Please act as an impartial judge and evaluate the quality of their answers. You must output only one of the following choices:
'A' if Assistant A's answer is better.
'T' if both answers are relatively the s...<truncated 33650 chars>
2025-11-21 18:27:59 | DEBUG    | main:520 | JR prompt (truncated): <bos><start_of_turn>user
You are an impartial and unbiased judge.

You will be given answers from two assistants (Assistant A and Assistant B) to a user prompt. Please act as an impartial judge and evaluate the quality of their answers. You must output only one of the following choices:
'A' if Assistant A's answer is better.
'T' if both answers are relatively the same in quality.
'B' if Assistant B's answer is better.
Do not think or reason. Just choose which answer you prefer: A or B or T.
Outp...<truncated 33865 chars>
2025-11-21 18:27:59 | DEBUG    | main:550 | JR prompt length: 8845
2025-11-21 18:28:05 | DEBUG    | main:571 | JR: Generated 2 steps
2025-11-21 18:28:05 | DEBUG    | main:577 | JR: generated text='A''
2025-11-21 18:28:05 | DEBUG    | main:583 | JR step 0: token_id=236776, text='A'
2025-11-21 18:28:05 | DEBUG    | main:586 | JR: Found A/B/T at step 0
2025-11-21 18:28:05 | DEBUG    | main:593 | JR step 0: extracting probs from logits
2025-11-21 18:28:05 | DEBUG    | logits_to_prob_map:248 | logits_to_prob_map: input shape=torch.Size([262208]), dtype=torch.float32
2025-11-21 18:28:05 | DEBUG    | logits_to_prob_map:261 | Top-k extraction: k=50, top logprobs range=[-17.8751, -0.0001]
2025-11-21 18:28:05 | DEBUG    | logits_to_prob_map:271 | topk[0]: token_id=236776, text='A', logprob=-0.0001, prob=0.999905
2025-11-21 18:28:05 | DEBUG    | logits_to_prob_map:271 | topk[1]: token_id=236789, text=''', logprob=-9.8751, prob=0.000051
2025-11-21 18:28:05 | DEBUG    | logits_to_prob_map:271 | topk[2]: token_id=236799, text='B', logprob=-11.1251, prob=0.000015
2025-11-21 18:28:05 | DEBUG    | logits_to_prob_map:271 | topk[3]: token_id=1018, text='**', logprob=-11.6251, prob=0.000009
2025-11-21 18:28:05 | DEBUG    | logits_to_prob_map:271 | topk[4]: token_id=236775, text='"', logprob=-12.6251, prob=0.000003
2025-11-21 18:28:05 | DEBUG    | logits_to_prob_map:271 | topk[5]: token_id=14433, text='answer', logprob=-12.7501, prob=0.000003
2025-11-21 18:28:05 | DEBUG    | logits_to_prob_map:271 | topk[6]: token_id=74314, text='Assistant', logprob=-12.8751, prob=0.000003
2025-11-21 18:28:05 | DEBUG    | logits_to_prob_map:271 | topk[7]: token_id=7925, text='Answer', logprob=-13.2501, prob=0.000002
2025-11-21 18:28:05 | DEBUG    | logits_to_prob_map:271 | topk[8]: token_id=1071, text='to', logprob=-13.6251, prob=0.000001
2025-11-21 18:28:05 | DEBUG    | logits_to_prob_map:271 | topk[9]: token_id=107, text='
', logprob=-13.7501, prob=0.000001
2025-11-21 18:28:05 | DEBUG    | only_abt_probs:289 | only_abt_probs result: {'A': 0.999905118410878, 'B': 1.473780769779885e-05, 'T': 0.0}
2025-11-21 18:28:05 | DEBUG    | main:520 | RJ prompt (truncated): <bos><start_of_turn>user
You are an impartial and unbiased judge.

You will be given answers from two assistants (Assistant A and Assistant B) to a user prompt. Please act as an impartial judge and evaluate the quality of their answers. You must output only one of the following choices:
'A' if Assistant A's answer is better.
'T' if both answers are relatively the same in quality.
'B' if Assistant B's answer is better.
Do not think or reason. Just choose which answer you prefer: A or B or T.
Outp...<truncated 33865 chars>
2025-11-21 18:28:05 | DEBUG    | main:550 | RJ prompt length: 8845
2025-11-21 18:28:11 | DEBUG    | main:571 | RJ: Generated 2 steps
2025-11-21 18:28:11 | DEBUG    | main:577 | RJ: generated text='B''
2025-11-21 18:28:11 | DEBUG    | main:583 | RJ step 0: token_id=236799, text='B'
2025-11-21 18:28:11 | DEBUG    | main:586 | RJ: Found A/B/T at step 0
2025-11-21 18:28:11 | DEBUG    | main:593 | RJ step 0: extracting probs from logits
2025-11-21 18:28:11 | DEBUG    | logits_to_prob_map:248 | logits_to_prob_map: input shape=torch.Size([262208]), dtype=torch.float32
2025-11-21 18:28:11 | DEBUG    | logits_to_prob_map:261 | Top-k extraction: k=50, top logprobs range=[-20.5000, -0.0000]
2025-11-21 18:28:11 | DEBUG    | logits_to_prob_map:271 | topk[0]: token_id=236799, text='B', logprob=-0.0000, prob=0.999955
2025-11-21 18:28:11 | DEBUG    | logits_to_prob_map:271 | topk[1]: token_id=236776, text='A', logprob=-10.2500, prob=0.000035
2025-11-21 18:28:11 | DEBUG    | logits_to_prob_map:271 | topk[2]: token_id=236789, text=''', logprob=-12.0000, prob=0.000006
2025-11-21 18:28:11 | DEBUG    | logits_to_prob_map:271 | topk[3]: token_id=1018, text='**', logprob=-13.5000, prob=0.000001
2025-11-21 18:28:11 | DEBUG    | logits_to_prob_map:271 | topk[4]: token_id=14433, text='answer', logprob=-14.7500, prob=0.000000
2025-11-21 18:28:11 | DEBUG    | logits_to_prob_map:271 | topk[5]: token_id=74314, text='Assistant', logprob=-15.2500, prob=0.000000
2025-11-21 18:28:11 | DEBUG    | logits_to_prob_map:271 | topk[6]: token_id=1071, text='to', logprob=-15.5000, prob=0.000000
2025-11-21 18:28:11 | DEBUG    | logits_to_prob_map:271 | topk[7]: token_id=35343, text='Bs', logprob=-15.7500, prob=0.000000
2025-11-21 18:28:11 | DEBUG    | logits_to_prob_map:271 | topk[8]: token_id=236763, text='b', logprob=-15.7500, prob=0.000000
2025-11-21 18:28:11 | DEBUG    | logits_to_prob_map:271 | topk[9]: token_id=7925, text='Answer', logprob=-16.2500, prob=0.000000
2025-11-21 18:28:11 | DEBUG    | only_abt_probs:289 | only_abt_probs result: {'A': 3.535591606752606e-05, 'B': 0.9999554177126959, 'T': 0.0}
2025-11-21 18:28:11 | DEBUG    | main:654 | Row 54 complete: JR={'A': 0.999905118410878, 'B': 1.473780769779885e-05, 'T': 0.0}, RJ={'A': 3.535591606752606e-05, 'B': 0.9999554177126959, 'T': 0.0}, combined_norm={'A': 0.9999749520188465, 'B': 2.5047981153612223e-05, 'T': 0.0}
2025-11-21 18:28:11 | DEBUG    | main:503 | ========== Row 55 ==========
2025-11-21 18:28:11 | DEBUG    | main:504 | Built msgs_jr with 2 messages
2025-11-21 18:28:11 | DEBUG    | main:506 | msgs_jr[0] role=system content=You are an impartial and unbiased judge.
2025-11-21 18:28:11 | DEBUG    | main:506 | msgs_jr[1] role=user content=You will be given answers from two assistants (Assistant A and Assistant B) to a user prompt. Please act as an impartial judge and evaluate the quality of their answers. You must output only one of the following choices:
'A' if Assistant A's answer is better.
'T' if both answers are relatively the s...<truncated 8884 chars>
2025-11-21 18:28:11 | DEBUG    | main:520 | JR prompt (truncated): <bos><start_of_turn>user
You are an impartial and unbiased judge.

You will be given answers from two assistants (Assistant A and Assistant B) to a user prompt. Please act as an impartial judge and evaluate the quality of their answers. You must output only one of the following choices:
'A' if Assistant A's answer is better.
'T' if both answers are relatively the same in quality.
'B' if Assistant B's answer is better.
Do not think or reason. Just choose which answer you prefer: A or B or T.
Outp...<truncated 9099 chars>
2025-11-21 18:28:11 | DEBUG    | main:550 | JR prompt length: 2517
2025-11-21 18:28:12 | DEBUG    | main:571 | JR: Generated 2 steps
2025-11-21 18:28:12 | DEBUG    | main:577 | JR: generated text='B''
2025-11-21 18:28:12 | DEBUG    | main:583 | JR step 0: token_id=236799, text='B'
2025-11-21 18:28:12 | DEBUG    | main:586 | JR: Found A/B/T at step 0
2025-11-21 18:28:12 | DEBUG    | main:593 | JR step 0: extracting probs from logits
2025-11-21 18:28:12 | DEBUG    | logits_to_prob_map:248 | logits_to_prob_map: input shape=torch.Size([262208]), dtype=torch.float32
2025-11-21 18:28:12 | DEBUG    | logits_to_prob_map:261 | Top-k extraction: k=50, top logprobs range=[-23.8765, -0.0015]
2025-11-21 18:28:12 | DEBUG    | logits_to_prob_map:271 | topk[0]: token_id=236799, text='B', logprob=-0.0015, prob=0.998498
2025-11-21 18:28:12 | DEBUG    | logits_to_prob_map:271 | topk[1]: token_id=236776, text='A', logprob=-6.5015, prob=0.001501
2025-11-21 18:28:12 | DEBUG    | logits_to_prob_map:271 | topk[2]: token_id=236789, text=''', logprob=-14.0015, prob=0.000001
2025-11-21 18:28:12 | DEBUG    | logits_to_prob_map:271 | topk[3]: token_id=1018, text='**', logprob=-14.7515, prob=0.000000
2025-11-21 18:28:12 | DEBUG    | logits_to_prob_map:271 | topk[4]: token_id=236775, text='"', logprob=-17.7515, prob=0.000000
2025-11-21 18:28:12 | DEBUG    | logits_to_prob_map:271 | topk[5]: token_id=14433, text='answer', logprob=-18.3765, prob=0.000000
2025-11-21 18:28:12 | DEBUG    | logits_to_prob_map:271 | topk[6]: token_id=236763, text='b', logprob=-18.3765, prob=0.000000
2025-11-21 18:28:12 | DEBUG    | logits_to_prob_map:271 | topk[7]: token_id=35343, text='Bs', logprob=-18.3765, prob=0.000000
2025-11-21 18:28:12 | DEBUG    | logits_to_prob_map:271 | topk[8]: token_id=1071, text='to', logprob=-18.6265, prob=0.000000
2025-11-21 18:28:12 | DEBUG    | logits_to_prob_map:271 | topk[9]: token_id=236929, text='`', logprob=-19.0015, prob=0.000000
2025-11-21 18:28:12 | DEBUG    | only_abt_probs:289 | only_abt_probs result: {'A': 0.0015011805192695626, 'B': 0.9984976009388775, 'T': 0.0}
2025-11-21 18:28:12 | DEBUG    | main:520 | RJ prompt (truncated): <bos><start_of_turn>user
You are an impartial and unbiased judge.

You will be given answers from two assistants (Assistant A and Assistant B) to a user prompt. Please act as an impartial judge and evaluate the quality of their answers. You must output only one of the following choices:
'A' if Assistant A's answer is better.
'T' if both answers are relatively the same in quality.
'B' if Assistant B's answer is better.
Do not think or reason. Just choose which answer you prefer: A or B or T.
Outp...<truncated 9099 chars>
2025-11-21 18:28:12 | DEBUG    | main:550 | RJ prompt length: 2517
2025-11-21 18:28:13 | DEBUG    | main:571 | RJ: Generated 2 steps
2025-11-21 18:28:13 | DEBUG    | main:577 | RJ: generated text='A''
2025-11-21 18:28:13 | DEBUG    | main:583 | RJ step 0: token_id=236776, text='A'
2025-11-21 18:28:13 | DEBUG    | main:586 | RJ: Found A/B/T at step 0
2025-11-21 18:28:13 | DEBUG    | main:593 | RJ step 0: extracting probs from logits
2025-11-21 18:28:13 | DEBUG    | logits_to_prob_map:248 | logits_to_prob_map: input shape=torch.Size([262208]), dtype=torch.float32
2025-11-21 18:28:13 | DEBUG    | logits_to_prob_map:261 | Top-k extraction: k=50, top logprobs range=[-21.3752, -0.0002]
2025-11-21 18:28:13 | DEBUG    | logits_to_prob_map:271 | topk[0]: token_id=236776, text='A', logprob=-0.0002, prob=0.999828
2025-11-21 18:28:13 | DEBUG    | logits_to_prob_map:271 | topk[1]: token_id=236799, text='B', logprob=-8.7502, prob=0.000158
2025-11-21 18:28:13 | DEBUG    | logits_to_prob_map:271 | topk[2]: token_id=236789, text=''', logprob=-11.3752, prob=0.000011
2025-11-21 18:28:13 | DEBUG    | logits_to_prob_map:271 | topk[3]: token_id=1018, text='**', logprob=-13.3752, prob=0.000002
2025-11-21 18:28:13 | DEBUG    | logits_to_prob_map:271 | topk[4]: token_id=236775, text='"', logprob=-14.7502, prob=0.000000
2025-11-21 18:28:13 | DEBUG    | logits_to_prob_map:271 | topk[5]: token_id=236929, text='`', logprob=-15.3752, prob=0.000000
2025-11-21 18:28:13 | DEBUG    | logits_to_prob_map:271 | topk[6]: token_id=237095, text='‘', logprob=-17.2502, prob=0.000000
2025-11-21 18:28:13 | DEBUG    | logits_to_prob_map:271 | topk[7]: token_id=1071, text='to', logprob=-17.6252, prob=0.000000
2025-11-21 18:28:13 | DEBUG    | logits_to_prob_map:271 | topk[8]: token_id=14433, text='answer', logprob=-17.6252, prob=0.000000
2025-11-21 18:28:13 | DEBUG    | logits_to_prob_map:271 | topk[9]: token_id=6275, text='response', logprob=-17.6252, prob=0.000000
2025-11-21 18:28:13 | DEBUG    | only_abt_probs:289 | only_abt_probs result: {'A': 0.9998276530782524, 'B': 0.00015843397466660966, 'T': 5.904290373330927e-10}
2025-11-21 18:28:13 | DEBUG    | main:654 | Row 55 complete: JR={'A': 0.0015011805192695626, 'B': 0.9984976009388775, 'T': 0.0}, RJ={'A': 0.9998276530782524, 'B': 0.00015843397466660966, 'T': 5.904290373330927e-10}, combined_norm={'A': 0.0008298135248801976, 'B': 0.999170186179903, 'T': 2.9521675211390295e-10}
2025-11-21 18:28:13 | DEBUG    | main:503 | ========== Row 56 ==========
2025-11-21 18:28:13 | DEBUG    | main:504 | Built msgs_jr with 2 messages
2025-11-21 18:28:13 | DEBUG    | main:506 | msgs_jr[0] role=system content=You are an impartial and unbiased judge.
2025-11-21 18:28:13 | DEBUG    | main:506 | msgs_jr[1] role=user content=You will be given answers from two assistants (Assistant A and Assistant B) to a user prompt. Please act as an impartial judge and evaluate the quality of their answers. You must output only one of the following choices:
'A' if Assistant A's answer is better.
'T' if both answers are relatively the s...<truncated 21980 chars>
2025-11-21 18:28:13 | DEBUG    | main:520 | JR prompt (truncated): <bos><start_of_turn>user
You are an impartial and unbiased judge.

You will be given answers from two assistants (Assistant A and Assistant B) to a user prompt. Please act as an impartial judge and evaluate the quality of their answers. You must output only one of the following choices:
'A' if Assistant A's answer is better.
'T' if both answers are relatively the same in quality.
'B' if Assistant B's answer is better.
Do not think or reason. Just choose which answer you prefer: A or B or T.
Outp...<truncated 22195 chars>
2025-11-21 18:28:13 | DEBUG    | main:550 | JR prompt length: 5516
2025-11-21 18:28:17 | DEBUG    | main:571 | JR: Generated 2 steps
2025-11-21 18:28:17 | DEBUG    | main:577 | JR: generated text='B''
2025-11-21 18:28:17 | DEBUG    | main:583 | JR step 0: token_id=236799, text='B'
2025-11-21 18:28:17 | DEBUG    | main:586 | JR: Found A/B/T at step 0
2025-11-21 18:28:17 | DEBUG    | main:593 | JR step 0: extracting probs from logits
2025-11-21 18:28:17 | DEBUG    | logits_to_prob_map:248 | logits_to_prob_map: input shape=torch.Size([262208]), dtype=torch.float32
2025-11-21 18:28:17 | DEBUG    | logits_to_prob_map:261 | Top-k extraction: k=50, top logprobs range=[-17.5042, -0.0042]
2025-11-21 18:28:17 | DEBUG    | logits_to_prob_map:271 | topk[0]: token_id=236799, text='B', logprob=-0.0042, prob=0.995816
2025-11-21 18:28:17 | DEBUG    | logits_to_prob_map:271 | topk[1]: token_id=236776, text='A', logprob=-5.5042, prob=0.004070
2025-11-21 18:28:17 | DEBUG    | logits_to_prob_map:271 | topk[2]: token_id=236789, text=''', logprob=-9.5042, prob=0.000075
2025-11-21 18:28:17 | DEBUG    | logits_to_prob_map:271 | topk[3]: token_id=1018, text='**', logprob=-11.0042, prob=0.000017
2025-11-21 18:28:17 | DEBUG    | logits_to_prob_map:271 | topk[4]: token_id=14433, text='answer', logprob=-12.0042, prob=0.000006
2025-11-21 18:28:17 | DEBUG    | logits_to_prob_map:271 | topk[5]: token_id=236775, text='"', logprob=-12.7542, prob=0.000003
2025-11-21 18:28:17 | DEBUG    | logits_to_prob_map:271 | topk[6]: token_id=74314, text='Assistant', logprob=-13.2542, prob=0.000002
2025-11-21 18:28:17 | DEBUG    | logits_to_prob_map:271 | topk[7]: token_id=236763, text='b', logprob=-13.2542, prob=0.000002
2025-11-21 18:28:17 | DEBUG    | logits_to_prob_map:271 | topk[8]: token_id=1071, text='to', logprob=-13.5042, prob=0.000001
2025-11-21 18:28:17 | DEBUG    | logits_to_prob_map:271 | topk[9]: token_id=236929, text='`', logprob=-13.5042, prob=0.000001
2025-11-21 18:28:17 | DEBUG    | only_abt_probs:289 | only_abt_probs result: {'A': 0.004069672176313113, 'B': 0.9958161659853817, 'T': 0.0}
2025-11-21 18:28:17 | DEBUG    | main:520 | RJ prompt (truncated): <bos><start_of_turn>user
You are an impartial and unbiased judge.

You will be given answers from two assistants (Assistant A and Assistant B) to a user prompt. Please act as an impartial judge and evaluate the quality of their answers. You must output only one of the following choices:
'A' if Assistant A's answer is better.
'T' if both answers are relatively the same in quality.
'B' if Assistant B's answer is better.
Do not think or reason. Just choose which answer you prefer: A or B or T.
Outp...<truncated 22195 chars>
2025-11-21 18:28:17 | DEBUG    | main:550 | RJ prompt length: 5516
2025-11-21 18:28:20 | DEBUG    | main:571 | RJ: Generated 2 steps
2025-11-21 18:28:20 | DEBUG    | main:577 | RJ: generated text='A''
2025-11-21 18:28:20 | DEBUG    | main:583 | RJ step 0: token_id=236776, text='A'
2025-11-21 18:28:20 | DEBUG    | main:586 | RJ: Found A/B/T at step 0
2025-11-21 18:28:20 | DEBUG    | main:593 | RJ step 0: extracting probs from logits
2025-11-21 18:28:20 | DEBUG    | logits_to_prob_map:248 | logits_to_prob_map: input shape=torch.Size([262208]), dtype=torch.float32
2025-11-21 18:28:20 | DEBUG    | logits_to_prob_map:261 | Top-k extraction: k=50, top logprobs range=[-16.2525, -0.0025]
2025-11-21 18:28:20 | DEBUG    | logits_to_prob_map:271 | topk[0]: token_id=236776, text='A', logprob=-0.0025, prob=0.997513
2025-11-21 18:28:20 | DEBUG    | logits_to_prob_map:271 | topk[1]: token_id=236799, text='B', logprob=-6.1275, prob=0.002182
2025-11-21 18:28:20 | DEBUG    | logits_to_prob_map:271 | topk[2]: token_id=236789, text=''', logprob=-8.3775, prob=0.000230
2025-11-21 18:28:20 | DEBUG    | logits_to_prob_map:271 | topk[3]: token_id=1018, text='**', logprob=-10.3775, prob=0.000031
2025-11-21 18:28:20 | DEBUG    | logits_to_prob_map:271 | topk[4]: token_id=236775, text='"', logprob=-11.6275, prob=0.000009
2025-11-21 18:28:20 | DEBUG    | logits_to_prob_map:271 | topk[5]: token_id=236929, text='`', logprob=-12.1275, prob=0.000005
2025-11-21 18:28:20 | DEBUG    | logits_to_prob_map:271 | topk[6]: token_id=14433, text='answer', logprob=-12.6275, prob=0.000003
2025-11-21 18:28:20 | DEBUG    | logits_to_prob_map:271 | topk[7]: token_id=1071, text='to', logprob=-12.7525, prob=0.000003
2025-11-21 18:28:20 | DEBUG    | logits_to_prob_map:271 | topk[8]: token_id=7925, text='Answer', logprob=-13.0025, prob=0.000002
2025-11-21 18:28:20 | DEBUG    | logits_to_prob_map:271 | topk[9]: token_id=107, text='
', logprob=-13.1275, prob=0.000002
2025-11-21 18:28:20 | DEBUG    | only_abt_probs:289 | only_abt_probs result: {'A': 0.9975132945596457, 'B': 0.0021820519862636636, 'T': 1.4413866581894517e-07}
2025-11-21 18:28:20 | DEBUG    | main:654 | Row 56 complete: JR={'A': 0.004069672176313113, 'B': 0.9958161659853817, 'T': 0.0}, RJ={'A': 0.9975132945596457, 'B': 0.0021820519862636636, 'T': 1.4413866581894517e-07}, combined_norm={'A': 0.003126516572438658, 'B': 0.9968734113431386, 'T': 7.208442274369062e-08}
2025-11-21 18:28:20 | DEBUG    | main:503 | ========== Row 57 ==========
2025-11-21 18:28:20 | DEBUG    | main:504 | Built msgs_jr with 2 messages
2025-11-21 18:28:20 | DEBUG    | main:506 | msgs_jr[0] role=system content=You are an impartial and unbiased judge.
2025-11-21 18:28:20 | DEBUG    | main:506 | msgs_jr[1] role=user content=You will be given answers from two assistants (Assistant A and Assistant B) to a user prompt. Please act as an impartial judge and evaluate the quality of their answers. You must output only one of the following choices:
'A' if Assistant A's answer is better.
'T' if both answers are relatively the s...<truncated 5445 chars>
2025-11-21 18:28:20 | DEBUG    | main:520 | JR prompt (truncated): <bos><start_of_turn>user
You are an impartial and unbiased judge.

You will be given answers from two assistants (Assistant A and Assistant B) to a user prompt. Please act as an impartial judge and evaluate the quality of their answers. You must output only one of the following choices:
'A' if Assistant A's answer is better.
'T' if both answers are relatively the same in quality.
'B' if Assistant B's answer is better.
Do not think or reason. Just choose which answer you prefer: A or B or T.
Outp...<truncated 5660 chars>
2025-11-21 18:28:20 | DEBUG    | main:550 | JR prompt length: 2081
2025-11-21 18:28:21 | DEBUG    | main:571 | JR: Generated 2 steps
2025-11-21 18:28:21 | DEBUG    | main:577 | JR: generated text='A''
2025-11-21 18:28:21 | DEBUG    | main:583 | JR step 0: token_id=236776, text='A'
2025-11-21 18:28:21 | DEBUG    | main:586 | JR: Found A/B/T at step 0
2025-11-21 18:28:21 | DEBUG    | main:593 | JR step 0: extracting probs from logits
2025-11-21 18:28:21 | DEBUG    | logits_to_prob_map:248 | logits_to_prob_map: input shape=torch.Size([262208]), dtype=torch.float32
2025-11-21 18:28:21 | DEBUG    | logits_to_prob_map:261 | Top-k extraction: k=50, top logprobs range=[-19.8751, -0.0001]
2025-11-21 18:28:21 | DEBUG    | logits_to_prob_map:271 | topk[0]: token_id=236776, text='A', logprob=-0.0001, prob=0.999947
2025-11-21 18:28:21 | DEBUG    | logits_to_prob_map:271 | topk[1]: token_id=236799, text='B', logprob=-10.5001, prob=0.000028
2025-11-21 18:28:21 | DEBUG    | logits_to_prob_map:271 | topk[2]: token_id=236789, text=''', logprob=-10.8751, prob=0.000019
2025-11-21 18:28:21 | DEBUG    | logits_to_prob_map:271 | topk[3]: token_id=1018, text='**', logprob=-12.5001, prob=0.000004
2025-11-21 18:28:21 | DEBUG    | logits_to_prob_map:271 | topk[4]: token_id=236775, text='"', logprob=-13.7501, prob=0.000001
2025-11-21 18:28:21 | DEBUG    | logits_to_prob_map:271 | topk[5]: token_id=236929, text='`', logprob=-14.5001, prob=0.000001
2025-11-21 18:28:21 | DEBUG    | logits_to_prob_map:271 | topk[6]: token_id=7925, text='Answer', logprob=-15.6251, prob=0.000000
2025-11-21 18:28:21 | DEBUG    | logits_to_prob_map:271 | topk[7]: token_id=1071, text='to', logprob=-15.8751, prob=0.000000
2025-11-21 18:28:21 | DEBUG    | logits_to_prob_map:271 | topk[8]: token_id=14433, text='answer', logprob=-15.8751, prob=0.000000
2025-11-21 18:28:21 | DEBUG    | logits_to_prob_map:271 | topk[9]: token_id=6275, text='response', logprob=-16.2501, prob=0.000000
2025-11-21 18:28:21 | DEBUG    | only_abt_probs:289 | only_abt_probs result: {'A': 0.999947073876698, 'B': 2.753500504337789e-05, 'T': 0.0}
2025-11-21 18:28:21 | DEBUG    | main:520 | RJ prompt (truncated): <bos><start_of_turn>user
You are an impartial and unbiased judge.

You will be given answers from two assistants (Assistant A and Assistant B) to a user prompt. Please act as an impartial judge and evaluate the quality of their answers. You must output only one of the following choices:
'A' if Assistant A's answer is better.
'T' if both answers are relatively the same in quality.
'B' if Assistant B's answer is better.
Do not think or reason. Just choose which answer you prefer: A or B or T.
Outp...<truncated 5660 chars>
2025-11-21 18:28:21 | DEBUG    | main:550 | RJ prompt length: 2081
2025-11-21 18:28:22 | DEBUG    | main:571 | RJ: Generated 2 steps
2025-11-21 18:28:22 | DEBUG    | main:577 | RJ: generated text='A''
2025-11-21 18:28:22 | DEBUG    | main:583 | RJ step 0: token_id=236776, text='A'
2025-11-21 18:28:22 | DEBUG    | main:586 | RJ: Found A/B/T at step 0
2025-11-21 18:28:22 | DEBUG    | main:593 | RJ step 0: extracting probs from logits
2025-11-21 18:28:22 | DEBUG    | logits_to_prob_map:248 | logits_to_prob_map: input shape=torch.Size([262208]), dtype=torch.float32
2025-11-21 18:28:22 | DEBUG    | logits_to_prob_map:261 | Top-k extraction: k=50, top logprobs range=[-21.2567, -0.0067]
2025-11-21 18:28:22 | DEBUG    | logits_to_prob_map:271 | topk[0]: token_id=236776, text='A', logprob=-0.0067, prob=0.993292
2025-11-21 18:28:22 | DEBUG    | logits_to_prob_map:271 | topk[1]: token_id=236799, text='B', logprob=-5.0067, prob=0.006693
2025-11-21 18:28:22 | DEBUG    | logits_to_prob_map:271 | topk[2]: token_id=236789, text=''', logprob=-11.3817, prob=0.000011
2025-11-21 18:28:22 | DEBUG    | logits_to_prob_map:271 | topk[3]: token_id=1018, text='**', logprob=-12.6317, prob=0.000003
2025-11-21 18:28:22 | DEBUG    | logits_to_prob_map:271 | topk[4]: token_id=236775, text='"', logprob=-14.8817, prob=0.000000
2025-11-21 18:28:22 | DEBUG    | logits_to_prob_map:271 | topk[5]: token_id=236929, text='`', logprob=-15.3817, prob=0.000000
2025-11-21 18:28:22 | DEBUG    | logits_to_prob_map:271 | topk[6]: token_id=1071, text='to', logprob=-16.3817, prob=0.000000
2025-11-21 18:28:22 | DEBUG    | logits_to_prob_map:271 | topk[7]: token_id=236829, text='*', logprob=-17.3817, prob=0.000000
2025-11-21 18:28:22 | DEBUG    | logits_to_prob_map:271 | topk[8]: token_id=7925, text='Answer', logprob=-17.5067, prob=0.000000
2025-11-21 18:28:22 | DEBUG    | logits_to_prob_map:271 | topk[9]: token_id=7705, text='that', logprob=-17.6317, prob=0.000000
2025-11-21 18:28:22 | DEBUG    | only_abt_probs:289 | only_abt_probs result: {'A': 0.9932917409394924, 'B': 0.0066927459488384826, 'T': 9.175480871420388e-09}
2025-11-21 18:28:22 | DEBUG    | main:654 | Row 57 complete: JR={'A': 0.999947073876698, 'B': 2.753500504337789e-05, 'T': 0.0}, RJ={'A': 0.9932917409394924, 'B': 0.0066927459488384826, 'T': 9.175480871420388e-09}, combined_norm={'A': 0.5033302017707714, 'B': 0.49666979364139446, 'T': 4.587834245575827e-09}
2025-11-21 18:28:22 | DEBUG    | main:503 | ========== Row 58 ==========
2025-11-21 18:28:22 | DEBUG    | main:504 | Built msgs_jr with 2 messages
2025-11-21 18:28:22 | DEBUG    | main:506 | msgs_jr[0] role=system content=You are an impartial and unbiased judge.
2025-11-21 18:28:22 | DEBUG    | main:506 | msgs_jr[1] role=user content=You will be given answers from two assistants (Assistant A and Assistant B) to a user prompt. Please act as an impartial judge and evaluate the quality of their answers. You must output only one of the following choices:
'A' if Assistant A's answer is better.
'T' if both answers are relatively the s...<truncated 30182 chars>
2025-11-21 18:28:22 | DEBUG    | main:520 | JR prompt (truncated): <bos><start_of_turn>user
You are an impartial and unbiased judge.

You will be given answers from two assistants (Assistant A and Assistant B) to a user prompt. Please act as an impartial judge and evaluate the quality of their answers. You must output only one of the following choices:
'A' if Assistant A's answer is better.
'T' if both answers are relatively the same in quality.
'B' if Assistant B's answer is better.
Do not think or reason. Just choose which answer you prefer: A or B or T.
Outp...<truncated 30397 chars>
2025-11-21 18:28:22 | DEBUG    | main:550 | JR prompt length: 10994
2025-11-21 18:28:30 | DEBUG    | main:571 | JR: Generated 2 steps
2025-11-21 18:28:30 | DEBUG    | main:577 | JR: generated text='A.'
2025-11-21 18:28:30 | DEBUG    | main:583 | JR step 0: token_id=236776, text='A'
2025-11-21 18:28:30 | DEBUG    | main:586 | JR: Found A/B/T at step 0
2025-11-21 18:28:30 | DEBUG    | main:593 | JR step 0: extracting probs from logits
2025-11-21 18:28:30 | DEBUG    | logits_to_prob_map:248 | logits_to_prob_map: input shape=torch.Size([262208]), dtype=torch.float32
2025-11-21 18:28:30 | DEBUG    | logits_to_prob_map:261 | Top-k extraction: k=50, top logprobs range=[-20.2501, -0.0001]
2025-11-21 18:28:30 | DEBUG    | logits_to_prob_map:271 | topk[0]: token_id=236776, text='A', logprob=-0.0001, prob=0.999898
2025-11-21 18:28:30 | DEBUG    | logits_to_prob_map:271 | topk[1]: token_id=236789, text=''', logprob=-9.6251, prob=0.000066
2025-11-21 18:28:30 | DEBUG    | logits_to_prob_map:271 | topk[2]: token_id=236799, text='B', logprob=-11.0001, prob=0.000017
2025-11-21 18:28:30 | DEBUG    | logits_to_prob_map:271 | topk[3]: token_id=1018, text='**', logprob=-11.1251, prob=0.000015
2025-11-21 18:28:30 | DEBUG    | logits_to_prob_map:271 | topk[4]: token_id=236775, text='"', logprob=-13.0001, prob=0.000002
2025-11-21 18:28:30 | DEBUG    | logits_to_prob_map:271 | topk[5]: token_id=236929, text='`', logprob=-14.3751, prob=0.000001
2025-11-21 18:28:30 | DEBUG    | logits_to_prob_map:271 | topk[6]: token_id=74314, text='Assistant', logprob=-14.5001, prob=0.000001
2025-11-21 18:28:30 | DEBUG    | logits_to_prob_map:271 | topk[7]: token_id=237095, text='‘', logprob=-15.5001, prob=0.000000
2025-11-21 18:28:30 | DEBUG    | logits_to_prob_map:271 | topk[8]: token_id=1071, text='to', logprob=-15.5001, prob=0.000000
2025-11-21 18:28:30 | DEBUG    | logits_to_prob_map:271 | topk[9]: token_id=107, text='
', logprob=-16.0001, prob=0.000000
2025-11-21 18:28:30 | DEBUG    | only_abt_probs:289 | only_abt_probs result: {'A': 0.999897967263424, 'B': 1.6699996583008493e-05, 'T': 0.0}
2025-11-21 18:28:30 | DEBUG    | main:520 | RJ prompt (truncated): <bos><start_of_turn>user
You are an impartial and unbiased judge.

You will be given answers from two assistants (Assistant A and Assistant B) to a user prompt. Please act as an impartial judge and evaluate the quality of their answers. You must output only one of the following choices:
'A' if Assistant A's answer is better.
'T' if both answers are relatively the same in quality.
'B' if Assistant B's answer is better.
Do not think or reason. Just choose which answer you prefer: A or B or T.
Outp...<truncated 30397 chars>
2025-11-21 18:28:30 | DEBUG    | main:550 | RJ prompt length: 10994
2025-11-21 18:28:38 | DEBUG    | main:571 | RJ: Generated 2 steps
2025-11-21 18:28:38 | DEBUG    | main:577 | RJ: generated text='B''
2025-11-21 18:28:38 | DEBUG    | main:583 | RJ step 0: token_id=236799, text='B'
2025-11-21 18:28:38 | DEBUG    | main:586 | RJ: Found A/B/T at step 0
2025-11-21 18:28:38 | DEBUG    | main:593 | RJ step 0: extracting probs from logits
2025-11-21 18:28:38 | DEBUG    | logits_to_prob_map:248 | logits_to_prob_map: input shape=torch.Size([262208]), dtype=torch.float32
2025-11-21 18:28:38 | DEBUG    | logits_to_prob_map:261 | Top-k extraction: k=50, top logprobs range=[-20.2501, -0.0001]
2025-11-21 18:28:38 | DEBUG    | logits_to_prob_map:271 | topk[0]: token_id=236799, text='B', logprob=-0.0001, prob=0.999870
2025-11-21 18:28:38 | DEBUG    | logits_to_prob_map:271 | topk[1]: token_id=236776, text='A', logprob=-9.2501, prob=0.000096
2025-11-21 18:28:38 | DEBUG    | logits_to_prob_map:271 | topk[2]: token_id=236789, text=''', logprob=-10.6251, prob=0.000024
2025-11-21 18:28:38 | DEBUG    | logits_to_prob_map:271 | topk[3]: token_id=1018, text='**', logprob=-11.8751, prob=0.000007
2025-11-21 18:28:38 | DEBUG    | logits_to_prob_map:271 | topk[4]: token_id=74314, text='Assistant', logprob=-14.2501, prob=0.000001
2025-11-21 18:28:38 | DEBUG    | logits_to_prob_map:271 | topk[5]: token_id=14433, text='answer', logprob=-14.2501, prob=0.000001
2025-11-21 18:28:38 | DEBUG    | logits_to_prob_map:271 | topk[6]: token_id=236775, text='"', logprob=-15.0001, prob=0.000000
2025-11-21 18:28:38 | DEBUG    | logits_to_prob_map:271 | topk[7]: token_id=236763, text='b', logprob=-15.0001, prob=0.000000
2025-11-21 18:28:38 | DEBUG    | logits_to_prob_map:271 | topk[8]: token_id=35343, text='Bs', logprob=-15.5001, prob=0.000000
2025-11-21 18:28:38 | DEBUG    | logits_to_prob_map:271 | topk[9]: token_id=236929, text='`', logprob=-15.6251, prob=0.000000
2025-11-21 18:28:38 | DEBUG    | only_abt_probs:289 | only_abt_probs result: {'A': 9.609909556935789e-05, 'B': 0.9998696020381034, 'T': 0.0}
2025-11-21 18:28:38 | DEBUG    | main:654 | Row 58 complete: JR={'A': 0.999897967263424, 'B': 1.6699996583008493e-05, 'T': 0.0}, RJ={'A': 9.609909556935789e-05, 'B': 0.9998696020381034, 'T': 0.0}, combined_norm={'A': 0.9999435970801379, 'B': 5.640291986213533e-05, 'T': 0.0}
2025-11-21 18:28:38 | DEBUG    | main:503 | ========== Row 59 ==========
2025-11-21 18:28:38 | DEBUG    | main:504 | Built msgs_jr with 2 messages
2025-11-21 18:28:38 | DEBUG    | main:506 | msgs_jr[0] role=system content=You are an impartial and unbiased judge.
2025-11-21 18:28:38 | DEBUG    | main:506 | msgs_jr[1] role=user content=You will be given answers from two assistants (Assistant A and Assistant B) to a user prompt. Please act as an impartial judge and evaluate the quality of their answers. You must output only one of the following choices:
'A' if Assistant A's answer is better.
'T' if both answers are relatively the s...<truncated 11355 chars>
2025-11-21 18:28:38 | DEBUG    | main:520 | JR prompt (truncated): <bos><start_of_turn>user
You are an impartial and unbiased judge.

You will be given answers from two assistants (Assistant A and Assistant B) to a user prompt. Please act as an impartial judge and evaluate the quality of their answers. You must output only one of the following choices:
'A' if Assistant A's answer is better.
'T' if both answers are relatively the same in quality.
'B' if Assistant B's answer is better.
Do not think or reason. Just choose which answer you prefer: A or B or T.
Outp...<truncated 11570 chars>
2025-11-21 18:28:38 | DEBUG    | main:550 | JR prompt length: 3315
2025-11-21 18:28:40 | DEBUG    | main:571 | JR: Generated 2 steps
2025-11-21 18:28:40 | DEBUG    | main:577 | JR: generated text='A''
2025-11-21 18:28:40 | DEBUG    | main:583 | JR step 0: token_id=236776, text='A'
2025-11-21 18:28:40 | DEBUG    | main:586 | JR: Found A/B/T at step 0
2025-11-21 18:28:40 | DEBUG    | main:593 | JR step 0: extracting probs from logits
2025-11-21 18:28:40 | DEBUG    | logits_to_prob_map:248 | logits_to_prob_map: input shape=torch.Size([262208]), dtype=torch.float32
2025-11-21 18:28:40 | DEBUG    | logits_to_prob_map:261 | Top-k extraction: k=50, top logprobs range=[-20.7682, -0.0182]
2025-11-21 18:28:40 | DEBUG    | logits_to_prob_map:271 | topk[0]: token_id=236776, text='A', logprob=-0.0182, prob=0.981970
2025-11-21 18:28:40 | DEBUG    | logits_to_prob_map:271 | topk[1]: token_id=236799, text='B', logprob=-4.0182, prob=0.017985
2025-11-21 18:28:40 | DEBUG    | logits_to_prob_map:271 | topk[2]: token_id=236789, text=''', logprob=-10.5182, prob=0.000027
2025-11-21 18:28:40 | DEBUG    | logits_to_prob_map:271 | topk[3]: token_id=1018, text='**', logprob=-11.0182, prob=0.000016
2025-11-21 18:28:40 | DEBUG    | logits_to_prob_map:271 | topk[4]: token_id=236775, text='"', logprob=-14.2682, prob=0.000001
2025-11-21 18:28:40 | DEBUG    | logits_to_prob_map:271 | topk[5]: token_id=236929, text='`', logprob=-15.1432, prob=0.000000
2025-11-21 18:28:40 | DEBUG    | logits_to_prob_map:271 | topk[6]: token_id=236829, text='*', logprob=-16.3932, prob=0.000000
2025-11-21 18:28:40 | DEBUG    | logits_to_prob_map:271 | topk[7]: token_id=237095, text='‘', logprob=-16.7682, prob=0.000000
2025-11-21 18:28:40 | DEBUG    | logits_to_prob_map:271 | topk[8]: token_id=1071, text='to', logprob=-16.8932, prob=0.000000
2025-11-21 18:28:40 | DEBUG    | logits_to_prob_map:271 | topk[9]: token_id=237228, text='А', logprob=-17.0182, prob=0.000000
2025-11-21 18:28:40 | DEBUG    | only_abt_probs:289 | only_abt_probs result: {'A': 0.9819697294427574, 'B': 0.017985405141669214, 'T': 3.3369981265045305e-09}
2025-11-21 18:28:40 | DEBUG    | main:520 | RJ prompt (truncated): <bos><start_of_turn>user
You are an impartial and unbiased judge.

You will be given answers from two assistants (Assistant A and Assistant B) to a user prompt. Please act as an impartial judge and evaluate the quality of their answers. You must output only one of the following choices:
'A' if Assistant A's answer is better.
'T' if both answers are relatively the same in quality.
'B' if Assistant B's answer is better.
Do not think or reason. Just choose which answer you prefer: A or B or T.
Outp...<truncated 11570 chars>
2025-11-21 18:28:40 | DEBUG    | main:550 | RJ prompt length: 3315
2025-11-21 18:28:41 | DEBUG    | main:571 | RJ: Generated 2 steps
2025-11-21 18:28:41 | DEBUG    | main:577 | RJ: generated text='A''
2025-11-21 18:28:41 | DEBUG    | main:583 | RJ step 0: token_id=236776, text='A'
2025-11-21 18:28:41 | DEBUG    | main:586 | RJ: Found A/B/T at step 0
2025-11-21 18:28:41 | DEBUG    | main:593 | RJ step 0: extracting probs from logits
2025-11-21 18:28:41 | DEBUG    | logits_to_prob_map:248 | logits_to_prob_map: input shape=torch.Size([262208]), dtype=torch.float32
2025-11-21 18:28:41 | DEBUG    | logits_to_prob_map:261 | Top-k extraction: k=50, top logprobs range=[-21.0004, -0.0004]
2025-11-21 18:28:41 | DEBUG    | logits_to_prob_map:271 | topk[0]: token_id=236776, text='A', logprob=-0.0004, prob=0.999579
2025-11-21 18:28:41 | DEBUG    | logits_to_prob_map:271 | topk[1]: token_id=236799, text='B', logprob=-7.8754, prob=0.000380
2025-11-21 18:28:41 | DEBUG    | logits_to_prob_map:271 | topk[2]: token_id=236789, text=''', logprob=-10.3754, prob=0.000031
2025-11-21 18:28:41 | DEBUG    | logits_to_prob_map:271 | topk[3]: token_id=1018, text='**', logprob=-11.7504, prob=0.000008
2025-11-21 18:28:41 | DEBUG    | logits_to_prob_map:271 | topk[4]: token_id=236775, text='"', logprob=-14.0004, prob=0.000001
2025-11-21 18:28:41 | DEBUG    | logits_to_prob_map:271 | topk[5]: token_id=236929, text='`', logprob=-14.8754, prob=0.000000
2025-11-21 18:28:41 | DEBUG    | logits_to_prob_map:271 | topk[6]: token_id=237095, text='‘', logprob=-16.0004, prob=0.000000
2025-11-21 18:28:41 | DEBUG    | logits_to_prob_map:271 | topk[7]: token_id=236829, text='*', logprob=-16.8754, prob=0.000000
2025-11-21 18:28:41 | DEBUG    | logits_to_prob_map:271 | topk[8]: token_id=236858, text='’', logprob=-17.0004, prob=0.000000
2025-11-21 18:28:41 | DEBUG    | logits_to_prob_map:271 | topk[9]: token_id=14433, text='answer', logprob=-17.1254, prob=0.000000
2025-11-21 18:28:41 | DEBUG    | only_abt_probs:289 | only_abt_probs result: {'A': 0.9995792491020479, 'B': 0.0003799689393220945, 'T': 1.1027910813958711e-09}
2025-11-21 18:28:41 | DEBUG    | main:654 | Row 59 complete: JR={'A': 0.9819697294427574, 'B': 0.017985405141669214, 'T': 3.3369981265045305e-09}, RJ={'A': 0.9995792491020479, 'B': 0.0003799689393220945, 'T': 1.1027910813958711e-09}, combined_norm={'A': 0.4911958829194325, 'B': 0.5088041148605779, 'T': 2.2199896671649335e-09}
2025-11-21 18:28:41 | INFO     | main:501 | Processing row 60/861
2025-11-21 18:28:41 | DEBUG    | main:503 | ========== Row 60 ==========
2025-11-21 18:28:41 | DEBUG    | main:504 | Built msgs_jr with 2 messages
2025-11-21 18:28:41 | DEBUG    | main:506 | msgs_jr[0] role=system content=You are an impartial and unbiased judge.
2025-11-21 18:28:41 | DEBUG    | main:506 | msgs_jr[1] role=user content=You will be given answers from two assistants (Assistant A and Assistant B) to a user prompt. Please act as an impartial judge and evaluate the quality of their answers. You must output only one of the following choices:
'A' if Assistant A's answer is better.
'T' if both answers are relatively the s...<truncated 4055 chars>
2025-11-21 18:28:41 | DEBUG    | main:520 | JR prompt (truncated): <bos><start_of_turn>user
You are an impartial and unbiased judge.

You will be given answers from two assistants (Assistant A and Assistant B) to a user prompt. Please act as an impartial judge and evaluate the quality of their answers. You must output only one of the following choices:
'A' if Assistant A's answer is better.
'T' if both answers are relatively the same in quality.
'B' if Assistant B's answer is better.
Do not think or reason. Just choose which answer you prefer: A or B or T.
Outp...<truncated 4270 chars>
2025-11-21 18:28:41 | DEBUG    | main:550 | JR prompt length: 1272
2025-11-21 18:28:42 | DEBUG    | main:571 | JR: Generated 2 steps
2025-11-21 18:28:42 | DEBUG    | main:577 | JR: generated text='A''
2025-11-21 18:28:42 | DEBUG    | main:583 | JR step 0: token_id=236776, text='A'
2025-11-21 18:28:42 | DEBUG    | main:586 | JR: Found A/B/T at step 0
2025-11-21 18:28:42 | DEBUG    | main:593 | JR step 0: extracting probs from logits
2025-11-21 18:28:42 | DEBUG    | logits_to_prob_map:248 | logits_to_prob_map: input shape=torch.Size([262208]), dtype=torch.float32
2025-11-21 18:28:42 | DEBUG    | logits_to_prob_map:261 | Top-k extraction: k=50, top logprobs range=[-23.0486, -0.0486]
2025-11-21 18:28:42 | DEBUG    | logits_to_prob_map:271 | topk[0]: token_id=236776, text='A', logprob=-0.0486, prob=0.952570
2025-11-21 18:28:42 | DEBUG    | logits_to_prob_map:271 | topk[1]: token_id=236799, text='B', logprob=-3.0486, prob=0.047426
2025-11-21 18:28:42 | DEBUG    | logits_to_prob_map:271 | topk[2]: token_id=236789, text=''', logprob=-12.7986, prob=0.000003
2025-11-21 18:28:42 | DEBUG    | logits_to_prob_map:271 | topk[3]: token_id=1018, text='**', logprob=-13.9236, prob=0.000001
2025-11-21 18:28:42 | DEBUG    | logits_to_prob_map:271 | topk[4]: token_id=14433, text='answer', logprob=-17.1736, prob=0.000000
2025-11-21 18:28:42 | DEBUG    | logits_to_prob_map:271 | topk[5]: token_id=236775, text='"', logprob=-17.2986, prob=0.000000
2025-11-21 18:28:42 | DEBUG    | logits_to_prob_map:271 | topk[6]: token_id=7925, text='Answer', logprob=-17.5486, prob=0.000000
2025-11-21 18:28:42 | DEBUG    | logits_to_prob_map:271 | topk[7]: token_id=236929, text='`', logprob=-17.6736, prob=0.000000
2025-11-21 18:28:42 | DEBUG    | logits_to_prob_map:271 | topk[8]: token_id=236763, text='b', logprob=-18.1736, prob=0.000000
2025-11-21 18:28:42 | DEBUG    | logits_to_prob_map:271 | topk[9]: token_id=1071, text='to', logprob=-18.9236, prob=0.000000
2025-11-21 18:28:42 | DEBUG    | only_abt_probs:289 | only_abt_probs result: {'A': 0.9525704713141425, 'B': 0.0474256936539682, 'T': 0.0}
2025-11-21 18:28:42 | DEBUG    | main:520 | RJ prompt (truncated): <bos><start_of_turn>user
You are an impartial and unbiased judge.

You will be given answers from two assistants (Assistant A and Assistant B) to a user prompt. Please act as an impartial judge and evaluate the quality of their answers. You must output only one of the following choices:
'A' if Assistant A's answer is better.
'T' if both answers are relatively the same in quality.
'B' if Assistant B's answer is better.
Do not think or reason. Just choose which answer you prefer: A or B or T.
Outp...<truncated 4270 chars>
2025-11-21 18:28:42 | DEBUG    | main:550 | RJ prompt length: 1272
2025-11-21 18:28:43 | DEBUG    | main:571 | RJ: Generated 2 steps
2025-11-21 18:28:43 | DEBUG    | main:577 | RJ: generated text='A''
2025-11-21 18:28:43 | DEBUG    | main:583 | RJ step 0: token_id=236776, text='A'
2025-11-21 18:28:43 | DEBUG    | main:586 | RJ: Found A/B/T at step 0
2025-11-21 18:28:43 | DEBUG    | main:593 | RJ step 0: extracting probs from logits
2025-11-21 18:28:43 | DEBUG    | logits_to_prob_map:248 | logits_to_prob_map: input shape=torch.Size([262208]), dtype=torch.float32
2025-11-21 18:28:43 | DEBUG    | logits_to_prob_map:261 | Top-k extraction: k=50, top logprobs range=[-25.6265, -0.0015]
2025-11-21 18:28:43 | DEBUG    | logits_to_prob_map:271 | topk[0]: token_id=236776, text='A', logprob=-0.0015, prob=0.998498
2025-11-21 18:28:43 | DEBUG    | logits_to_prob_map:271 | topk[1]: token_id=236799, text='B', logprob=-6.5015, prob=0.001501
2025-11-21 18:28:43 | DEBUG    | logits_to_prob_map:271 | topk[2]: token_id=236789, text=''', logprob=-14.6265, prob=0.000000
2025-11-21 18:28:43 | DEBUG    | logits_to_prob_map:271 | topk[3]: token_id=1018, text='**', logprob=-15.8765, prob=0.000000
2025-11-21 18:28:43 | DEBUG    | logits_to_prob_map:271 | topk[4]: token_id=236929, text='`', logprob=-19.0015, prob=0.000000
2025-11-21 18:28:43 | DEBUG    | logits_to_prob_map:271 | topk[5]: token_id=236775, text='"', logprob=-19.3765, prob=0.000000
2025-11-21 18:28:43 | DEBUG    | logits_to_prob_map:271 | topk[6]: token_id=237228, text='А', logprob=-20.3765, prob=0.000000
2025-11-21 18:28:43 | DEBUG    | logits_to_prob_map:271 | topk[7]: token_id=238339, text='Α', logprob=-21.1265, prob=0.000000
2025-11-21 18:28:43 | DEBUG    | logits_to_prob_map:271 | topk[8]: token_id=236829, text='*', logprob=-21.2515, prob=0.000000
2025-11-21 18:28:43 | DEBUG    | logits_to_prob_map:271 | topk[9]: token_id=236763, text='b', logprob=-21.5015, prob=0.000000
2025-11-21 18:28:43 | DEBUG    | only_abt_probs:289 | only_abt_probs result: {'A': 0.9984981951600791, 'B': 0.0015011812350883861, 'T': 1.7805690998326076e-11}
2025-11-21 18:28:43 | DEBUG    | main:654 | Row 60 complete: JR={'A': 0.9525704713141425, 'B': 0.0474256936539682, 'T': 0.0}, RJ={'A': 0.9984981951600791, 'B': 0.0015011812350883861, 'T': 1.7805690998326076e-11}, combined_norm={'A': 0.4770368897374656, 'B': 0.5229631102536315, 'T': 8.90286534640496e-12}
2025-11-21 18:28:43 | DEBUG    | main:503 | ========== Row 61 ==========
2025-11-21 18:28:43 | DEBUG    | main:504 | Built msgs_jr with 2 messages
2025-11-21 18:28:43 | DEBUG    | main:506 | msgs_jr[0] role=system content=You are an impartial and unbiased judge.
2025-11-21 18:28:43 | DEBUG    | main:506 | msgs_jr[1] role=user content=You will be given answers from two assistants (Assistant A and Assistant B) to a user prompt. Please act as an impartial judge and evaluate the quality of their answers. You must output only one of the following choices:
'A' if Assistant A's answer is better.
'T' if both answers are relatively the s...<truncated 10109 chars>
2025-11-21 18:28:43 | DEBUG    | main:520 | JR prompt (truncated): <bos><start_of_turn>user
You are an impartial and unbiased judge.

You will be given answers from two assistants (Assistant A and Assistant B) to a user prompt. Please act as an impartial judge and evaluate the quality of their answers. You must output only one of the following choices:
'A' if Assistant A's answer is better.
'T' if both answers are relatively the same in quality.
'B' if Assistant B's answer is better.
Do not think or reason. Just choose which answer you prefer: A or B or T.
Outp...<truncated 10324 chars>
2025-11-21 18:28:43 | DEBUG    | main:550 | JR prompt length: 4201
2025-11-21 18:28:45 | DEBUG    | main:571 | JR: Generated 2 steps
2025-11-21 18:28:45 | DEBUG    | main:577 | JR: generated text='A''
2025-11-21 18:28:45 | DEBUG    | main:583 | JR step 0: token_id=236776, text='A'
2025-11-21 18:28:45 | DEBUG    | main:586 | JR: Found A/B/T at step 0
2025-11-21 18:28:45 | DEBUG    | main:593 | JR step 0: extracting probs from logits
2025-11-21 18:28:45 | DEBUG    | logits_to_prob_map:248 | logits_to_prob_map: input shape=torch.Size([262208]), dtype=torch.float32
2025-11-21 18:28:45 | DEBUG    | logits_to_prob_map:261 | Top-k extraction: k=50, top logprobs range=[-17.0003, -0.0003]
2025-11-21 18:28:45 | DEBUG    | logits_to_prob_map:271 | topk[0]: token_id=236776, text='A', logprob=-0.0003, prob=0.999730
2025-11-21 18:28:45 | DEBUG    | logits_to_prob_map:271 | topk[1]: token_id=236789, text=''', logprob=-8.8753, prob=0.000140
2025-11-21 18:28:45 | DEBUG    | logits_to_prob_map:271 | topk[2]: token_id=236799, text='B', logprob=-10.1253, prob=0.000040
2025-11-21 18:28:45 | DEBUG    | logits_to_prob_map:271 | topk[3]: token_id=236795, text='$', logprob=-10.5003, prob=0.000028
2025-11-21 18:28:45 | DEBUG    | logits_to_prob_map:271 | topk[4]: token_id=1018, text='**', logprob=-10.8753, prob=0.000019
2025-11-21 18:28:45 | DEBUG    | logits_to_prob_map:271 | topk[5]: token_id=236775, text='"', logprob=-11.1253, prob=0.000015
2025-11-21 18:28:45 | DEBUG    | logits_to_prob_map:271 | topk[6]: token_id=236929, text='`', logprob=-11.3753, prob=0.000011
2025-11-21 18:28:45 | DEBUG    | logits_to_prob_map:271 | topk[7]: token_id=14433, text='answer', logprob=-13.1253, prob=0.000002
2025-11-21 18:28:45 | DEBUG    | logits_to_prob_map:271 | topk[8]: token_id=236829, text='*', logprob=-13.2503, prob=0.000002
2025-11-21 18:28:45 | DEBUG    | logits_to_prob_map:271 | topk[9]: token_id=2205, text='As', logprob=-13.5003, prob=0.000001
2025-11-21 18:28:45 | DEBUG    | only_abt_probs:289 | only_abt_probs result: {'A': 0.9997301829845089, 'B': 4.0054485635644274e-05, 'T': 0.0}
2025-11-21 18:28:45 | DEBUG    | main:520 | RJ prompt (truncated): <bos><start_of_turn>user
You are an impartial and unbiased judge.

You will be given answers from two assistants (Assistant A and Assistant B) to a user prompt. Please act as an impartial judge and evaluate the quality of their answers. You must output only one of the following choices:
'A' if Assistant A's answer is better.
'T' if both answers are relatively the same in quality.
'B' if Assistant B's answer is better.
Do not think or reason. Just choose which answer you prefer: A or B or T.
Outp...<truncated 10324 chars>
2025-11-21 18:28:45 | DEBUG    | main:550 | RJ prompt length: 4201
2025-11-21 18:28:47 | DEBUG    | main:571 | RJ: Generated 2 steps
2025-11-21 18:28:47 | DEBUG    | main:577 | RJ: generated text='B''
2025-11-21 18:28:47 | DEBUG    | main:583 | RJ step 0: token_id=236799, text='B'
2025-11-21 18:28:47 | DEBUG    | main:586 | RJ: Found A/B/T at step 0
2025-11-21 18:28:47 | DEBUG    | main:593 | RJ step 0: extracting probs from logits
2025-11-21 18:28:47 | DEBUG    | logits_to_prob_map:248 | logits_to_prob_map: input shape=torch.Size([262208]), dtype=torch.float32
2025-11-21 18:28:47 | DEBUG    | logits_to_prob_map:261 | Top-k extraction: k=50, top logprobs range=[-20.0002, -0.0002]
2025-11-21 18:28:47 | DEBUG    | logits_to_prob_map:271 | topk[0]: token_id=236799, text='B', logprob=-0.0002, prob=0.999823
2025-11-21 18:28:47 | DEBUG    | logits_to_prob_map:271 | topk[1]: token_id=236776, text='A', logprob=-8.7502, prob=0.000158
2025-11-21 18:28:47 | DEBUG    | logits_to_prob_map:271 | topk[2]: token_id=236789, text=''', logprob=-11.5002, prob=0.000010
2025-11-21 18:28:47 | DEBUG    | logits_to_prob_map:271 | topk[3]: token_id=1018, text='**', logprob=-12.3752, prob=0.000004
2025-11-21 18:28:47 | DEBUG    | logits_to_prob_map:271 | topk[4]: token_id=14433, text='answer', logprob=-14.0002, prob=0.000001
2025-11-21 18:28:47 | DEBUG    | logits_to_prob_map:271 | topk[5]: token_id=35343, text='Bs', logprob=-14.5002, prob=0.000001
2025-11-21 18:28:47 | DEBUG    | logits_to_prob_map:271 | topk[6]: token_id=236763, text='b', logprob=-14.7502, prob=0.000000
2025-11-21 18:28:47 | DEBUG    | logits_to_prob_map:271 | topk[7]: token_id=236929, text='`', logprob=-14.8752, prob=0.000000
2025-11-21 18:28:47 | DEBUG    | logits_to_prob_map:271 | topk[8]: token_id=236775, text='"', logprob=-15.0002, prob=0.000000
2025-11-21 18:28:47 | DEBUG    | logits_to_prob_map:271 | topk[9]: token_id=1071, text='to', logprob=-15.1252, prob=0.000000
2025-11-21 18:28:47 | DEBUG    | only_abt_probs:289 | only_abt_probs result: {'A': 0.00015843337029011246, 'B': 0.9998234822083755, 'T': 0.0}
2025-11-21 18:28:47 | DEBUG    | main:654 | Row 61 complete: JR={'A': 0.9997301829845089, 'B': 4.0054485635644274e-05, 'T': 0.0}, RJ={'A': 0.00015843337029011246, 'B': 0.9998234822083755, 'T': 0.0}, combined_norm={'A': 0.9999007437718603, 'B': 9.925622813964387e-05, 'T': 0.0}
2025-11-21 18:28:47 | DEBUG    | main:503 | ========== Row 62 ==========
2025-11-21 18:28:47 | DEBUG    | main:504 | Built msgs_jr with 2 messages
2025-11-21 18:28:47 | DEBUG    | main:506 | msgs_jr[0] role=system content=You are an impartial and unbiased judge.
2025-11-21 18:28:47 | DEBUG    | main:506 | msgs_jr[1] role=user content=You will be given answers from two assistants (Assistant A and Assistant B) to a user prompt. Please act as an impartial judge and evaluate the quality of their answers. You must output only one of the following choices:
'A' if Assistant A's answer is better.
'T' if both answers are relatively the s...<truncated 7313 chars>
2025-11-21 18:28:47 | DEBUG    | main:520 | JR prompt (truncated): <bos><start_of_turn>user
You are an impartial and unbiased judge.

You will be given answers from two assistants (Assistant A and Assistant B) to a user prompt. Please act as an impartial judge and evaluate the quality of their answers. You must output only one of the following choices:
'A' if Assistant A's answer is better.
'T' if both answers are relatively the same in quality.
'B' if Assistant B's answer is better.
Do not think or reason. Just choose which answer you prefer: A or B or T.
Outp...<truncated 7528 chars>
2025-11-21 18:28:47 | DEBUG    | main:550 | JR prompt length: 2955
2025-11-21 18:28:49 | DEBUG    | main:571 | JR: Generated 2 steps
2025-11-21 18:28:49 | DEBUG    | main:577 | JR: generated text='A''
2025-11-21 18:28:49 | DEBUG    | main:583 | JR step 0: token_id=236776, text='A'
2025-11-21 18:28:49 | DEBUG    | main:586 | JR: Found A/B/T at step 0
2025-11-21 18:28:49 | DEBUG    | main:593 | JR step 0: extracting probs from logits
2025-11-21 18:28:49 | DEBUG    | logits_to_prob_map:248 | logits_to_prob_map: input shape=torch.Size([262208]), dtype=torch.float32
2025-11-21 18:28:49 | DEBUG    | logits_to_prob_map:261 | Top-k extraction: k=50, top logprobs range=[-22.5486, -0.0486]
2025-11-21 18:28:49 | DEBUG    | logits_to_prob_map:271 | topk[0]: token_id=236776, text='A', logprob=-0.0486, prob=0.952560
2025-11-21 18:28:49 | DEBUG    | logits_to_prob_map:271 | topk[1]: token_id=236799, text='B', logprob=-3.0486, prob=0.047425
2025-11-21 18:28:49 | DEBUG    | logits_to_prob_map:271 | topk[2]: token_id=236789, text=''', logprob=-11.6736, prob=0.000009
2025-11-21 18:28:49 | DEBUG    | logits_to_prob_map:271 | topk[3]: token_id=1018, text='**', logprob=-12.0486, prob=0.000006
2025-11-21 18:28:49 | DEBUG    | logits_to_prob_map:271 | topk[4]: token_id=236929, text='`', logprob=-16.1736, prob=0.000000
2025-11-21 18:28:49 | DEBUG    | logits_to_prob_map:271 | topk[5]: token_id=236775, text='"', logprob=-16.2986, prob=0.000000
2025-11-21 18:28:49 | DEBUG    | logits_to_prob_map:271 | topk[6]: token_id=236829, text='*', logprob=-16.9236, prob=0.000000
2025-11-21 18:28:49 | DEBUG    | logits_to_prob_map:271 | topk[7]: token_id=14433, text='answer', logprob=-17.5486, prob=0.000000
2025-11-21 18:28:49 | DEBUG    | logits_to_prob_map:271 | topk[8]: token_id=2205, text='As', logprob=-17.7986, prob=0.000000
2025-11-21 18:28:49 | DEBUG    | logits_to_prob_map:271 | topk[9]: token_id=1071, text='to', logprob=-17.9236, prob=0.000000
2025-11-21 18:28:49 | DEBUG    | only_abt_probs:289 | only_abt_probs result: {'A': 0.9525600881626393, 'B': 0.04742517352716166, 'T': 2.34491646679456e-10}
2025-11-21 18:28:49 | DEBUG    | main:520 | RJ prompt (truncated): <bos><start_of_turn>user
You are an impartial and unbiased judge.

You will be given answers from two assistants (Assistant A and Assistant B) to a user prompt. Please act as an impartial judge and evaluate the quality of their answers. You must output only one of the following choices:
'A' if Assistant A's answer is better.
'T' if both answers are relatively the same in quality.
'B' if Assistant B's answer is better.
Do not think or reason. Just choose which answer you prefer: A or B or T.
Outp...<truncated 7528 chars>
2025-11-21 18:28:49 | DEBUG    | main:550 | RJ prompt length: 2955
2025-11-21 18:28:50 | DEBUG    | main:571 | RJ: Generated 2 steps
2025-11-21 18:28:50 | DEBUG    | main:577 | RJ: generated text='A''
2025-11-21 18:28:50 | DEBUG    | main:583 | RJ step 0: token_id=236776, text='A'
2025-11-21 18:28:50 | DEBUG    | main:586 | RJ: Found A/B/T at step 0
2025-11-21 18:28:50 | DEBUG    | main:593 | RJ step 0: extracting probs from logits
2025-11-21 18:28:50 | DEBUG    | logits_to_prob_map:248 | logits_to_prob_map: input shape=torch.Size([262208]), dtype=torch.float32
2025-11-21 18:28:50 | DEBUG    | logits_to_prob_map:261 | Top-k extraction: k=50, top logprobs range=[-22.5004, -0.0004]
2025-11-21 18:28:50 | DEBUG    | logits_to_prob_map:271 | topk[0]: token_id=236776, text='A', logprob=-0.0004, prob=0.999558
2025-11-21 18:28:50 | DEBUG    | logits_to_prob_map:271 | topk[1]: token_id=236799, text='B', logprob=-7.7504, prob=0.000431
2025-11-21 18:28:50 | DEBUG    | logits_to_prob_map:271 | topk[2]: token_id=236789, text=''', logprob=-11.7504, prob=0.000008
2025-11-21 18:28:50 | DEBUG    | logits_to_prob_map:271 | topk[3]: token_id=1018, text='**', logprob=-12.7504, prob=0.000003
2025-11-21 18:28:50 | DEBUG    | logits_to_prob_map:271 | topk[4]: token_id=236929, text='`', logprob=-15.7504, prob=0.000000
2025-11-21 18:28:50 | DEBUG    | logits_to_prob_map:271 | topk[5]: token_id=236775, text='"', logprob=-15.7504, prob=0.000000
2025-11-21 18:28:50 | DEBUG    | logits_to_prob_map:271 | topk[6]: token_id=2205, text='As', logprob=-17.1254, prob=0.000000
2025-11-21 18:28:50 | DEBUG    | logits_to_prob_map:271 | topk[7]: token_id=236829, text='*', logprob=-17.6254, prob=0.000000
2025-11-21 18:28:50 | DEBUG    | logits_to_prob_map:271 | topk[8]: token_id=237095, text='‘', logprob=-18.1254, prob=0.000000
2025-11-21 18:28:50 | DEBUG    | logits_to_prob_map:271 | topk[9]: token_id=14433, text='answer', logprob=-18.2504, prob=0.000000
2025-11-21 18:28:50 | DEBUG    | only_abt_probs:289 | only_abt_probs result: {'A': 0.9995582863620888, 'B': 0.0004305521823672296, 'T': 1.2495997900176262e-09}
2025-11-21 18:28:50 | DEBUG    | main:654 | Row 62 complete: JR={'A': 0.9525600881626393, 'B': 0.04742517352716166, 'T': 2.34491646679456e-10}, RJ={'A': 0.9995582863620888, 'B': 0.0004305521823672296, 'T': 1.2495997900176262e-09}, combined_norm={'A': 0.47650149045740686, 'B': 0.5234985088005378, 'T': 7.420553273274752e-10}
2025-11-21 18:28:50 | DEBUG    | main:503 | ========== Row 63 ==========
2025-11-21 18:28:50 | DEBUG    | main:504 | Built msgs_jr with 2 messages
2025-11-21 18:28:50 | DEBUG    | main:506 | msgs_jr[0] role=system content=You are an impartial and unbiased judge.
2025-11-21 18:28:50 | DEBUG    | main:506 | msgs_jr[1] role=user content=You will be given answers from two assistants (Assistant A and Assistant B) to a user prompt. Please act as an impartial judge and evaluate the quality of their answers. You must output only one of the following choices:
'A' if Assistant A's answer is better.
'T' if both answers are relatively the s...<truncated 4793 chars>
2025-11-21 18:28:50 | DEBUG    | main:520 | JR prompt (truncated): <bos><start_of_turn>user
You are an impartial and unbiased judge.

You will be given answers from two assistants (Assistant A and Assistant B) to a user prompt. Please act as an impartial judge and evaluate the quality of their answers. You must output only one of the following choices:
'A' if Assistant A's answer is better.
'T' if both answers are relatively the same in quality.
'B' if Assistant B's answer is better.
Do not think or reason. Just choose which answer you prefer: A or B or T.
Outp...<truncated 5008 chars>
2025-11-21 18:28:50 | DEBUG    | main:550 | JR prompt length: 1849
2025-11-21 18:28:51 | DEBUG    | main:571 | JR: Generated 2 steps
2025-11-21 18:28:51 | DEBUG    | main:577 | JR: generated text='A''
2025-11-21 18:28:51 | DEBUG    | main:583 | JR step 0: token_id=236776, text='A'
2025-11-21 18:28:51 | DEBUG    | main:586 | JR: Found A/B/T at step 0
2025-11-21 18:28:51 | DEBUG    | main:593 | JR step 0: extracting probs from logits
2025-11-21 18:28:51 | DEBUG    | logits_to_prob_map:248 | logits_to_prob_map: input shape=torch.Size([262208]), dtype=torch.float32
2025-11-21 18:28:51 | DEBUG    | logits_to_prob_map:261 | Top-k extraction: k=50, top logprobs range=[-21.0003, -0.0003]
2025-11-21 18:28:51 | DEBUG    | logits_to_prob_map:271 | topk[0]: token_id=236776, text='A', logprob=-0.0003, prob=0.999654
2025-11-21 18:28:51 | DEBUG    | logits_to_prob_map:271 | topk[1]: token_id=236799, text='B', logprob=-8.0003, prob=0.000335
2025-11-21 18:28:51 | DEBUG    | logits_to_prob_map:271 | topk[2]: token_id=236789, text=''', logprob=-11.7503, prob=0.000008
2025-11-21 18:28:51 | DEBUG    | logits_to_prob_map:271 | topk[3]: token_id=1018, text='**', logprob=-13.5003, prob=0.000001
2025-11-21 18:28:51 | DEBUG    | logits_to_prob_map:271 | topk[4]: token_id=236775, text='"', logprob=-15.3753, prob=0.000000
2025-11-21 18:28:51 | DEBUG    | logits_to_prob_map:271 | topk[5]: token_id=236929, text='`', logprob=-15.5003, prob=0.000000
2025-11-21 18:28:51 | DEBUG    | logits_to_prob_map:271 | topk[6]: token_id=7925, text='Answer', logprob=-16.0003, prob=0.000000
2025-11-21 18:28:51 | DEBUG    | logits_to_prob_map:271 | topk[7]: token_id=14433, text='answer', logprob=-16.1253, prob=0.000000
2025-11-21 18:28:51 | DEBUG    | logits_to_prob_map:271 | topk[8]: token_id=6275, text='response', logprob=-16.7503, prob=0.000000
2025-11-21 18:28:51 | DEBUG    | logits_to_prob_map:271 | topk[9]: token_id=1071, text='to', logprob=-16.7503, prob=0.000000
2025-11-21 18:28:51 | DEBUG    | only_abt_probs:289 | only_abt_probs result: {'A': 0.9996544125395745, 'B': 0.0003353468360936421, 'T': 2.6456601197166144e-09}
2025-11-21 18:28:51 | DEBUG    | main:520 | RJ prompt (truncated): <bos><start_of_turn>user
You are an impartial and unbiased judge.

You will be given answers from two assistants (Assistant A and Assistant B) to a user prompt. Please act as an impartial judge and evaluate the quality of their answers. You must output only one of the following choices:
'A' if Assistant A's answer is better.
'T' if both answers are relatively the same in quality.
'B' if Assistant B's answer is better.
Do not think or reason. Just choose which answer you prefer: A or B or T.
Outp...<truncated 5008 chars>
2025-11-21 18:28:51 | DEBUG    | main:550 | RJ prompt length: 1849
2025-11-21 18:28:52 | DEBUG    | main:571 | RJ: Generated 2 steps
2025-11-21 18:28:52 | DEBUG    | main:577 | RJ: generated text='B''
2025-11-21 18:28:52 | DEBUG    | main:583 | RJ step 0: token_id=236799, text='B'
2025-11-21 18:28:52 | DEBUG    | main:586 | RJ: Found A/B/T at step 0
2025-11-21 18:28:52 | DEBUG    | main:593 | RJ step 0: extracting probs from logits
2025-11-21 18:28:52 | DEBUG    | logits_to_prob_map:248 | logits_to_prob_map: input shape=torch.Size([262208]), dtype=torch.float32
2025-11-21 18:28:52 | DEBUG    | logits_to_prob_map:261 | Top-k extraction: k=50, top logprobs range=[-25.3753, -0.0003]
2025-11-21 18:28:52 | DEBUG    | logits_to_prob_map:271 | topk[0]: token_id=236799, text='B', logprob=-0.0003, prob=0.999739
2025-11-21 18:28:52 | DEBUG    | logits_to_prob_map:271 | topk[1]: token_id=236776, text='A', logprob=-8.2503, prob=0.000261
2025-11-21 18:28:52 | DEBUG    | logits_to_prob_map:271 | topk[2]: token_id=1018, text='**', logprob=-15.3753, prob=0.000000
2025-11-21 18:28:52 | DEBUG    | logits_to_prob_map:271 | topk[3]: token_id=236789, text=''', logprob=-15.7503, prob=0.000000
2025-11-21 18:28:52 | DEBUG    | logits_to_prob_map:271 | topk[4]: token_id=14433, text='answer', logprob=-18.1253, prob=0.000000
2025-11-21 18:28:52 | DEBUG    | logits_to_prob_map:271 | topk[5]: token_id=35343, text='Bs', logprob=-18.5003, prob=0.000000
2025-11-21 18:28:52 | DEBUG    | logits_to_prob_map:271 | topk[6]: token_id=236763, text='b', logprob=-19.3753, prob=0.000000
2025-11-21 18:28:52 | DEBUG    | logits_to_prob_map:271 | topk[7]: token_id=7925, text='Answer', logprob=-19.3753, prob=0.000000
2025-11-21 18:28:52 | DEBUG    | logits_to_prob_map:271 | topk[8]: token_id=74314, text='Assistant', logprob=-19.6253, prob=0.000000
2025-11-21 18:28:52 | DEBUG    | logits_to_prob_map:271 | topk[9]: token_id=1071, text='to', logprob=-20.1253, prob=0.000000
2025-11-21 18:28:52 | DEBUG    | only_abt_probs:289 | only_abt_probs result: {'A': 0.0002611902975925828, 'B': 0.9997385232067433, 'T': 2.020155959632897e-11}
2025-11-21 18:28:52 | DEBUG    | main:654 | Row 63 complete: JR={'A': 0.9996544125395745, 'B': 0.0003353468360936421, 'T': 2.6456601197166144e-09}, RJ={'A': 0.0002611902975925828, 'B': 0.9997385232067433, 'T': 2.020155959632897e-11}, combined_norm={'A': 0.9997017285306538, 'B': 0.0002982701364082976, 'T': 1.3329378538781251e-09}
2025-11-21 18:28:52 | DEBUG    | main:503 | ========== Row 64 ==========
2025-11-21 18:28:52 | DEBUG    | main:504 | Built msgs_jr with 2 messages
2025-11-21 18:28:52 | DEBUG    | main:506 | msgs_jr[0] role=system content=You are an impartial and unbiased judge.
2025-11-21 18:28:52 | DEBUG    | main:506 | msgs_jr[1] role=user content=You will be given answers from two assistants (Assistant A and Assistant B) to a user prompt. Please act as an impartial judge and evaluate the quality of their answers. You must output only one of the following choices:
'A' if Assistant A's answer is better.
'T' if both answers are relatively the s...<truncated 6430 chars>
2025-11-21 18:28:52 | DEBUG    | main:520 | JR prompt (truncated): <bos><start_of_turn>user
You are an impartial and unbiased judge.

You will be given answers from two assistants (Assistant A and Assistant B) to a user prompt. Please act as an impartial judge and evaluate the quality of their answers. You must output only one of the following choices:
'A' if Assistant A's answer is better.
'T' if both answers are relatively the same in quality.
'B' if Assistant B's answer is better.
Do not think or reason. Just choose which answer you prefer: A or B or T.
Outp...<truncated 6645 chars>
2025-11-21 18:28:52 | DEBUG    | main:550 | JR prompt length: 1820
2025-11-21 18:28:53 | DEBUG    | main:571 | JR: Generated 2 steps
2025-11-21 18:28:53 | DEBUG    | main:577 | JR: generated text='A''
2025-11-21 18:28:53 | DEBUG    | main:583 | JR step 0: token_id=236776, text='A'
2025-11-21 18:28:53 | DEBUG    | main:586 | JR: Found A/B/T at step 0
2025-11-21 18:28:53 | DEBUG    | main:593 | JR step 0: extracting probs from logits
2025-11-21 18:28:53 | DEBUG    | logits_to_prob_map:248 | logits_to_prob_map: input shape=torch.Size([262208]), dtype=torch.float32
2025-11-21 18:28:53 | DEBUG    | logits_to_prob_map:261 | Top-k extraction: k=50, top logprobs range=[-24.8932, -0.0182]
2025-11-21 18:28:53 | DEBUG    | logits_to_prob_map:271 | topk[0]: token_id=236776, text='A', logprob=-0.0182, prob=0.982011
2025-11-21 18:28:53 | DEBUG    | logits_to_prob_map:271 | topk[1]: token_id=236799, text='B', logprob=-4.0182, prob=0.017986
2025-11-21 18:28:53 | DEBUG    | logits_to_prob_map:271 | topk[2]: token_id=1018, text='**', logprob=-13.2682, prob=0.000002
2025-11-21 18:28:53 | DEBUG    | logits_to_prob_map:271 | topk[3]: token_id=236789, text=''', logprob=-14.1432, prob=0.000001
2025-11-21 18:28:53 | DEBUG    | logits_to_prob_map:271 | topk[4]: token_id=236929, text='`', logprob=-18.3932, prob=0.000000
2025-11-21 18:28:53 | DEBUG    | logits_to_prob_map:271 | topk[5]: token_id=236775, text='"', logprob=-18.8932, prob=0.000000
2025-11-21 18:28:53 | DEBUG    | logits_to_prob_map:271 | topk[6]: token_id=1071, text='to', logprob=-19.1432, prob=0.000000
2025-11-21 18:28:53 | DEBUG    | logits_to_prob_map:271 | topk[7]: token_id=236763, text='b', logprob=-19.5182, prob=0.000000
2025-11-21 18:28:53 | DEBUG    | logits_to_prob_map:271 | topk[8]: token_id=236829, text='*', logprob=-19.8932, prob=0.000000
2025-11-21 18:28:53 | DEBUG    | logits_to_prob_map:271 | topk[9]: token_id=236746, text='a', logprob=-20.5182, prob=0.000000
2025-11-21 18:28:53 | DEBUG    | only_abt_probs:289 | only_abt_probs result: {'A': 0.9820113432947845, 'B': 0.017986168431608985, 'T': 0.0}
2025-11-21 18:28:53 | DEBUG    | main:520 | RJ prompt (truncated): <bos><start_of_turn>user
You are an impartial and unbiased judge.

You will be given answers from two assistants (Assistant A and Assistant B) to a user prompt. Please act as an impartial judge and evaluate the quality of their answers. You must output only one of the following choices:
'A' if Assistant A's answer is better.
'T' if both answers are relatively the same in quality.
'B' if Assistant B's answer is better.
Do not think or reason. Just choose which answer you prefer: A or B or T.
Outp...<truncated 6645 chars>
2025-11-21 18:28:53 | DEBUG    | main:550 | RJ prompt length: 1820
2025-11-21 18:28:54 | DEBUG    | main:571 | RJ: Generated 2 steps
2025-11-21 18:28:54 | DEBUG    | main:577 | RJ: generated text='B''
2025-11-21 18:28:54 | DEBUG    | main:583 | RJ step 0: token_id=236799, text='B'
2025-11-21 18:28:54 | DEBUG    | main:586 | RJ: Found A/B/T at step 0
2025-11-21 18:28:54 | DEBUG    | main:593 | RJ step 0: extracting probs from logits
2025-11-21 18:28:54 | DEBUG    | logits_to_prob_map:248 | logits_to_prob_map: input shape=torch.Size([262208]), dtype=torch.float32
2025-11-21 18:28:54 | DEBUG    | logits_to_prob_map:261 | Top-k extraction: k=50, top logprobs range=[-25.0486, -0.0486]
2025-11-21 18:28:54 | DEBUG    | logits_to_prob_map:271 | topk[0]: token_id=236799, text='B', logprob=-0.0486, prob=0.952572
2025-11-21 18:28:54 | DEBUG    | logits_to_prob_map:271 | topk[1]: token_id=236776, text='A', logprob=-3.0486, prob=0.047426
2025-11-21 18:28:54 | DEBUG    | logits_to_prob_map:271 | topk[2]: token_id=1018, text='**', logprob=-13.0486, prob=0.000002
2025-11-21 18:28:54 | DEBUG    | logits_to_prob_map:271 | topk[3]: token_id=236789, text=''', logprob=-14.5486, prob=0.000000
2025-11-21 18:28:54 | DEBUG    | logits_to_prob_map:271 | topk[4]: token_id=236763, text='b', logprob=-18.7986, prob=0.000000
2025-11-21 18:28:54 | DEBUG    | logits_to_prob_map:271 | topk[5]: token_id=35343, text='Bs', logprob=-19.0486, prob=0.000000
2025-11-21 18:28:54 | DEBUG    | logits_to_prob_map:271 | topk[6]: token_id=236775, text='"', logprob=-19.2986, prob=0.000000
2025-11-21 18:28:54 | DEBUG    | logits_to_prob_map:271 | topk[7]: token_id=14433, text='answer', logprob=-19.2986, prob=0.000000
2025-11-21 18:28:54 | DEBUG    | logits_to_prob_map:271 | topk[8]: token_id=1071, text='to', logprob=-20.0486, prob=0.000000
2025-11-21 18:28:54 | DEBUG    | logits_to_prob_map:271 | topk[9]: token_id=236929, text='`', logprob=-20.1736, prob=0.000000
2025-11-21 18:28:54 | DEBUG    | only_abt_probs:289 | only_abt_probs result: {'A': 0.047425750189834366, 'B': 0.9525716600963986, 'T': 0.0}
2025-11-21 18:28:54 | DEBUG    | main:654 | Row 64 complete: JR={'A': 0.9820113432947845, 'B': 0.017986168431608985, 'T': 0.0}, RJ={'A': 0.047425750189834366, 'B': 0.9525716600963986, 'T': 0.0}, combined_norm={'A': 0.9672939576488433, 'B': 0.032706042351156726, 'T': 0.0}
2025-11-21 18:28:54 | DEBUG    | main:503 | ========== Row 65 ==========
2025-11-21 18:28:54 | DEBUG    | main:504 | Built msgs_jr with 2 messages
2025-11-21 18:28:54 | DEBUG    | main:506 | msgs_jr[0] role=system content=You are an impartial and unbiased judge.
2025-11-21 18:28:54 | DEBUG    | main:506 | msgs_jr[1] role=user content=You will be given answers from two assistants (Assistant A and Assistant B) to a user prompt. Please act as an impartial judge and evaluate the quality of their answers. You must output only one of the following choices:
'A' if Assistant A's answer is better.
'T' if both answers are relatively the s...<truncated 4994 chars>
2025-11-21 18:28:54 | DEBUG    | main:520 | JR prompt (truncated): <bos><start_of_turn>user
You are an impartial and unbiased judge.

You will be given answers from two assistants (Assistant A and Assistant B) to a user prompt. Please act as an impartial judge and evaluate the quality of their answers. You must output only one of the following choices:
'A' if Assistant A's answer is better.
'T' if both answers are relatively the same in quality.
'B' if Assistant B's answer is better.
Do not think or reason. Just choose which answer you prefer: A or B or T.
Outp...<truncated 5209 chars>
2025-11-21 18:28:54 | DEBUG    | main:550 | JR prompt length: 1352
2025-11-21 18:28:54 | DEBUG    | main:571 | JR: Generated 2 steps
2025-11-21 18:28:54 | DEBUG    | main:577 | JR: generated text='A''
2025-11-21 18:28:54 | DEBUG    | main:583 | JR step 0: token_id=236776, text='A'
2025-11-21 18:28:54 | DEBUG    | main:586 | JR: Found A/B/T at step 0
2025-11-21 18:28:54 | DEBUG    | main:593 | JR step 0: extracting probs from logits
2025-11-21 18:28:54 | DEBUG    | logits_to_prob_map:248 | logits_to_prob_map: input shape=torch.Size([262208]), dtype=torch.float32
2025-11-21 18:28:54 | DEBUG    | logits_to_prob_map:261 | Top-k extraction: k=50, top logprobs range=[-21.8861, -0.0111]
2025-11-21 18:28:54 | DEBUG    | logits_to_prob_map:271 | topk[0]: token_id=236776, text='A', logprob=-0.0111, prob=0.989004
2025-11-21 18:28:54 | DEBUG    | logits_to_prob_map:271 | topk[1]: token_id=236799, text='B', logprob=-4.5111, prob=0.010987
2025-11-21 18:28:54 | DEBUG    | logits_to_prob_map:271 | topk[2]: token_id=1018, text='**', logprob=-12.2611, prob=0.000005
2025-11-21 18:28:54 | DEBUG    | logits_to_prob_map:271 | topk[3]: token_id=236789, text=''', logprob=-12.3861, prob=0.000004
2025-11-21 18:28:54 | DEBUG    | logits_to_prob_map:271 | topk[4]: token_id=236775, text='"', logprob=-16.6361, prob=0.000000
2025-11-21 18:28:54 | DEBUG    | logits_to_prob_map:271 | topk[5]: token_id=236929, text='`', logprob=-16.8861, prob=0.000000
2025-11-21 18:28:54 | DEBUG    | logits_to_prob_map:271 | topk[6]: token_id=14433, text='answer', logprob=-17.2611, prob=0.000000
2025-11-21 18:28:54 | DEBUG    | logits_to_prob_map:271 | topk[7]: token_id=236829, text='*', logprob=-17.7611, prob=0.000000
2025-11-21 18:28:54 | DEBUG    | logits_to_prob_map:271 | topk[8]: token_id=1071, text='to', logprob=-17.8861, prob=0.000000
2025-11-21 18:28:54 | DEBUG    | logits_to_prob_map:271 | topk[9]: token_id=7925, text='Answer', logprob=-18.0111, prob=0.000000
2025-11-21 18:28:54 | DEBUG    | only_abt_probs:289 | only_abt_probs result: {'A': 0.9890039641369932, 'B': 0.010986842043662116, 'T': 7.499182614847804e-10}
2025-11-21 18:28:54 | DEBUG    | main:520 | RJ prompt (truncated): <bos><start_of_turn>user
You are an impartial and unbiased judge.

You will be given answers from two assistants (Assistant A and Assistant B) to a user prompt. Please act as an impartial judge and evaluate the quality of their answers. You must output only one of the following choices:
'A' if Assistant A's answer is better.
'T' if both answers are relatively the same in quality.
'B' if Assistant B's answer is better.
Do not think or reason. Just choose which answer you prefer: A or B or T.
Outp...<truncated 5209 chars>
2025-11-21 18:28:54 | DEBUG    | main:550 | RJ prompt length: 1352
2025-11-21 18:28:55 | DEBUG    | main:571 | RJ: Generated 2 steps
2025-11-21 18:28:55 | DEBUG    | main:577 | RJ: generated text='A''
2025-11-21 18:28:55 | DEBUG    | main:583 | RJ step 0: token_id=236776, text='A'
2025-11-21 18:28:55 | DEBUG    | main:586 | RJ: Found A/B/T at step 0
2025-11-21 18:28:55 | DEBUG    | main:593 | RJ step 0: extracting probs from logits
2025-11-21 18:28:55 | DEBUG    | logits_to_prob_map:248 | logits_to_prob_map: input shape=torch.Size([262208]), dtype=torch.float32
2025-11-21 18:28:55 | DEBUG    | logits_to_prob_map:261 | Top-k extraction: k=50, top logprobs range=[-22.1250, -0.0000]
2025-11-21 18:28:55 | DEBUG    | logits_to_prob_map:271 | topk[0]: token_id=236776, text='A', logprob=-0.0000, prob=0.999972
2025-11-21 18:28:55 | DEBUG    | logits_to_prob_map:271 | topk[1]: token_id=236799, text='B', logprob=-10.6250, prob=0.000024
2025-11-21 18:28:55 | DEBUG    | logits_to_prob_map:271 | topk[2]: token_id=236789, text=''', logprob=-12.8750, prob=0.000003
2025-11-21 18:28:55 | DEBUG    | logits_to_prob_map:271 | topk[3]: token_id=1018, text='**', logprob=-14.3750, prob=0.000001
2025-11-21 18:28:55 | DEBUG    | logits_to_prob_map:271 | topk[4]: token_id=236775, text='"', logprob=-16.5000, prob=0.000000
2025-11-21 18:28:55 | DEBUG    | logits_to_prob_map:271 | topk[5]: token_id=14433, text='answer', logprob=-17.1250, prob=0.000000
2025-11-21 18:28:55 | DEBUG    | logits_to_prob_map:271 | topk[6]: token_id=236929, text='`', logprob=-17.1250, prob=0.000000
2025-11-21 18:28:55 | DEBUG    | logits_to_prob_map:271 | topk[7]: token_id=7925, text='Answer', logprob=-17.2500, prob=0.000000
2025-11-21 18:28:55 | DEBUG    | logits_to_prob_map:271 | topk[8]: token_id=74314, text='Assistant', logprob=-17.3750, prob=0.000000
2025-11-21 18:28:55 | DEBUG    | logits_to_prob_map:271 | topk[9]: token_id=236746, text='a', logprob=-17.8750, prob=0.000000
2025-11-21 18:28:55 | DEBUG    | only_abt_probs:289 | only_abt_probs result: {'A': 0.9999723442092404, 'B': 2.4300159191342506e-05, 'T': 3.1607970507997207e-10}
2025-11-21 18:28:55 | DEBUG    | main:654 | Row 65 complete: JR={'A': 0.9890039641369932, 'B': 0.010986842043662116, 'T': 7.499182614847804e-10}, RJ={'A': 0.9999723442092404, 'B': 2.4300159191342506e-05, 'T': 3.1607970507997207e-10}, combined_norm={'A': 0.4945172348443972, 'B': 0.5054827646226004, 'T': 5.330023274415589e-10}
2025-11-21 18:28:55 | DEBUG    | main:503 | ========== Row 66 ==========
2025-11-21 18:28:55 | DEBUG    | main:504 | Built msgs_jr with 2 messages
2025-11-21 18:28:55 | DEBUG    | main:506 | msgs_jr[0] role=system content=You are an impartial and unbiased judge.
2025-11-21 18:28:55 | DEBUG    | main:506 | msgs_jr[1] role=user content=You will be given answers from two assistants (Assistant A and Assistant B) to a user prompt. Please act as an impartial judge and evaluate the quality of their answers. You must output only one of the following choices:
'A' if Assistant A's answer is better.
'T' if both answers are relatively the s...<truncated 36599 chars>
2025-11-21 18:28:55 | DEBUG    | main:520 | JR prompt (truncated): <bos><start_of_turn>user
You are an impartial and unbiased judge.

You will be given answers from two assistants (Assistant A and Assistant B) to a user prompt. Please act as an impartial judge and evaluate the quality of their answers. You must output only one of the following choices:
'A' if Assistant A's answer is better.
'T' if both answers are relatively the same in quality.
'B' if Assistant B's answer is better.
Do not think or reason. Just choose which answer you prefer: A or B or T.
Outp...<truncated 36814 chars>
2025-11-21 18:28:55 | DEBUG    | main:550 | JR prompt length: 8923
2025-11-21 18:29:01 | DEBUG    | main:571 | JR: Generated 2 steps
2025-11-21 18:29:01 | DEBUG    | main:577 | JR: generated text='A.'
2025-11-21 18:29:01 | DEBUG    | main:583 | JR step 0: token_id=236776, text='A'
2025-11-21 18:29:01 | DEBUG    | main:586 | JR: Found A/B/T at step 0
2025-11-21 18:29:01 | DEBUG    | main:593 | JR step 0: extracting probs from logits
2025-11-21 18:29:01 | DEBUG    | logits_to_prob_map:248 | logits_to_prob_map: input shape=torch.Size([262208]), dtype=torch.float32
2025-11-21 18:29:01 | DEBUG    | logits_to_prob_map:261 | Top-k extraction: k=50, top logprobs range=[-14.1274, -0.0024]
2025-11-21 18:29:01 | DEBUG    | logits_to_prob_map:271 | topk[0]: token_id=236776, text='A', logprob=-0.0024, prob=0.997557
2025-11-21 18:29:01 | DEBUG    | logits_to_prob_map:271 | topk[1]: token_id=236799, text='B', logprob=-6.5024, prob=0.001500
2025-11-21 18:29:01 | DEBUG    | logits_to_prob_map:271 | topk[2]: token_id=236789, text=''', logprob=-7.6274, prob=0.000487
2025-11-21 18:29:01 | DEBUG    | logits_to_prob_map:271 | topk[3]: token_id=1071, text='to', logprob=-9.3774, prob=0.000085
2025-11-21 18:29:01 | DEBUG    | logits_to_prob_map:271 | topk[4]: token_id=1018, text='**', logprob=-10.1274, prob=0.000040
2025-11-21 18:29:01 | DEBUG    | logits_to_prob_map:271 | topk[5]: token_id=236775, text='"', logprob=-10.5024, prob=0.000027
2025-11-21 18:29:01 | DEBUG    | logits_to_prob_map:271 | topk[6]: token_id=14433, text='answer', logprob=-10.5024, prob=0.000027
2025-11-21 18:29:01 | DEBUG    | logits_to_prob_map:271 | topk[7]: token_id=74314, text='Assistant', logprob=-10.6274, prob=0.000024
2025-11-21 18:29:01 | DEBUG    | logits_to_prob_map:271 | topk[8]: token_id=624, text='and', logprob=-10.6274, prob=0.000024
2025-11-21 18:29:01 | DEBUG    | logits_to_prob_map:271 | topk[9]: token_id=236746, text='a', logprob=-11.0024, prob=0.000017
2025-11-21 18:29:01 | DEBUG    | only_abt_probs:289 | only_abt_probs result: {'A': 0.9975568287611988, 'B': 0.0014997660126305139, 'T': 5.409000813802513e-06}
2025-11-21 18:29:01 | DEBUG    | main:520 | RJ prompt (truncated): <bos><start_of_turn>user
You are an impartial and unbiased judge.

You will be given answers from two assistants (Assistant A and Assistant B) to a user prompt. Please act as an impartial judge and evaluate the quality of their answers. You must output only one of the following choices:
'A' if Assistant A's answer is better.
'T' if both answers are relatively the same in quality.
'B' if Assistant B's answer is better.
Do not think or reason. Just choose which answer you prefer: A or B or T.
Outp...<truncated 36814 chars>
2025-11-21 18:29:01 | DEBUG    | main:550 | RJ prompt length: 8923
2025-11-21 18:29:07 | DEBUG    | main:571 | RJ: Generated 2 steps
2025-11-21 18:29:07 | DEBUG    | main:577 | RJ: generated text='B''
2025-11-21 18:29:07 | DEBUG    | main:583 | RJ step 0: token_id=236799, text='B'
2025-11-21 18:29:07 | DEBUG    | main:586 | RJ: Found A/B/T at step 0
2025-11-21 18:29:07 | DEBUG    | main:593 | RJ step 0: extracting probs from logits
2025-11-21 18:29:07 | DEBUG    | logits_to_prob_map:248 | logits_to_prob_map: input shape=torch.Size([262208]), dtype=torch.float32
2025-11-21 18:29:07 | DEBUG    | logits_to_prob_map:261 | Top-k extraction: k=50, top logprobs range=[-15.6322, -0.0072]
2025-11-21 18:29:07 | DEBUG    | logits_to_prob_map:271 | topk[0]: token_id=236799, text='B', logprob=-0.0072, prob=0.992832
2025-11-21 18:29:07 | DEBUG    | logits_to_prob_map:271 | topk[1]: token_id=236776, text='A', logprob=-5.0072, prob=0.006690
2025-11-21 18:29:07 | DEBUG    | logits_to_prob_map:271 | topk[2]: token_id=236789, text=''', logprob=-8.1322, prob=0.000294
2025-11-21 18:29:07 | DEBUG    | logits_to_prob_map:271 | topk[3]: token_id=14433, text='answer', logprob=-10.2572, prob=0.000035
2025-11-21 18:29:07 | DEBUG    | logits_to_prob_map:271 | topk[4]: token_id=1018, text='**', logprob=-10.3822, prob=0.000031
2025-11-21 18:29:07 | DEBUG    | logits_to_prob_map:271 | topk[5]: token_id=1071, text='to', logprob=-10.5072, prob=0.000027
2025-11-21 18:29:07 | DEBUG    | logits_to_prob_map:271 | topk[6]: token_id=74314, text='Assistant', logprob=-10.6322, prob=0.000024
2025-11-21 18:29:07 | DEBUG    | logits_to_prob_map:271 | topk[7]: token_id=236763, text='b', logprob=-11.8822, prob=0.000007
2025-11-21 18:29:07 | DEBUG    | logits_to_prob_map:271 | topk[8]: token_id=236775, text='"', logprob=-12.0072, prob=0.000006
2025-11-21 18:29:07 | DEBUG    | logits_to_prob_map:271 | topk[9]: token_id=624, text='and', logprob=-12.3822, prob=0.000004
2025-11-21 18:29:07 | DEBUG    | only_abt_probs:289 | only_abt_probs result: {'A': 0.006689647865303909, 'B': 0.9928317253542601, 'T': 1.6256392644254467e-07}
2025-11-21 18:29:07 | DEBUG    | main:654 | Row 66 complete: JR={'A': 0.9975568287611988, 'B': 0.0014997660126305139, 'T': 5.409000813802513e-06}, RJ={'A': 0.006689647865303909, 'B': 0.9928317253542601, 'T': 1.6256392644254467e-07}, combined_norm={'A': 0.9958996032537692, 'B': 0.004097608989487134, 'T': 2.7877567436970256e-06}
2025-11-21 18:29:07 | DEBUG    | main:503 | ========== Row 67 ==========
2025-11-21 18:29:07 | DEBUG    | main:504 | Built msgs_jr with 2 messages
2025-11-21 18:29:07 | DEBUG    | main:506 | msgs_jr[0] role=system content=You are an impartial and unbiased judge.
2025-11-21 18:29:07 | DEBUG    | main:506 | msgs_jr[1] role=user content=You will be given answers from two assistants (Assistant A and Assistant B) to a user prompt. Please act as an impartial judge and evaluate the quality of their answers. You must output only one of the following choices:
'A' if Assistant A's answer is better.
'T' if both answers are relatively the s...<truncated 34591 chars>
2025-11-21 18:29:07 | DEBUG    | main:520 | JR prompt (truncated): <bos><start_of_turn>user
You are an impartial and unbiased judge.

You will be given answers from two assistants (Assistant A and Assistant B) to a user prompt. Please act as an impartial judge and evaluate the quality of their answers. You must output only one of the following choices:
'A' if Assistant A's answer is better.
'T' if both answers are relatively the same in quality.
'B' if Assistant B's answer is better.
Do not think or reason. Just choose which answer you prefer: A or B or T.
Outp...<truncated 34806 chars>
2025-11-21 18:29:07 | DEBUG    | main:550 | JR prompt length: 8997
2025-11-21 18:29:13 | DEBUG    | main:571 | JR: Generated 2 steps
2025-11-21 18:29:13 | DEBUG    | main:577 | JR: generated text='A''
2025-11-21 18:29:13 | DEBUG    | main:583 | JR step 0: token_id=236776, text='A'
2025-11-21 18:29:13 | DEBUG    | main:586 | JR: Found A/B/T at step 0
2025-11-21 18:29:13 | DEBUG    | main:593 | JR step 0: extracting probs from logits
2025-11-21 18:29:13 | DEBUG    | logits_to_prob_map:248 | logits_to_prob_map: input shape=torch.Size([262208]), dtype=torch.float32
2025-11-21 18:29:13 | DEBUG    | logits_to_prob_map:261 | Top-k extraction: k=50, top logprobs range=[-17.6254, -0.0004]
2025-11-21 18:29:13 | DEBUG    | logits_to_prob_map:271 | topk[0]: token_id=236776, text='A', logprob=-0.0004, prob=0.999554
2025-11-21 18:29:13 | DEBUG    | logits_to_prob_map:271 | topk[1]: token_id=236799, text='B', logprob=-7.8754, prob=0.000380
2025-11-21 18:29:13 | DEBUG    | logits_to_prob_map:271 | topk[2]: token_id=236789, text=''', logprob=-10.1254, prob=0.000040
2025-11-21 18:29:13 | DEBUG    | logits_to_prob_map:271 | topk[3]: token_id=1018, text='**', logprob=-11.6254, prob=0.000009
2025-11-21 18:29:13 | DEBUG    | logits_to_prob_map:271 | topk[4]: token_id=236775, text='"', logprob=-12.6254, prob=0.000003
2025-11-21 18:29:13 | DEBUG    | logits_to_prob_map:271 | topk[5]: token_id=1071, text='to', logprob=-12.7504, prob=0.000003
2025-11-21 18:29:13 | DEBUG    | logits_to_prob_map:271 | topk[6]: token_id=7925, text='Answer', logprob=-13.5004, prob=0.000001
2025-11-21 18:29:13 | DEBUG    | logits_to_prob_map:271 | topk[7]: token_id=236929, text='`', logprob=-13.6254, prob=0.000001
2025-11-21 18:29:13 | DEBUG    | logits_to_prob_map:271 | topk[8]: token_id=14433, text='answer', logprob=-13.6254, prob=0.000001
2025-11-21 18:29:13 | DEBUG    | logits_to_prob_map:271 | topk[9]: token_id=236746, text='a', logprob=-13.8754, prob=0.000001
2025-11-21 18:29:13 | DEBUG    | only_abt_probs:289 | only_abt_probs result: {'A': 0.9995535222317562, 'B': 0.0003799591555493587, 'T': 3.651851956908425e-08}
2025-11-21 18:29:13 | DEBUG    | main:520 | RJ prompt (truncated): <bos><start_of_turn>user
You are an impartial and unbiased judge.

You will be given answers from two assistants (Assistant A and Assistant B) to a user prompt. Please act as an impartial judge and evaluate the quality of their answers. You must output only one of the following choices:
'A' if Assistant A's answer is better.
'T' if both answers are relatively the same in quality.
'B' if Assistant B's answer is better.
Do not think or reason. Just choose which answer you prefer: A or B or T.
Outp...<truncated 34806 chars>
2025-11-21 18:29:13 | DEBUG    | main:550 | RJ prompt length: 8997
2025-11-21 18:29:19 | DEBUG    | main:571 | RJ: Generated 2 steps
2025-11-21 18:29:19 | DEBUG    | main:577 | RJ: generated text='B''
2025-11-21 18:29:19 | DEBUG    | main:583 | RJ step 0: token_id=236799, text='B'
2025-11-21 18:29:19 | DEBUG    | main:586 | RJ: Found A/B/T at step 0
2025-11-21 18:29:19 | DEBUG    | main:593 | RJ step 0: extracting probs from logits
2025-11-21 18:29:19 | DEBUG    | logits_to_prob_map:248 | logits_to_prob_map: input shape=torch.Size([262208]), dtype=torch.float32
2025-11-21 18:29:19 | DEBUG    | logits_to_prob_map:261 | Top-k extraction: k=50, top logprobs range=[-19.1257, -0.0007]
2025-11-21 18:29:19 | DEBUG    | logits_to_prob_map:271 | topk[0]: token_id=236799, text='B', logprob=-0.0007, prob=0.999268
2025-11-21 18:29:19 | DEBUG    | logits_to_prob_map:271 | topk[1]: token_id=236776, text='A', logprob=-7.2507, prob=0.000710
2025-11-21 18:29:19 | DEBUG    | logits_to_prob_map:271 | topk[2]: token_id=236789, text=''', logprob=-11.2507, prob=0.000013
2025-11-21 18:29:19 | DEBUG    | logits_to_prob_map:271 | topk[3]: token_id=1018, text='**', logprob=-12.7507, prob=0.000003
2025-11-21 18:29:19 | DEBUG    | logits_to_prob_map:271 | topk[4]: token_id=14433, text='answer', logprob=-13.5007, prob=0.000001
2025-11-21 18:29:19 | DEBUG    | logits_to_prob_map:271 | topk[5]: token_id=35343, text='Bs', logprob=-13.8757, prob=0.000001
2025-11-21 18:29:19 | DEBUG    | logits_to_prob_map:271 | topk[6]: token_id=1071, text='to', logprob=-13.8757, prob=0.000001
2025-11-21 18:29:19 | DEBUG    | logits_to_prob_map:271 | topk[7]: token_id=236763, text='b', logprob=-13.8757, prob=0.000001
2025-11-21 18:29:19 | DEBUG    | logits_to_prob_map:271 | topk[8]: token_id=7925, text='Answer', logprob=-14.7507, prob=0.000000
2025-11-21 18:29:19 | DEBUG    | logits_to_prob_map:271 | topk[9]: token_id=236929, text='`', logprob=-15.2507, prob=0.000000
2025-11-21 18:29:19 | DEBUG    | only_abt_probs:289 | only_abt_probs result: {'A': 0.0007096544320222145, 'B': 0.9992679951247885, 'T': 4.940830404112419e-09}
2025-11-21 18:29:19 | DEBUG    | main:654 | Row 67 complete: JR={'A': 0.9995535222317562, 'B': 0.0003799591555493587, 'T': 3.651851956908425e-08}, RJ={'A': 0.0007096544320222145, 'B': 0.9992679951247885, 'T': 4.940830404112419e-09}, combined_norm={'A': 0.9994551482776047, 'B': 0.0005448309917995459, 'T': 2.07305957110942e-08}
2025-11-21 18:29:19 | DEBUG    | main:503 | ========== Row 68 ==========
2025-11-21 18:29:19 | DEBUG    | main:504 | Built msgs_jr with 2 messages
2025-11-21 18:29:19 | DEBUG    | main:506 | msgs_jr[0] role=system content=You are an impartial and unbiased judge.
2025-11-21 18:29:19 | DEBUG    | main:506 | msgs_jr[1] role=user content=You will be given answers from two assistants (Assistant A and Assistant B) to a user prompt. Please act as an impartial judge and evaluate the quality of their answers. You must output only one of the following choices:
'A' if Assistant A's answer is better.
'T' if both answers are relatively the s...<truncated 6026 chars>
2025-11-21 18:29:19 | DEBUG    | main:520 | JR prompt (truncated): <bos><start_of_turn>user
You are an impartial and unbiased judge.

You will be given answers from two assistants (Assistant A and Assistant B) to a user prompt. Please act as an impartial judge and evaluate the quality of their answers. You must output only one of the following choices:
'A' if Assistant A's answer is better.
'T' if both answers are relatively the same in quality.
'B' if Assistant B's answer is better.
Do not think or reason. Just choose which answer you prefer: A or B or T.
Outp...<truncated 6241 chars>
2025-11-21 18:29:19 | DEBUG    | main:550 | JR prompt length: 2175
2025-11-21 18:29:20 | DEBUG    | main:571 | JR: Generated 2 steps
2025-11-21 18:29:20 | DEBUG    | main:577 | JR: generated text='B''
2025-11-21 18:29:20 | DEBUG    | main:583 | JR step 0: token_id=236799, text='B'
2025-11-21 18:29:20 | DEBUG    | main:586 | JR: Found A/B/T at step 0
2025-11-21 18:29:20 | DEBUG    | main:593 | JR step 0: extracting probs from logits
2025-11-21 18:29:20 | DEBUG    | logits_to_prob_map:248 | logits_to_prob_map: input shape=torch.Size([262208]), dtype=torch.float32
2025-11-21 18:29:20 | DEBUG    | logits_to_prob_map:261 | Top-k extraction: k=50, top logprobs range=[-21.3750, -0.0000]
2025-11-21 18:29:20 | DEBUG    | logits_to_prob_map:271 | topk[0]: token_id=236799, text='B', logprob=-0.0000, prob=0.999985
2025-11-21 18:29:20 | DEBUG    | logits_to_prob_map:271 | topk[1]: token_id=236776, text='A', logprob=-11.8750, prob=0.000007
2025-11-21 18:29:20 | DEBUG    | logits_to_prob_map:271 | topk[2]: token_id=236789, text=''', logprob=-12.3750, prob=0.000004
2025-11-21 18:29:20 | DEBUG    | logits_to_prob_map:271 | topk[3]: token_id=1018, text='**', logprob=-12.8750, prob=0.000003
2025-11-21 18:29:20 | DEBUG    | logits_to_prob_map:271 | topk[4]: token_id=14433, text='answer', logprob=-15.3750, prob=0.000000
2025-11-21 18:29:20 | DEBUG    | logits_to_prob_map:271 | topk[5]: token_id=236775, text='"', logprob=-16.1250, prob=0.000000
2025-11-21 18:29:20 | DEBUG    | logits_to_prob_map:271 | topk[6]: token_id=74314, text='Assistant', logprob=-16.2500, prob=0.000000
2025-11-21 18:29:20 | DEBUG    | logits_to_prob_map:271 | topk[7]: token_id=236763, text='b', logprob=-16.3750, prob=0.000000
2025-11-21 18:29:20 | DEBUG    | logits_to_prob_map:271 | topk[8]: token_id=7925, text='Answer', logprob=-16.3750, prob=0.000000
2025-11-21 18:29:20 | DEBUG    | logits_to_prob_map:271 | topk[9]: token_id=236929, text='`', logprob=-16.6250, prob=0.000000
2025-11-21 18:29:20 | DEBUG    | only_abt_probs:289 | only_abt_probs result: {'A': 6.962205127632345e-06, 'B': 0.9999853374722015, 'T': 0.0}
2025-11-21 18:29:20 | DEBUG    | main:520 | RJ prompt (truncated): <bos><start_of_turn>user
You are an impartial and unbiased judge.

You will be given answers from two assistants (Assistant A and Assistant B) to a user prompt. Please act as an impartial judge and evaluate the quality of their answers. You must output only one of the following choices:
'A' if Assistant A's answer is better.
'T' if both answers are relatively the same in quality.
'B' if Assistant B's answer is better.
Do not think or reason. Just choose which answer you prefer: A or B or T.
Outp...<truncated 6241 chars>
2025-11-21 18:29:20 | DEBUG    | main:550 | RJ prompt length: 2175
2025-11-21 18:29:21 | DEBUG    | main:571 | RJ: Generated 2 steps
2025-11-21 18:29:21 | DEBUG    | main:577 | RJ: generated text='A''
2025-11-21 18:29:21 | DEBUG    | main:583 | RJ step 0: token_id=236776, text='A'
2025-11-21 18:29:21 | DEBUG    | main:586 | RJ: Found A/B/T at step 0
2025-11-21 18:29:21 | DEBUG    | main:593 | RJ step 0: extracting probs from logits
2025-11-21 18:29:21 | DEBUG    | logits_to_prob_map:248 | logits_to_prob_map: input shape=torch.Size([262208]), dtype=torch.float32
2025-11-21 18:29:21 | DEBUG    | logits_to_prob_map:261 | Top-k extraction: k=50, top logprobs range=[-21.8750, -0.0000]
2025-11-21 18:29:21 | DEBUG    | logits_to_prob_map:271 | topk[0]: token_id=236776, text='A', logprob=-0.0000, prob=0.999980
2025-11-21 18:29:21 | DEBUG    | logits_to_prob_map:271 | topk[1]: token_id=236799, text='B', logprob=-11.5000, prob=0.000010
2025-11-21 18:29:21 | DEBUG    | logits_to_prob_map:271 | topk[2]: token_id=236789, text=''', logprob=-11.6250, prob=0.000009
2025-11-21 18:29:21 | DEBUG    | logits_to_prob_map:271 | topk[3]: token_id=1018, text='**', logprob=-14.0000, prob=0.000001
2025-11-21 18:29:21 | DEBUG    | logits_to_prob_map:271 | topk[4]: token_id=236775, text='"', logprob=-15.3750, prob=0.000000
2025-11-21 18:29:21 | DEBUG    | logits_to_prob_map:271 | topk[5]: token_id=236929, text='`', logprob=-16.1250, prob=0.000000
2025-11-21 18:29:21 | DEBUG    | logits_to_prob_map:271 | topk[6]: token_id=2205, text='As', logprob=-17.3750, prob=0.000000
2025-11-21 18:29:21 | DEBUG    | logits_to_prob_map:271 | topk[7]: token_id=14433, text='answer', logprob=-17.5000, prob=0.000000
2025-11-21 18:29:21 | DEBUG    | logits_to_prob_map:271 | topk[8]: token_id=7925, text='Answer', logprob=-17.5000, prob=0.000000
2025-11-21 18:29:21 | DEBUG    | logits_to_prob_map:271 | topk[9]: token_id=74314, text='Assistant', logprob=-17.6250, prob=0.000000
2025-11-21 18:29:21 | DEBUG    | only_abt_probs:289 | only_abt_probs result: {'A': 0.9999796156266157, 'B': 1.0129890723650378e-05, 'T': 0.0}
2025-11-21 18:29:21 | DEBUG    | main:654 | Row 68 complete: JR={'A': 6.962205127632345e-06, 'B': 0.9999853374722015, 'T': 0.0}, RJ={'A': 0.9999796156266157, 'B': 1.0129890723650378e-05, 'T': 0.0}, combined_norm={'A': 8.546124647643555e-06, 'B': 0.9999914538753524, 'T': 0.0}
2025-11-21 18:29:21 | DEBUG    | main:503 | ========== Row 69 ==========
2025-11-21 18:29:21 | DEBUG    | main:504 | Built msgs_jr with 2 messages
2025-11-21 18:29:21 | DEBUG    | main:506 | msgs_jr[0] role=system content=You are an impartial and unbiased judge.
2025-11-21 18:29:21 | DEBUG    | main:506 | msgs_jr[1] role=user content=You will be given answers from two assistants (Assistant A and Assistant B) to a user prompt. Please act as an impartial judge and evaluate the quality of their answers. You must output only one of the following choices:
'A' if Assistant A's answer is better.
'T' if both answers are relatively the s...<truncated 27748 chars>
2025-11-21 18:29:21 | DEBUG    | main:520 | JR prompt (truncated): <bos><start_of_turn>user
You are an impartial and unbiased judge.

You will be given answers from two assistants (Assistant A and Assistant B) to a user prompt. Please act as an impartial judge and evaluate the quality of their answers. You must output only one of the following choices:
'A' if Assistant A's answer is better.
'T' if both answers are relatively the same in quality.
'B' if Assistant B's answer is better.
Do not think or reason. Just choose which answer you prefer: A or B or T.
Outp...<truncated 27963 chars>
2025-11-21 18:29:21 | DEBUG    | main:550 | JR prompt length: 10315
2025-11-21 18:29:29 | DEBUG    | main:571 | JR: Generated 2 steps
2025-11-21 18:29:29 | DEBUG    | main:577 | JR: generated text='A''
2025-11-21 18:29:29 | DEBUG    | main:583 | JR step 0: token_id=236776, text='A'
2025-11-21 18:29:29 | DEBUG    | main:586 | JR: Found A/B/T at step 0
2025-11-21 18:29:29 | DEBUG    | main:593 | JR step 0: extracting probs from logits
2025-11-21 18:29:29 | DEBUG    | logits_to_prob_map:248 | logits_to_prob_map: input shape=torch.Size([262208]), dtype=torch.float32
2025-11-21 18:29:29 | DEBUG    | logits_to_prob_map:261 | Top-k extraction: k=50, top logprobs range=[-13.3778, -0.0028]
2025-11-21 18:29:29 | DEBUG    | logits_to_prob_map:271 | topk[0]: token_id=236776, text='A', logprob=-0.0028, prob=0.997173
2025-11-21 18:29:29 | DEBUG    | logits_to_prob_map:271 | topk[1]: token_id=236789, text=''', logprob=-6.8778, prob=0.001030
2025-11-21 18:29:29 | DEBUG    | logits_to_prob_map:271 | topk[2]: token_id=236799, text='B', logprob=-7.3778, prob=0.000625
2025-11-21 18:29:29 | DEBUG    | logits_to_prob_map:271 | topk[3]: token_id=1071, text='to', logprob=-8.1278, prob=0.000295
2025-11-21 18:29:29 | DEBUG    | logits_to_prob_map:271 | topk[4]: token_id=26315, text='because', logprob=-8.6278, prob=0.000179
2025-11-21 18:29:29 | DEBUG    | logits_to_prob_map:271 | topk[5]: token_id=14433, text='answer', logprob=-9.5028, prob=0.000075
2025-11-21 18:29:29 | DEBUG    | logits_to_prob_map:271 | topk[6]: token_id=624, text='and', logprob=-9.7528, prob=0.000058
2025-11-21 18:29:29 | DEBUG    | logits_to_prob_map:271 | topk[7]: token_id=236761, text='.', logprob=-9.7528, prob=0.000058
2025-11-21 18:29:29 | DEBUG    | logits_to_prob_map:271 | topk[8]: token_id=1018, text='**', logprob=-9.8778, prob=0.000051
2025-11-21 18:29:29 | DEBUG    | logits_to_prob_map:271 | topk[9]: token_id=236775, text='"', logprob=-10.2528, prob=0.000035
2025-11-21 18:29:29 | DEBUG    | only_abt_probs:289 | only_abt_probs result: {'A': 0.9971730978599957, 'B': 0.0006249549553855548, 'T': 0.0}
2025-11-21 18:29:29 | DEBUG    | main:520 | RJ prompt (truncated): <bos><start_of_turn>user
You are an impartial and unbiased judge.

You will be given answers from two assistants (Assistant A and Assistant B) to a user prompt. Please act as an impartial judge and evaluate the quality of their answers. You must output only one of the following choices:
'A' if Assistant A's answer is better.
'T' if both answers are relatively the same in quality.
'B' if Assistant B's answer is better.
Do not think or reason. Just choose which answer you prefer: A or B or T.
Outp...<truncated 27963 chars>
2025-11-21 18:29:29 | DEBUG    | main:550 | RJ prompt length: 10315
2025-11-21 18:29:36 | DEBUG    | main:571 | RJ: Generated 2 steps
2025-11-21 18:29:36 | DEBUG    | main:577 | RJ: generated text='B''
2025-11-21 18:29:36 | DEBUG    | main:583 | RJ step 0: token_id=236799, text='B'
2025-11-21 18:29:36 | DEBUG    | main:586 | RJ: Found A/B/T at step 0
2025-11-21 18:29:36 | DEBUG    | main:593 | RJ step 0: extracting probs from logits
2025-11-21 18:29:36 | DEBUG    | logits_to_prob_map:248 | logits_to_prob_map: input shape=torch.Size([262208]), dtype=torch.float32
2025-11-21 18:29:36 | DEBUG    | logits_to_prob_map:261 | Top-k extraction: k=50, top logprobs range=[-18.2506, -0.0006]
2025-11-21 18:29:36 | DEBUG    | logits_to_prob_map:271 | topk[0]: token_id=236799, text='B', logprob=-0.0006, prob=0.999402
2025-11-21 18:29:36 | DEBUG    | logits_to_prob_map:271 | topk[1]: token_id=236776, text='A', logprob=-7.6256, prob=0.000488
2025-11-21 18:29:36 | DEBUG    | logits_to_prob_map:271 | topk[2]: token_id=236789, text=''', logprob=-9.3756, prob=0.000085
2025-11-21 18:29:36 | DEBUG    | logits_to_prob_map:271 | topk[3]: token_id=1018, text='**', logprob=-11.3756, prob=0.000011
2025-11-21 18:29:36 | DEBUG    | logits_to_prob_map:271 | topk[4]: token_id=14433, text='answer', logprob=-12.3756, prob=0.000004
2025-11-21 18:29:36 | DEBUG    | logits_to_prob_map:271 | topk[5]: token_id=1071, text='to', logprob=-13.1256, prob=0.000002
2025-11-21 18:29:36 | DEBUG    | logits_to_prob_map:271 | topk[6]: token_id=236775, text='"', logprob=-13.6256, prob=0.000001
2025-11-21 18:29:36 | DEBUG    | logits_to_prob_map:271 | topk[7]: token_id=236929, text='`', logprob=-14.2506, prob=0.000001
2025-11-21 18:29:36 | DEBUG    | logits_to_prob_map:271 | topk[8]: token_id=6275, text='response', logprob=-14.2506, prob=0.000001
2025-11-21 18:29:36 | DEBUG    | logits_to_prob_map:271 | topk[9]: token_id=35343, text='Bs', logprob=-14.2506, prob=0.000001
2025-11-21 18:29:36 | DEBUG    | only_abt_probs:289 | only_abt_probs result: {'A': 0.0004878034723610825, 'B': 0.999402403533071, 'T': 0.0}
2025-11-21 18:29:36 | DEBUG    | main:654 | Row 69 complete: JR={'A': 0.9971730978599957, 'B': 0.0006249549553855548, 'T': 0.0}, RJ={'A': 0.0004878034723610825, 'B': 0.999402403533071, 'T': 0.0}, combined_norm={'A': 0.9994429769398322, 'B': 0.0005570230601677804, 'T': 0.0}
2025-11-21 18:29:36 | INFO     | main:501 | Processing row 70/861
2025-11-21 18:29:36 | DEBUG    | main:503 | ========== Row 70 ==========
2025-11-21 18:29:36 | DEBUG    | main:504 | Built msgs_jr with 2 messages
2025-11-21 18:29:36 | DEBUG    | main:506 | msgs_jr[0] role=system content=You are an impartial and unbiased judge.
2025-11-21 18:29:36 | DEBUG    | main:506 | msgs_jr[1] role=user content=You will be given answers from two assistants (Assistant A and Assistant B) to a user prompt. Please act as an impartial judge and evaluate the quality of their answers. You must output only one of the following choices:
'A' if Assistant A's answer is better.
'T' if both answers are relatively the s...<truncated 2737 chars>
2025-11-21 18:29:36 | DEBUG    | main:520 | JR prompt (truncated): <bos><start_of_turn>user
You are an impartial and unbiased judge.

You will be given answers from two assistants (Assistant A and Assistant B) to a user prompt. Please act as an impartial judge and evaluate the quality of their answers. You must output only one of the following choices:
'A' if Assistant A's answer is better.
'T' if both answers are relatively the same in quality.
'B' if Assistant B's answer is better.
Do not think or reason. Just choose which answer you prefer: A or B or T.
Outp...<truncated 2952 chars>
2025-11-21 18:29:36 | DEBUG    | main:550 | JR prompt length: 879
2025-11-21 18:29:37 | DEBUG    | main:571 | JR: Generated 2 steps
2025-11-21 18:29:37 | DEBUG    | main:577 | JR: generated text='A''
2025-11-21 18:29:37 | DEBUG    | main:583 | JR step 0: token_id=236776, text='A'
2025-11-21 18:29:37 | DEBUG    | main:586 | JR: Found A/B/T at step 0
2025-11-21 18:29:37 | DEBUG    | main:593 | JR step 0: extracting probs from logits
2025-11-21 18:29:37 | DEBUG    | logits_to_prob_map:248 | logits_to_prob_map: input shape=torch.Size([262208]), dtype=torch.float32
2025-11-21 18:29:37 | DEBUG    | logits_to_prob_map:261 | Top-k extraction: k=50, top logprobs range=[-20.6250, -0.0000]
2025-11-21 18:29:37 | DEBUG    | logits_to_prob_map:271 | topk[0]: token_id=236776, text='A', logprob=-0.0000, prob=0.999978
2025-11-21 18:29:37 | DEBUG    | logits_to_prob_map:271 | topk[1]: token_id=236789, text=''', logprob=-10.8750, prob=0.000019
2025-11-21 18:29:37 | DEBUG    | logits_to_prob_map:271 | topk[2]: token_id=236799, text='B', logprob=-13.6250, prob=0.000001
2025-11-21 18:29:37 | DEBUG    | logits_to_prob_map:271 | topk[3]: token_id=1018, text='**', logprob=-13.8750, prob=0.000001
2025-11-21 18:29:37 | DEBUG    | logits_to_prob_map:271 | topk[4]: token_id=236775, text='"', logprob=-14.7500, prob=0.000000
2025-11-21 18:29:37 | DEBUG    | logits_to_prob_map:271 | topk[5]: token_id=236929, text='`', logprob=-15.1250, prob=0.000000
2025-11-21 18:29:37 | DEBUG    | logits_to_prob_map:271 | topk[6]: token_id=74314, text='Assistant', logprob=-15.5000, prob=0.000000
2025-11-21 18:29:37 | DEBUG    | logits_to_prob_map:271 | topk[7]: token_id=2205, text='As', logprob=-16.2500, prob=0.000000
2025-11-21 18:29:37 | DEBUG    | logits_to_prob_map:271 | topk[8]: token_id=237095, text='‘', logprob=-16.6250, prob=0.000000
2025-11-21 18:29:37 | DEBUG    | logits_to_prob_map:271 | topk[9]: token_id=7925, text='Answer', logprob=-16.8750, prob=0.000000
2025-11-21 18:29:37 | DEBUG    | only_abt_probs:289 | only_abt_probs result: {'A': 0.9999775891557117, 'B': 1.2098406097530395e-06, 'T': 0.0}
2025-11-21 18:29:37 | DEBUG    | main:520 | RJ prompt (truncated): <bos><start_of_turn>user
You are an impartial and unbiased judge.

You will be given answers from two assistants (Assistant A and Assistant B) to a user prompt. Please act as an impartial judge and evaluate the quality of their answers. You must output only one of the following choices:
'A' if Assistant A's answer is better.
'T' if both answers are relatively the same in quality.
'B' if Assistant B's answer is better.
Do not think or reason. Just choose which answer you prefer: A or B or T.
Outp...<truncated 2952 chars>
2025-11-21 18:29:37 | DEBUG    | main:550 | RJ prompt length: 879
2025-11-21 18:29:37 | DEBUG    | main:571 | RJ: Generated 2 steps
2025-11-21 18:29:37 | DEBUG    | main:577 | RJ: generated text='B''
2025-11-21 18:29:37 | DEBUG    | main:583 | RJ step 0: token_id=236799, text='B'
2025-11-21 18:29:37 | DEBUG    | main:586 | RJ: Found A/B/T at step 0
2025-11-21 18:29:37 | DEBUG    | main:593 | RJ step 0: extracting probs from logits
2025-11-21 18:29:37 | DEBUG    | logits_to_prob_map:248 | logits_to_prob_map: input shape=torch.Size([262208]), dtype=torch.float32
2025-11-21 18:29:37 | DEBUG    | logits_to_prob_map:261 | Top-k extraction: k=50, top logprobs range=[-22.3264, -0.2014]
2025-11-21 18:29:37 | DEBUG    | logits_to_prob_map:271 | topk[0]: token_id=236799, text='B', logprob=-0.2014, prob=0.817569
2025-11-21 18:29:37 | DEBUG    | logits_to_prob_map:271 | topk[1]: token_id=236776, text='A', logprob=-1.7014, prob=0.182424
2025-11-21 18:29:37 | DEBUG    | logits_to_prob_map:271 | topk[2]: token_id=236789, text=''', logprob=-12.2014, prob=0.000005
2025-11-21 18:29:37 | DEBUG    | logits_to_prob_map:271 | topk[3]: token_id=1018, text='**', logprob=-13.2014, prob=0.000002
2025-11-21 18:29:37 | DEBUG    | logits_to_prob_map:271 | topk[4]: token_id=14433, text='answer', logprob=-16.4514, prob=0.000000
2025-11-21 18:29:37 | DEBUG    | logits_to_prob_map:271 | topk[5]: token_id=236763, text='b', logprob=-16.9514, prob=0.000000
2025-11-21 18:29:37 | DEBUG    | logits_to_prob_map:271 | topk[6]: token_id=35343, text='Bs', logprob=-17.0764, prob=0.000000
2025-11-21 18:29:37 | DEBUG    | logits_to_prob_map:271 | topk[7]: token_id=236775, text='"', logprob=-17.2014, prob=0.000000
2025-11-21 18:29:37 | DEBUG    | logits_to_prob_map:271 | topk[8]: token_id=236929, text='`', logprob=-17.5764, prob=0.000000
2025-11-21 18:29:37 | DEBUG    | logits_to_prob_map:271 | topk[9]: token_id=237095, text='‘', logprob=-17.9514, prob=0.000000
2025-11-21 18:29:37 | DEBUG    | only_abt_probs:289 | only_abt_probs result: {'A': 0.1824241980163036, 'B': 0.8175685344148548, 'T': 0.0}
2025-11-21 18:29:37 | DEBUG    | main:654 | Row 70 complete: JR={'A': 0.9999775891557117, 'B': 1.2098406097530395e-06, 'T': 0.0}, RJ={'A': 0.1824241980163036, 'B': 0.8175685344148548, 'T': 0.0}, combined_norm={'A': 0.9087859977053236, 'B': 0.09121400229467627, 'T': 0.0}
2025-11-21 18:29:37 | DEBUG    | main:503 | ========== Row 71 ==========
2025-11-21 18:29:37 | DEBUG    | main:504 | Built msgs_jr with 2 messages
2025-11-21 18:29:37 | DEBUG    | main:506 | msgs_jr[0] role=system content=You are an impartial and unbiased judge.
2025-11-21 18:29:37 | DEBUG    | main:506 | msgs_jr[1] role=user content=You will be given answers from two assistants (Assistant A and Assistant B) to a user prompt. Please act as an impartial judge and evaluate the quality of their answers. You must output only one of the following choices:
'A' if Assistant A's answer is better.
'T' if both answers are relatively the s...<truncated 35276 chars>
2025-11-21 18:29:37 | DEBUG    | main:520 | JR prompt (truncated): <bos><start_of_turn>user
You are an impartial and unbiased judge.

You will be given answers from two assistants (Assistant A and Assistant B) to a user prompt. Please act as an impartial judge and evaluate the quality of their answers. You must output only one of the following choices:
'A' if Assistant A's answer is better.
'T' if both answers are relatively the same in quality.
'B' if Assistant B's answer is better.
Do not think or reason. Just choose which answer you prefer: A or B or T.
Outp...<truncated 35491 chars>
2025-11-21 18:29:37 | DEBUG    | main:550 | JR prompt length: 9537
2025-11-21 18:29:44 | DEBUG    | main:571 | JR: Generated 2 steps
2025-11-21 18:29:44 | DEBUG    | main:577 | JR: generated text='A''
2025-11-21 18:29:44 | DEBUG    | main:583 | JR step 0: token_id=236776, text='A'
2025-11-21 18:29:44 | DEBUG    | main:586 | JR: Found A/B/T at step 0
2025-11-21 18:29:44 | DEBUG    | main:593 | JR step 0: extracting probs from logits
2025-11-21 18:29:44 | DEBUG    | logits_to_prob_map:248 | logits_to_prob_map: input shape=torch.Size([262208]), dtype=torch.float32
2025-11-21 18:29:44 | DEBUG    | logits_to_prob_map:261 | Top-k extraction: k=50, top logprobs range=[-16.5002, -0.0002]
2025-11-21 18:29:44 | DEBUG    | logits_to_prob_map:271 | topk[0]: token_id=236776, text='A', logprob=-0.0002, prob=0.999812
2025-11-21 18:29:44 | DEBUG    | logits_to_prob_map:271 | topk[1]: token_id=236789, text=''', logprob=-9.5002, prob=0.000075
2025-11-21 18:29:44 | DEBUG    | logits_to_prob_map:271 | topk[2]: token_id=236799, text='B', logprob=-10.3752, prob=0.000031
2025-11-21 18:29:44 | DEBUG    | logits_to_prob_map:271 | topk[3]: token_id=1018, text='**', logprob=-10.7502, prob=0.000021
2025-11-21 18:29:44 | DEBUG    | logits_to_prob_map:271 | topk[4]: token_id=14433, text='answer', logprob=-11.5002, prob=0.000010
2025-11-21 18:29:44 | DEBUG    | logits_to_prob_map:271 | topk[5]: token_id=7925, text='Answer', logprob=-11.6252, prob=0.000009
2025-11-21 18:29:44 | DEBUG    | logits_to_prob_map:271 | topk[6]: token_id=74314, text='Assistant', logprob=-12.0002, prob=0.000006
2025-11-21 18:29:44 | DEBUG    | logits_to_prob_map:271 | topk[7]: token_id=1071, text='to', logprob=-12.1252, prob=0.000005
2025-11-21 18:29:44 | DEBUG    | logits_to_prob_map:271 | topk[8]: token_id=236775, text='"', logprob=-12.3752, prob=0.000004
2025-11-21 18:29:44 | DEBUG    | logits_to_prob_map:271 | topk[9]: token_id=6275, text='response', logprob=-12.7502, prob=0.000003
2025-11-21 18:29:44 | DEBUG    | only_abt_probs:289 | only_abt_probs result: {'A': 0.9998118039525784, 'B': 3.1197023328430773e-05, 'T': 0.0}
2025-11-21 18:29:44 | DEBUG    | main:520 | RJ prompt (truncated): <bos><start_of_turn>user
You are an impartial and unbiased judge.

You will be given answers from two assistants (Assistant A and Assistant B) to a user prompt. Please act as an impartial judge and evaluate the quality of their answers. You must output only one of the following choices:
'A' if Assistant A's answer is better.
'T' if both answers are relatively the same in quality.
'B' if Assistant B's answer is better.
Do not think or reason. Just choose which answer you prefer: A or B or T.
Outp...<truncated 35491 chars>
2025-11-21 18:29:44 | DEBUG    | main:550 | RJ prompt length: 9537
2025-11-21 18:29:50 | DEBUG    | main:571 | RJ: Generated 2 steps
2025-11-21 18:29:50 | DEBUG    | main:577 | RJ: generated text='B''
2025-11-21 18:29:50 | DEBUG    | main:583 | RJ step 0: token_id=236799, text='B'
2025-11-21 18:29:50 | DEBUG    | main:586 | RJ: Found A/B/T at step 0
2025-11-21 18:29:50 | DEBUG    | main:593 | RJ step 0: extracting probs from logits
2025-11-21 18:29:50 | DEBUG    | logits_to_prob_map:248 | logits_to_prob_map: input shape=torch.Size([262208]), dtype=torch.float32
2025-11-21 18:29:50 | DEBUG    | logits_to_prob_map:261 | Top-k extraction: k=50, top logprobs range=[-20.3751, -0.0001]
2025-11-21 18:29:50 | DEBUG    | logits_to_prob_map:271 | topk[0]: token_id=236799, text='B', logprob=-0.0001, prob=0.999948
2025-11-21 18:29:50 | DEBUG    | logits_to_prob_map:271 | topk[1]: token_id=236776, text='A', logprob=-10.1251, prob=0.000040
2025-11-21 18:29:50 | DEBUG    | logits_to_prob_map:271 | topk[2]: token_id=236789, text=''', logprob=-11.7501, prob=0.000008
2025-11-21 18:29:50 | DEBUG    | logits_to_prob_map:271 | topk[3]: token_id=1018, text='**', logprob=-13.6251, prob=0.000001
2025-11-21 18:29:50 | DEBUG    | logits_to_prob_map:271 | topk[4]: token_id=14433, text='answer', logprob=-14.0001, prob=0.000001
2025-11-21 18:29:50 | DEBUG    | logits_to_prob_map:271 | topk[5]: token_id=74314, text='Assistant', logprob=-15.2501, prob=0.000000
2025-11-21 18:29:50 | DEBUG    | logits_to_prob_map:271 | topk[6]: token_id=35343, text='Bs', logprob=-15.3751, prob=0.000000
2025-11-21 18:29:50 | DEBUG    | logits_to_prob_map:271 | topk[7]: token_id=1071, text='to', logprob=-15.5001, prob=0.000000
2025-11-21 18:29:50 | DEBUG    | logits_to_prob_map:271 | topk[8]: token_id=236763, text='b', logprob=-15.5001, prob=0.000000
2025-11-21 18:29:50 | DEBUG    | logits_to_prob_map:271 | topk[9]: token_id=7925, text='Answer', logprob=-15.6251, prob=0.000000
2025-11-21 18:29:50 | DEBUG    | only_abt_probs:289 | only_abt_probs result: {'A': 4.006323414684292e-05, 'B': 0.9999482658453687, 'T': 0.0}
2025-11-21 18:29:50 | DEBUG    | main:654 | Row 71 complete: JR={'A': 0.9998118039525784, 'B': 3.1197023328430773e-05, 'T': 0.0}, RJ={'A': 4.006323414684292e-05, 'B': 0.9999482658453687, 'T': 0.0}, combined_norm={'A': 0.999964366866143, 'B': 3.5633133856993234e-05, 'T': 0.0}
2025-11-21 18:29:50 | DEBUG    | main:503 | ========== Row 72 ==========
2025-11-21 18:29:50 | DEBUG    | main:504 | Built msgs_jr with 2 messages
2025-11-21 18:29:50 | DEBUG    | main:506 | msgs_jr[0] role=system content=You are an impartial and unbiased judge.
2025-11-21 18:29:50 | DEBUG    | main:506 | msgs_jr[1] role=user content=You will be given answers from two assistants (Assistant A and Assistant B) to a user prompt. Please act as an impartial judge and evaluate the quality of their answers. You must output only one of the following choices:
'A' if Assistant A's answer is better.
'T' if both answers are relatively the s...<truncated 3919 chars>
2025-11-21 18:29:50 | DEBUG    | main:520 | JR prompt (truncated): <bos><start_of_turn>user
You are an impartial and unbiased judge.

You will be given answers from two assistants (Assistant A and Assistant B) to a user prompt. Please act as an impartial judge and evaluate the quality of their answers. You must output only one of the following choices:
'A' if Assistant A's answer is better.
'T' if both answers are relatively the same in quality.
'B' if Assistant B's answer is better.
Do not think or reason. Just choose which answer you prefer: A or B or T.
Outp...<truncated 4134 chars>
2025-11-21 18:29:50 | DEBUG    | main:550 | JR prompt length: 1206
2025-11-21 18:29:51 | DEBUG    | main:571 | JR: Generated 2 steps
2025-11-21 18:29:51 | DEBUG    | main:577 | JR: generated text='A''
2025-11-21 18:29:51 | DEBUG    | main:583 | JR step 0: token_id=236776, text='A'
2025-11-21 18:29:51 | DEBUG    | main:586 | JR: Found A/B/T at step 0
2025-11-21 18:29:51 | DEBUG    | main:593 | JR step 0: extracting probs from logits
2025-11-21 18:29:51 | DEBUG    | logits_to_prob_map:248 | logits_to_prob_map: input shape=torch.Size([262208]), dtype=torch.float32
2025-11-21 18:29:51 | DEBUG    | logits_to_prob_map:261 | Top-k extraction: k=50, top logprobs range=[-24.1252, -0.0002]
2025-11-21 18:29:51 | DEBUG    | logits_to_prob_map:271 | topk[0]: token_id=236776, text='A', logprob=-0.0002, prob=0.999840
2025-11-21 18:29:51 | DEBUG    | logits_to_prob_map:271 | topk[1]: token_id=236799, text='B', logprob=-8.7502, prob=0.000158
2025-11-21 18:29:51 | DEBUG    | logits_to_prob_map:271 | topk[2]: token_id=236789, text=''', logprob=-13.5002, prob=0.000001
2025-11-21 18:29:51 | DEBUG    | logits_to_prob_map:271 | topk[3]: token_id=1018, text='**', logprob=-14.5002, prob=0.000001
2025-11-21 18:29:51 | DEBUG    | logits_to_prob_map:271 | topk[4]: token_id=236775, text='"', logprob=-17.6252, prob=0.000000
2025-11-21 18:29:51 | DEBUG    | logits_to_prob_map:271 | topk[5]: token_id=236929, text='`', logprob=-18.1252, prob=0.000000
2025-11-21 18:29:51 | DEBUG    | logits_to_prob_map:271 | topk[6]: token_id=14433, text='answer', logprob=-19.8752, prob=0.000000
2025-11-21 18:29:51 | DEBUG    | logits_to_prob_map:271 | topk[7]: token_id=236829, text='*', logprob=-20.0002, prob=0.000000
2025-11-21 18:29:51 | DEBUG    | logits_to_prob_map:271 | topk[8]: token_id=6275, text='response', logprob=-20.1252, prob=0.000000
2025-11-21 18:29:51 | DEBUG    | logits_to_prob_map:271 | topk[9]: token_id=7925, text='Answer', logprob=-20.2502, prob=0.000000
2025-11-21 18:29:51 | DEBUG    | only_abt_probs:289 | only_abt_probs result: {'A': 0.9998396892060442, 'B': 0.00015843593890614804, 'T': 6.223147487235199e-11}
2025-11-21 18:29:51 | DEBUG    | main:520 | RJ prompt (truncated): <bos><start_of_turn>user
You are an impartial and unbiased judge.

You will be given answers from two assistants (Assistant A and Assistant B) to a user prompt. Please act as an impartial judge and evaluate the quality of their answers. You must output only one of the following choices:
'A' if Assistant A's answer is better.
'T' if both answers are relatively the same in quality.
'B' if Assistant B's answer is better.
Do not think or reason. Just choose which answer you prefer: A or B or T.
Outp...<truncated 4134 chars>
2025-11-21 18:29:51 | DEBUG    | main:550 | RJ prompt length: 1206
2025-11-21 18:29:51 | DEBUG    | main:571 | RJ: Generated 2 steps
2025-11-21 18:29:51 | DEBUG    | main:577 | RJ: generated text='B''
2025-11-21 18:29:51 | DEBUG    | main:583 | RJ step 0: token_id=236799, text='B'
2025-11-21 18:29:51 | DEBUG    | main:586 | RJ: Found A/B/T at step 0
2025-11-21 18:29:51 | DEBUG    | main:593 | RJ step 0: extracting probs from logits
2025-11-21 18:29:51 | DEBUG    | logits_to_prob_map:248 | logits_to_prob_map: input shape=torch.Size([262208]), dtype=torch.float32
2025-11-21 18:29:51 | DEBUG    | logits_to_prob_map:261 | Top-k extraction: k=50, top logprobs range=[-27.6251, -0.0001]
2025-11-21 18:29:51 | DEBUG    | logits_to_prob_map:271 | topk[0]: token_id=236799, text='B', logprob=-0.0001, prob=0.999942
2025-11-21 18:29:51 | DEBUG    | logits_to_prob_map:271 | topk[1]: token_id=236776, text='A', logprob=-9.7501, prob=0.000058
2025-11-21 18:29:51 | DEBUG    | logits_to_prob_map:271 | topk[2]: token_id=1018, text='**', logprob=-16.0001, prob=0.000000
2025-11-21 18:29:51 | DEBUG    | logits_to_prob_map:271 | topk[3]: token_id=236789, text=''', logprob=-17.0001, prob=0.000000
2025-11-21 18:29:51 | DEBUG    | logits_to_prob_map:271 | topk[4]: token_id=236763, text='b', logprob=-20.0001, prob=0.000000
2025-11-21 18:29:51 | DEBUG    | logits_to_prob_map:271 | topk[5]: token_id=14433, text='answer', logprob=-20.7501, prob=0.000000
2025-11-21 18:29:51 | DEBUG    | logits_to_prob_map:271 | topk[6]: token_id=240104, text='Β', logprob=-21.7501, prob=0.000000
2025-11-21 18:29:51 | DEBUG    | logits_to_prob_map:271 | topk[7]: token_id=35343, text='Bs', logprob=-22.2501, prob=0.000000
2025-11-21 18:29:51 | DEBUG    | logits_to_prob_map:271 | topk[8]: token_id=236775, text='"', logprob=-22.2501, prob=0.000000
2025-11-21 18:29:51 | DEBUG    | logits_to_prob_map:271 | topk[9]: token_id=236929, text='`', logprob=-22.5001, prob=0.000000
2025-11-21 18:29:51 | DEBUG    | only_abt_probs:289 | only_abt_probs result: {'A': 5.829127258796956e-05, 'B': 0.9999415908602124, 'T': 0.0}
2025-11-21 18:29:51 | DEBUG    | main:654 | Row 72 complete: JR={'A': 0.9998396892060442, 'B': 0.00015843593890614804, 'T': 6.223147487235199e-11}, RJ={'A': 5.829127258796956e-05, 'B': 0.9999415908602124, 'T': 0.0}, combined_norm={'A': 0.9998916362551711, 'B': 0.00010836371371307866, 'T': 3.111576843774984e-11}
2025-11-21 18:29:51 | DEBUG    | main:503 | ========== Row 73 ==========
2025-11-21 18:29:51 | DEBUG    | main:504 | Built msgs_jr with 2 messages
2025-11-21 18:29:51 | DEBUG    | main:506 | msgs_jr[0] role=system content=You are an impartial and unbiased judge.
2025-11-21 18:29:51 | DEBUG    | main:506 | msgs_jr[1] role=user content=You will be given answers from two assistants (Assistant A and Assistant B) to a user prompt. Please act as an impartial judge and evaluate the quality of their answers. You must output only one of the following choices:
'A' if Assistant A's answer is better.
'T' if both answers are relatively the s...<truncated 9846 chars>
2025-11-21 18:29:51 | DEBUG    | main:520 | JR prompt (truncated): <bos><start_of_turn>user
You are an impartial and unbiased judge.

You will be given answers from two assistants (Assistant A and Assistant B) to a user prompt. Please act as an impartial judge and evaluate the quality of their answers. You must output only one of the following choices:
'A' if Assistant A's answer is better.
'T' if both answers are relatively the same in quality.
'B' if Assistant B's answer is better.
Do not think or reason. Just choose which answer you prefer: A or B or T.
Outp...<truncated 10061 chars>
2025-11-21 18:29:51 | DEBUG    | main:550 | JR prompt length: 3609
2025-11-21 18:29:53 | DEBUG    | main:571 | JR: Generated 2 steps
2025-11-21 18:29:53 | DEBUG    | main:577 | JR: generated text='B''
2025-11-21 18:29:53 | DEBUG    | main:583 | JR step 0: token_id=236799, text='B'
2025-11-21 18:29:53 | DEBUG    | main:586 | JR: Found A/B/T at step 0
2025-11-21 18:29:53 | DEBUG    | main:593 | JR step 0: extracting probs from logits
2025-11-21 18:29:53 | DEBUG    | logits_to_prob_map:248 | logits_to_prob_map: input shape=torch.Size([262208]), dtype=torch.float32
2025-11-21 18:29:53 | DEBUG    | logits_to_prob_map:261 | Top-k extraction: k=50, top logprobs range=[-24.8769, -0.1269]
2025-11-21 18:29:53 | DEBUG    | logits_to_prob_map:271 | topk[0]: token_id=236799, text='B', logprob=-0.1269, prob=0.880794
2025-11-21 18:29:53 | DEBUG    | logits_to_prob_map:271 | topk[1]: token_id=236776, text='A', logprob=-2.1269, prob=0.119203
2025-11-21 18:29:53 | DEBUG    | logits_to_prob_map:271 | topk[2]: token_id=236789, text=''', logprob=-13.1269, prob=0.000002
2025-11-21 18:29:53 | DEBUG    | logits_to_prob_map:271 | topk[3]: token_id=1018, text='**', logprob=-13.3769, prob=0.000002
2025-11-21 18:29:53 | DEBUG    | logits_to_prob_map:271 | topk[4]: token_id=236775, text='"', logprob=-17.8769, prob=0.000000
2025-11-21 18:29:53 | DEBUG    | logits_to_prob_map:271 | topk[5]: token_id=236929, text='`', logprob=-19.0019, prob=0.000000
2025-11-21 18:29:53 | DEBUG    | logits_to_prob_map:271 | topk[6]: token_id=236763, text='b', logprob=-19.1269, prob=0.000000
2025-11-21 18:29:53 | DEBUG    | logits_to_prob_map:271 | topk[7]: token_id=1071, text='to', logprob=-19.5019, prob=0.000000
2025-11-21 18:29:53 | DEBUG    | logits_to_prob_map:271 | topk[8]: token_id=35343, text='Bs', logprob=-19.5019, prob=0.000000
2025-11-21 18:29:53 | DEBUG    | logits_to_prob_map:271 | topk[9]: token_id=237095, text='‘', logprob=-20.3769, prob=0.000000
2025-11-21 18:29:53 | DEBUG    | only_abt_probs:289 | only_abt_probs result: {'A': 0.11920251460316028, 'B': 0.8807939887872286, 'T': 7.976533182393158e-11}
2025-11-21 18:29:53 | DEBUG    | main:520 | RJ prompt (truncated): <bos><start_of_turn>user
You are an impartial and unbiased judge.

You will be given answers from two assistants (Assistant A and Assistant B) to a user prompt. Please act as an impartial judge and evaluate the quality of their answers. You must output only one of the following choices:
'A' if Assistant A's answer is better.
'T' if both answers are relatively the same in quality.
'B' if Assistant B's answer is better.
Do not think or reason. Just choose which answer you prefer: A or B or T.
Outp...<truncated 10061 chars>
2025-11-21 18:29:53 | DEBUG    | main:550 | RJ prompt length: 3609
2025-11-21 18:29:55 | DEBUG    | main:571 | RJ: Generated 2 steps
2025-11-21 18:29:55 | DEBUG    | main:577 | RJ: generated text='A''
2025-11-21 18:29:55 | DEBUG    | main:583 | RJ step 0: token_id=236776, text='A'
2025-11-21 18:29:55 | DEBUG    | main:586 | RJ: Found A/B/T at step 0
2025-11-21 18:29:55 | DEBUG    | main:593 | RJ step 0: extracting probs from logits
2025-11-21 18:29:55 | DEBUG    | logits_to_prob_map:248 | logits_to_prob_map: input shape=torch.Size([262208]), dtype=torch.float32
2025-11-21 18:29:55 | DEBUG    | logits_to_prob_map:261 | Top-k extraction: k=50, top logprobs range=[-23.5000, -0.0000]
2025-11-21 18:29:55 | DEBUG    | logits_to_prob_map:271 | topk[0]: token_id=236776, text='A', logprob=-0.0000, prob=0.999986
2025-11-21 18:29:55 | DEBUG    | logits_to_prob_map:271 | topk[1]: token_id=236789, text=''', logprob=-11.6250, prob=0.000009
2025-11-21 18:29:55 | DEBUG    | logits_to_prob_map:271 | topk[2]: token_id=236799, text='B', logprob=-12.6250, prob=0.000003
2025-11-21 18:29:55 | DEBUG    | logits_to_prob_map:271 | topk[3]: token_id=1018, text='**', logprob=-13.2500, prob=0.000002
2025-11-21 18:29:55 | DEBUG    | logits_to_prob_map:271 | topk[4]: token_id=236775, text='"', logprob=-15.5000, prob=0.000000
2025-11-21 18:29:55 | DEBUG    | logits_to_prob_map:271 | topk[5]: token_id=236929, text='`', logprob=-16.6250, prob=0.000000
2025-11-21 18:29:55 | DEBUG    | logits_to_prob_map:271 | topk[6]: token_id=237095, text='‘', logprob=-18.0000, prob=0.000000
2025-11-21 18:29:55 | DEBUG    | logits_to_prob_map:271 | topk[7]: token_id=236858, text='’', logprob=-18.8750, prob=0.000000
2025-11-21 18:29:55 | DEBUG    | logits_to_prob_map:271 | topk[8]: token_id=237228, text='А', logprob=-18.8750, prob=0.000000
2025-11-21 18:29:55 | DEBUG    | logits_to_prob_map:271 | topk[9]: token_id=6275, text='response', logprob=-19.1250, prob=0.000000
2025-11-21 18:29:55 | DEBUG    | only_abt_probs:289 | only_abt_probs result: {'A': 0.9999856950894335, 'B': 3.288712835615507e-06, 'T': 0.0}
2025-11-21 18:29:55 | DEBUG    | main:654 | Row 73 complete: JR={'A': 0.11920251460316028, 'B': 0.8807939887872286, 'T': 7.976533182393158e-11}, RJ={'A': 0.9999856950894335, 'B': 3.288712835615507e-06, 'T': 0.0}, combined_norm={'A': 0.05960333416147363, 'B': 0.9403966657986434, 'T': 3.9882955317198525e-11}
2025-11-21 18:29:55 | DEBUG    | main:503 | ========== Row 74 ==========
2025-11-21 18:29:55 | DEBUG    | main:504 | Built msgs_jr with 2 messages
2025-11-21 18:29:55 | DEBUG    | main:506 | msgs_jr[0] role=system content=You are an impartial and unbiased judge.
2025-11-21 18:29:55 | DEBUG    | main:506 | msgs_jr[1] role=user content=You will be given answers from two assistants (Assistant A and Assistant B) to a user prompt. Please act as an impartial judge and evaluate the quality of their answers. You must output only one of the following choices:
'A' if Assistant A's answer is better.
'T' if both answers are relatively the s...<truncated 29677 chars>
2025-11-21 18:29:55 | DEBUG    | main:520 | JR prompt (truncated): <bos><start_of_turn>user
You are an impartial and unbiased judge.

You will be given answers from two assistants (Assistant A and Assistant B) to a user prompt. Please act as an impartial judge and evaluate the quality of their answers. You must output only one of the following choices:
'A' if Assistant A's answer is better.
'T' if both answers are relatively the same in quality.
'B' if Assistant B's answer is better.
Do not think or reason. Just choose which answer you prefer: A or B or T.
Outp...<truncated 29892 chars>
2025-11-21 18:29:55 | DEBUG    | main:550 | JR prompt length: 9313
2025-11-21 18:30:02 | DEBUG    | main:571 | JR: Generated 2 steps
2025-11-21 18:30:02 | DEBUG    | main:577 | JR: generated text='A''
2025-11-21 18:30:02 | DEBUG    | main:583 | JR step 0: token_id=236776, text='A'
2025-11-21 18:30:02 | DEBUG    | main:586 | JR: Found A/B/T at step 0
2025-11-21 18:30:02 | DEBUG    | main:593 | JR step 0: extracting probs from logits
2025-11-21 18:30:02 | DEBUG    | logits_to_prob_map:248 | logits_to_prob_map: input shape=torch.Size([262208]), dtype=torch.float32
2025-11-21 18:30:02 | DEBUG    | logits_to_prob_map:261 | Top-k extraction: k=50, top logprobs range=[-16.5022, -0.0022]
2025-11-21 18:30:02 | DEBUG    | logits_to_prob_map:271 | topk[0]: token_id=236776, text='A', logprob=-0.0022, prob=0.997834
2025-11-21 18:30:02 | DEBUG    | logits_to_prob_map:271 | topk[1]: token_id=236799, text='B', logprob=-6.2522, prob=0.001926
2025-11-21 18:30:02 | DEBUG    | logits_to_prob_map:271 | topk[2]: token_id=236789, text=''', logprob=-9.1272, prob=0.000109
2025-11-21 18:30:02 | DEBUG    | logits_to_prob_map:271 | topk[3]: token_id=74314, text='Assistant', logprob=-9.8772, prob=0.000051
2025-11-21 18:30:02 | DEBUG    | logits_to_prob_map:271 | topk[4]: token_id=1018, text='**', logprob=-10.5022, prob=0.000027
2025-11-21 18:30:02 | DEBUG    | logits_to_prob_map:271 | topk[5]: token_id=236775, text='"', logprob=-11.8772, prob=0.000007
2025-11-21 18:30:02 | DEBUG    | logits_to_prob_map:271 | topk[6]: token_id=1071, text='to', logprob=-12.1272, prob=0.000005
2025-11-21 18:30:02 | DEBUG    | logits_to_prob_map:271 | topk[7]: token_id=7925, text='Answer', logprob=-12.1272, prob=0.000005
2025-11-21 18:30:02 | DEBUG    | logits_to_prob_map:271 | topk[8]: token_id=14433, text='answer', logprob=-12.2522, prob=0.000005
2025-11-21 18:30:02 | DEBUG    | logits_to_prob_map:271 | topk[9]: token_id=236929, text='`', logprob=-12.2522, prob=0.000005
2025-11-21 18:30:02 | DEBUG    | only_abt_probs:289 | only_abt_probs result: {'A': 0.9978336635392451, 'B': 0.0019262721826964436, 'T': 1.2724281390171984e-07}
2025-11-21 18:30:02 | DEBUG    | main:520 | RJ prompt (truncated): <bos><start_of_turn>user
You are an impartial and unbiased judge.

You will be given answers from two assistants (Assistant A and Assistant B) to a user prompt. Please act as an impartial judge and evaluate the quality of their answers. You must output only one of the following choices:
'A' if Assistant A's answer is better.
'T' if both answers are relatively the same in quality.
'B' if Assistant B's answer is better.
Do not think or reason. Just choose which answer you prefer: A or B or T.
Outp...<truncated 29892 chars>
2025-11-21 18:30:02 | DEBUG    | main:550 | RJ prompt length: 9313
2025-11-21 18:30:08 | DEBUG    | main:571 | RJ: Generated 2 steps
2025-11-21 18:30:08 | DEBUG    | main:577 | RJ: generated text='B''
2025-11-21 18:30:08 | DEBUG    | main:583 | RJ step 0: token_id=236799, text='B'
2025-11-21 18:30:08 | DEBUG    | main:586 | RJ: Found A/B/T at step 0
2025-11-21 18:30:08 | DEBUG    | main:593 | RJ step 0: extracting probs from logits
2025-11-21 18:30:08 | DEBUG    | logits_to_prob_map:248 | logits_to_prob_map: input shape=torch.Size([262208]), dtype=torch.float32
2025-11-21 18:30:08 | DEBUG    | logits_to_prob_map:261 | Top-k extraction: k=50, top logprobs range=[-18.6259, -0.0009]
2025-11-21 18:30:08 | DEBUG    | logits_to_prob_map:271 | topk[0]: token_id=236799, text='B', logprob=-0.0009, prob=0.999057
2025-11-21 18:30:08 | DEBUG    | logits_to_prob_map:271 | topk[1]: token_id=236776, text='A', logprob=-7.0009, prob=0.000911
2025-11-21 18:30:08 | DEBUG    | logits_to_prob_map:271 | topk[2]: token_id=236789, text=''', logprob=-11.1259, prob=0.000015
2025-11-21 18:30:08 | DEBUG    | logits_to_prob_map:271 | topk[3]: token_id=14433, text='answer', logprob=-12.5009, prob=0.000004
2025-11-21 18:30:08 | DEBUG    | logits_to_prob_map:271 | topk[4]: token_id=74314, text='Assistant', logprob=-12.5009, prob=0.000004
2025-11-21 18:30:08 | DEBUG    | logits_to_prob_map:271 | topk[5]: token_id=1018, text='**', logprob=-12.6259, prob=0.000003
2025-11-21 18:30:08 | DEBUG    | logits_to_prob_map:271 | topk[6]: token_id=7925, text='Answer', logprob=-13.5009, prob=0.000001
2025-11-21 18:30:08 | DEBUG    | logits_to_prob_map:271 | topk[7]: token_id=1071, text='to', logprob=-13.7509, prob=0.000001
2025-11-21 18:30:08 | DEBUG    | logits_to_prob_map:271 | topk[8]: token_id=236763, text='b', logprob=-14.0009, prob=0.000001
2025-11-21 18:30:08 | DEBUG    | logits_to_prob_map:271 | topk[9]: token_id=236775, text='"', logprob=-14.8759, prob=0.000000
2025-11-21 18:30:08 | DEBUG    | only_abt_probs:289 | only_abt_probs result: {'A': 0.000911022298642609, 'B': 0.9990571099108825, 'T': 0.0}
2025-11-21 18:30:08 | DEBUG    | main:654 | Row 74 complete: JR={'A': 0.9978336635392451, 'B': 0.0019262721826964436, 'T': 1.2724281390171984e-07}, RJ={'A': 0.000911022298642609, 'B': 0.9990571099108825, 'T': 0.0}, combined_norm={'A': 0.9985810963054879, 'B': 0.0014188400644577482, 'T': 6.36300544287872e-08}
2025-11-21 18:30:08 | DEBUG    | main:503 | ========== Row 75 ==========
2025-11-21 18:30:08 | DEBUG    | main:504 | Built msgs_jr with 2 messages
2025-11-21 18:30:08 | DEBUG    | main:506 | msgs_jr[0] role=system content=You are an impartial and unbiased judge.
2025-11-21 18:30:08 | DEBUG    | main:506 | msgs_jr[1] role=user content=You will be given answers from two assistants (Assistant A and Assistant B) to a user prompt. Please act as an impartial judge and evaluate the quality of their answers. You must output only one of the following choices:
'A' if Assistant A's answer is better.
'T' if both answers are relatively the s...<truncated 42043 chars>
2025-11-21 18:30:08 | DEBUG    | main:520 | JR prompt (truncated): <bos><start_of_turn>user
You are an impartial and unbiased judge.

You will be given answers from two assistants (Assistant A and Assistant B) to a user prompt. Please act as an impartial judge and evaluate the quality of their answers. You must output only one of the following choices:
'A' if Assistant A's answer is better.
'T' if both answers are relatively the same in quality.
'B' if Assistant B's answer is better.
Do not think or reason. Just choose which answer you prefer: A or B or T.
Outp...<truncated 42258 chars>
2025-11-21 18:30:08 | DEBUG    | main:550 | JR prompt length: 10452
