2025-11-21 08:06:30 | INFO     | setup_logging:67 | ================================================================================
2025-11-21 08:06:30 | INFO     | setup_logging:68 | NEW RUN STARTED
2025-11-21 08:06:30 | INFO     | setup_logging:69 | ================================================================================
2025-11-21 08:06:30 | INFO     | setup_logging:72 | SYSTEM METADATA:
2025-11-21 08:06:30 | INFO     | setup_logging:73 |   User: ubuntu
2025-11-21 08:06:30 | INFO     | setup_logging:74 |   Hostname: 129-213-131-211
2025-11-21 08:06:30 | INFO     | setup_logging:75 |   Platform: Linux-6.8.0-60-generic-x86_64-with-glibc2.35
2025-11-21 08:06:30 | INFO     | setup_logging:76 |   Python version: 3.10.12
2025-11-21 08:06:30 | INFO     | setup_logging:77 |   PyTorch version: 2.9.1+cu128
2025-11-21 08:06:32 | INFO     | setup_logging:78 |   CUDA available: True
2025-11-21 08:06:32 | INFO     | setup_logging:80 |   CUDA version: 12.8
2025-11-21 08:06:32 | INFO     | setup_logging:81 |   GPU count: 8
2025-11-21 08:06:32 | INFO     | setup_logging:83 |   GPU 0: NVIDIA A100-SXM4-40GB
2025-11-21 08:06:32 | INFO     | setup_logging:85 |     Total memory: 42.41 GB
2025-11-21 08:06:32 | INFO     | setup_logging:83 |   GPU 1: NVIDIA A100-SXM4-40GB
2025-11-21 08:06:32 | INFO     | setup_logging:85 |     Total memory: 42.41 GB
2025-11-21 08:06:32 | INFO     | setup_logging:83 |   GPU 2: NVIDIA A100-SXM4-40GB
2025-11-21 08:06:32 | INFO     | setup_logging:85 |     Total memory: 42.41 GB
2025-11-21 08:06:32 | INFO     | setup_logging:83 |   GPU 3: NVIDIA A100-SXM4-40GB
2025-11-21 08:06:32 | INFO     | setup_logging:85 |     Total memory: 42.41 GB
2025-11-21 08:06:32 | INFO     | setup_logging:83 |   GPU 4: NVIDIA A100-SXM4-40GB
2025-11-21 08:06:32 | INFO     | setup_logging:85 |     Total memory: 42.41 GB
2025-11-21 08:06:32 | INFO     | setup_logging:83 |   GPU 5: NVIDIA A100-SXM4-40GB
2025-11-21 08:06:32 | INFO     | setup_logging:85 |     Total memory: 42.41 GB
2025-11-21 08:06:32 | INFO     | setup_logging:83 |   GPU 6: NVIDIA A100-SXM4-40GB
2025-11-21 08:06:32 | INFO     | setup_logging:85 |     Total memory: 42.41 GB
2025-11-21 08:06:32 | INFO     | setup_logging:83 |   GPU 7: NVIDIA A100-SXM4-40GB
2025-11-21 08:06:32 | INFO     | setup_logging:85 |     Total memory: 42.41 GB
2025-11-21 08:06:32 | INFO     | setup_logging:88 | RUN PARAMETERS:
2025-11-21 08:06:32 | INFO     | setup_logging:90 |   bf16: False
2025-11-21 08:06:32 | INFO     | setup_logging:90 |   data_jsonl: data_verifiable_preference/diffs.jsonl
2025-11-21 08:06:32 | INFO     | setup_logging:90 |   judge: google/gemma-3-12b-it
2025-11-21 08:06:32 | INFO     | setup_logging:90 |   limit: 0
2025-11-21 08:06:32 | INFO     | setup_logging:90 |   logprobs_k: 50
2025-11-21 08:06:32 | INFO     | setup_logging:90 |   max_tokens: 12
2025-11-21 08:06:32 | INFO     | setup_logging:90 |   output_path: results
2025-11-21 08:06:32 | INFO     | setup_logging:90 |   ref: deepseek-ai/DeepSeek-R1-Distill-Qwen-32B
2025-11-21 08:06:32 | INFO     | setup_logging:90 |   trust_remote_code: False
2025-11-21 08:06:32 | INFO     | setup_logging:92 |   Log file: /lambda/nfs/dani/verifiable_data_experiments/results/google_gemma-3-12b-it/deepseek-ai_DeepSeek-R1-Distill-Qwen-32B/logs/run_20251121_080630.log
2025-11-21 08:06:32 | INFO     | setup_logging:93 |   Output directory: /lambda/nfs/dani/verifiable_data_experiments/results/google_gemma-3-12b-it/deepseek-ai_DeepSeek-R1-Distill-Qwen-32B
2025-11-21 08:06:32 | INFO     | setup_logging:94 |   Timestamp: 20251121_080630
2025-11-21 08:06:32 | INFO     | setup_logging:95 | ================================================================================
2025-11-21 08:06:32 | INFO     | main:292 | Starting data loading...
2025-11-21 08:06:35 | INFO     | main:306 | Dataset loaded: 970 examples found
2025-11-21 08:06:35 | INFO     | main:309 | Loading tokenizer and model from google/gemma-3-12b-it
2025-11-21 08:06:36 | INFO     | main:319 | Loading model (this may take a while)...
2025-11-21 08:06:45 | INFO     | main:333 | Model loaded successfully on device: cuda:0
2025-11-21 08:06:45 | INFO     | main:337 | Initial GPU memory allocated: 2.86 GB
2025-11-21 08:06:45 | INFO     | main:346 | Initial GPU memory allocated: 2.86 GB
2025-11-21 08:06:45 | INFO     | main:366 | Metadata saved to /lambda/nfs/dani/verifiable_data_experiments/results/google_gemma-3-12b-it/deepseek-ai_DeepSeek-R1-Distill-Qwen-32B/metadata.json
2025-11-21 08:06:45 | INFO     | main:368 | Starting processing, output will be written to /lambda/nfs/dani/verifiable_data_experiments/results/google_gemma-3-12b-it/deepseek-ai_DeepSeek-R1-Distill-Qwen-32B/output.jsonl
2025-11-21 08:06:45 | INFO     | main:391 | Processing row 0/970
2025-11-21 08:06:45 | DEBUG    | main:393 | ========== Row 0 ==========
2025-11-21 08:06:45 | DEBUG    | main:394 | Built msgs_jr with 2 messages
2025-11-21 08:06:45 | DEBUG    | main:396 | msgs_jr[0] role=system content=You are an impartial and unbiased judge.
2025-11-21 08:06:45 | DEBUG    | main:396 | msgs_jr[1] role=user content=You will be given answers from two assistants (Assistant A and Assistant B) to a user prompt. Please act as an impartial judge and evaluate the quality of their answers. You must output only one of the following choices:
'A' if Assistant A's answer is better.
'T' if both answers are relatively the s...<truncated 26585 chars>
2025-11-21 08:06:45 | DEBUG    | main:410 | JR prompt (truncated): <bos><start_of_turn>user
You are an impartial and unbiased judge.

You will be given answers from two assistants (Assistant A and Assistant B) to a user prompt. Please act as an impartial judge and evaluate the quality of their answers. You must output only one of the following choices:
'A' if Assistant A's answer is better.
'T' if both answers are relatively the same in quality.
'B' if Assistant B's answer is better.
Do not think or reason. Just choose which answer you prefer: A or B or T.
Outp...<truncated 26800 chars>
2025-11-21 08:06:45 | DEBUG    | main:440 | JR prompt length: 9089
2025-11-21 08:07:03 | DEBUG    | main:461 | JR: Generated 8 steps
2025-11-21 08:07:03 | DEBUG    | main:467 | JR: generated text='A's answer.

A<end_of_turn>'
2025-11-21 08:07:03 | DEBUG    | main:473 | JR step 0: token_id=236776, text='A'
2025-11-21 08:07:03 | DEBUG    | main:476 | JR: Found A/B/T at step 0
2025-11-21 08:07:03 | DEBUG    | main:483 | JR step 0: extracting probs from logits
2025-11-21 08:07:03 | DEBUG    | logits_to_prob_map:157 | logits_to_prob_map: input shape=torch.Size([262208]), dtype=torch.float32
2025-11-21 08:07:03 | DEBUG    | logits_to_prob_map:170 | Top-k extraction: k=50, top logprobs range=[-12.6438, -0.0813]
2025-11-21 08:07:03 | DEBUG    | logits_to_prob_map:180 | topk[0]: token_id=236776, text='A', logprob=-0.0813, prob=0.921962
2025-11-21 08:07:03 | DEBUG    | logits_to_prob_map:180 | topk[1]: token_id=236799, text='B', logprob=-2.5813, prob=0.075679
2025-11-21 08:07:03 | DEBUG    | logits_to_prob_map:180 | topk[2]: token_id=236789, text=''', logprob=-7.0813, prob=0.000841
2025-11-21 08:07:03 | DEBUG    | logits_to_prob_map:180 | topk[3]: token_id=236769, text='(', logprob=-8.7063, prob=0.000166
2025-11-21 08:07:03 | DEBUG    | logits_to_prob_map:180 | topk[4]: token_id=236746, text='a', logprob=-8.9563, prob=0.000129
2025-11-21 08:07:03 | DEBUG    | logits_to_prob_map:180 | topk[5]: token_id=107, text='
', logprob=-8.9563, prob=0.000129
2025-11-21 08:07:03 | DEBUG    | logits_to_prob_map:180 | topk[6]: token_id=1018, text='**', logprob=-9.0188, prob=0.000121
2025-11-21 08:07:03 | DEBUG    | logits_to_prob_map:180 | topk[7]: token_id=2205, text='As', logprob=-9.1438, prob=0.000107
2025-11-21 08:07:03 | DEBUG    | logits_to_prob_map:180 | topk[8]: token_id=236775, text='"', logprob=-9.4563, prob=0.000078
2025-11-21 08:07:03 | DEBUG    | logits_to_prob_map:180 | topk[9]: token_id=818, text='The', logprob=-10.4563, prob=0.000029
2025-11-21 08:07:03 | DEBUG    | only_abt_probs:198 | only_abt_probs result: {'A': 0.9219621304736911, 'B': 0.07567925908351089, 'T': 6.418981200223715e-06}
2025-11-21 08:07:03 | DEBUG    | main:410 | RJ prompt (truncated): <bos><start_of_turn>user
You are an impartial and unbiased judge.

You will be given answers from two assistants (Assistant A and Assistant B) to a user prompt. Please act as an impartial judge and evaluate the quality of their answers. You must output only one of the following choices:
'A' if Assistant A's answer is better.
'T' if both answers are relatively the same in quality.
'B' if Assistant B's answer is better.
Do not think or reason. Just choose which answer you prefer: A or B or T.
Outp...<truncated 26800 chars>
2025-11-21 08:07:03 | DEBUG    | main:440 | RJ prompt length: 9089
2025-11-21 08:07:20 | DEBUG    | main:461 | RJ: Generated 8 steps
2025-11-21 08:07:20 | DEBUG    | main:467 | RJ: generated text='B's answer.

B<end_of_turn>'
2025-11-21 08:07:20 | DEBUG    | main:473 | RJ step 0: token_id=236799, text='B'
2025-11-21 08:07:20 | DEBUG    | main:476 | RJ: Found A/B/T at step 0
2025-11-21 08:07:20 | DEBUG    | main:483 | RJ step 0: extracting probs from logits
2025-11-21 08:07:20 | DEBUG    | logits_to_prob_map:157 | logits_to_prob_map: input shape=torch.Size([262208]), dtype=torch.float32
2025-11-21 08:07:20 | DEBUG    | logits_to_prob_map:170 | Top-k extraction: k=50, top logprobs range=[-12.8193, -0.0068]
2025-11-21 08:07:20 | DEBUG    | logits_to_prob_map:180 | topk[0]: token_id=236799, text='B', logprob=-0.0068, prob=0.993197
2025-11-21 08:07:20 | DEBUG    | logits_to_prob_map:180 | topk[1]: token_id=236776, text='A', logprob=-5.2568, prob=0.005212
2025-11-21 08:07:20 | DEBUG    | logits_to_prob_map:180 | topk[2]: token_id=236789, text=''', logprob=-7.6318, prob=0.000485
2025-11-21 08:07:20 | DEBUG    | logits_to_prob_map:180 | topk[3]: token_id=35343, text='Bs', logprob=-8.6318, prob=0.000178
2025-11-21 08:07:20 | DEBUG    | logits_to_prob_map:180 | topk[4]: token_id=74314, text='Assistant', logprob=-8.6318, prob=0.000178
2025-11-21 08:07:20 | DEBUG    | logits_to_prob_map:180 | topk[5]: token_id=107, text='
', logprob=-9.6318, prob=0.000066
2025-11-21 08:07:20 | DEBUG    | logits_to_prob_map:180 | topk[6]: token_id=236763, text='b', logprob=-9.7568, prob=0.000058
2025-11-21 08:07:20 | DEBUG    | logits_to_prob_map:180 | topk[7]: token_id=111457, text='assistant', logprob=-10.3818, prob=0.000031
2025-11-21 08:07:20 | DEBUG    | logits_to_prob_map:180 | topk[8]: token_id=236769, text='(', logprob=-10.5693, prob=0.000026
2025-11-21 08:07:20 | DEBUG    | logits_to_prob_map:180 | topk[9]: token_id=236775, text='"', logprob=-10.6943, prob=0.000023
2025-11-21 08:07:20 | DEBUG    | only_abt_probs:198 | only_abt_probs result: {'A': 0.005211816239197863, 'B': 0.9931965992176729, 'T': 2.1299511905273342e-05}
2025-11-21 08:07:20 | DEBUG    | main:544 | Row 0 complete: JR={'A': 0.9219621304736911, 'B': 0.07567925908351089, 'T': 6.418981200223715e-06}, RJ={'A': 0.005211816239197863, 'B': 0.9931965992176729, 'T': 2.1299511905273342e-05}, combined_norm={'A': 0.9594610966443643, 'B': 0.04052501687438487, 'T': 1.3886481250885832e-05}
2025-11-21 08:07:20 | DEBUG    | main:393 | ========== Row 1 ==========
2025-11-21 08:07:20 | DEBUG    | main:394 | Built msgs_jr with 2 messages
2025-11-21 08:07:20 | DEBUG    | main:396 | msgs_jr[0] role=system content=You are an impartial and unbiased judge.
2025-11-21 08:07:20 | DEBUG    | main:396 | msgs_jr[1] role=user content=You will be given answers from two assistants (Assistant A and Assistant B) to a user prompt. Please act as an impartial judge and evaluate the quality of their answers. You must output only one of the following choices:
'A' if Assistant A's answer is better.
'T' if both answers are relatively the s...<truncated 14474 chars>
2025-11-21 08:07:20 | DEBUG    | main:410 | JR prompt (truncated): <bos><start_of_turn>user
You are an impartial and unbiased judge.

You will be given answers from two assistants (Assistant A and Assistant B) to a user prompt. Please act as an impartial judge and evaluate the quality of their answers. You must output only one of the following choices:
'A' if Assistant A's answer is better.
'T' if both answers are relatively the same in quality.
'B' if Assistant B's answer is better.
Do not think or reason. Just choose which answer you prefer: A or B or T.
Outp...<truncated 14689 chars>
2025-11-21 08:07:20 | DEBUG    | main:440 | JR prompt length: 9170
2025-11-21 08:07:37 | DEBUG    | main:461 | JR: Generated 8 steps
2025-11-21 08:07:37 | DEBUG    | main:467 | JR: generated text='B's answer.

B<end_of_turn>'
2025-11-21 08:07:37 | DEBUG    | main:473 | JR step 0: token_id=236799, text='B'
2025-11-21 08:07:37 | DEBUG    | main:476 | JR: Found A/B/T at step 0
2025-11-21 08:07:37 | DEBUG    | main:483 | JR step 0: extracting probs from logits
2025-11-21 08:07:37 | DEBUG    | logits_to_prob_map:157 | logits_to_prob_map: input shape=torch.Size([262208]), dtype=torch.float32
2025-11-21 08:07:37 | DEBUG    | logits_to_prob_map:170 | Top-k extraction: k=50, top logprobs range=[-14.9431, -0.0056]
2025-11-21 08:07:37 | DEBUG    | logits_to_prob_map:180 | topk[0]: token_id=236799, text='B', logprob=-0.0056, prob=0.994449
2025-11-21 08:07:37 | DEBUG    | logits_to_prob_map:180 | topk[1]: token_id=236776, text='A', logprob=-5.2556, prob=0.005218
2025-11-21 08:07:37 | DEBUG    | logits_to_prob_map:180 | topk[2]: token_id=236789, text=''', logprob=-9.1306, prob=0.000108
2025-11-21 08:07:37 | DEBUG    | logits_to_prob_map:180 | topk[3]: token_id=74314, text='Assistant', logprob=-10.0056, prob=0.000045
2025-11-21 08:07:37 | DEBUG    | logits_to_prob_map:180 | topk[4]: token_id=35343, text='Bs', logprob=-10.1306, prob=0.000040
2025-11-21 08:07:37 | DEBUG    | logits_to_prob_map:180 | topk[5]: token_id=107, text='
', logprob=-10.8806, prob=0.000019
2025-11-21 08:07:37 | DEBUG    | logits_to_prob_map:180 | topk[6]: token_id=236763, text='b', logprob=-10.8806, prob=0.000019
2025-11-21 08:07:37 | DEBUG    | logits_to_prob_map:180 | topk[7]: token_id=111457, text='assistant', logprob=-11.6306, prob=0.000009
2025-11-21 08:07:37 | DEBUG    | logits_to_prob_map:180 | topk[8]: token_id=236774, text='T', logprob=-11.6306, prob=0.000009
2025-11-21 08:07:37 | DEBUG    | logits_to_prob_map:180 | topk[9]: token_id=236775, text='"', logprob=-11.8806, prob=0.000007
2025-11-21 08:07:37 | DEBUG    | only_abt_probs:198 | only_abt_probs result: {'A': 0.005218388730864451, 'B': 0.9944486566446157, 'T': 8.890150344093748e-06}
2025-11-21 08:07:37 | DEBUG    | main:410 | RJ prompt (truncated): <bos><start_of_turn>user
You are an impartial and unbiased judge.

You will be given answers from two assistants (Assistant A and Assistant B) to a user prompt. Please act as an impartial judge and evaluate the quality of their answers. You must output only one of the following choices:
'A' if Assistant A's answer is better.
'T' if both answers are relatively the same in quality.
'B' if Assistant B's answer is better.
Do not think or reason. Just choose which answer you prefer: A or B or T.
Outp...<truncated 14689 chars>
2025-11-21 08:07:37 | DEBUG    | main:440 | RJ prompt length: 9170
2025-11-21 08:07:55 | DEBUG    | main:461 | RJ: Generated 8 steps
2025-11-21 08:07:55 | DEBUG    | main:467 | RJ: generated text='A's answer.

A<end_of_turn>'
2025-11-21 08:07:55 | DEBUG    | main:473 | RJ step 0: token_id=236776, text='A'
2025-11-21 08:07:55 | DEBUG    | main:476 | RJ: Found A/B/T at step 0
2025-11-21 08:07:55 | DEBUG    | main:483 | RJ step 0: extracting probs from logits
2025-11-21 08:07:55 | DEBUG    | logits_to_prob_map:157 | logits_to_prob_map: input shape=torch.Size([262208]), dtype=torch.float32
2025-11-21 08:07:55 | DEBUG    | logits_to_prob_map:170 | Top-k extraction: k=50, top logprobs range=[-15.2215, -0.0340]
2025-11-21 08:07:55 | DEBUG    | logits_to_prob_map:180 | topk[0]: token_id=236776, text='A', logprob=-0.0340, prob=0.966606
2025-11-21 08:07:55 | DEBUG    | logits_to_prob_map:180 | topk[1]: token_id=236799, text='B', logprob=-3.4090, prob=0.033075
2025-11-21 08:07:55 | DEBUG    | logits_to_prob_map:180 | topk[2]: token_id=236789, text=''', logprob=-9.2840, prob=0.000093
2025-11-21 08:07:55 | DEBUG    | logits_to_prob_map:180 | topk[3]: token_id=107, text='
', logprob=-9.6590, prob=0.000064
2025-11-21 08:07:55 | DEBUG    | logits_to_prob_map:180 | topk[4]: token_id=236774, text='T', logprob=-10.1590, prob=0.000039
2025-11-21 08:07:55 | DEBUG    | logits_to_prob_map:180 | topk[5]: token_id=2205, text='As', logprob=-10.6590, prob=0.000023
2025-11-21 08:07:55 | DEBUG    | logits_to_prob_map:180 | topk[6]: token_id=1018, text='**', logprob=-11.0340, prob=0.000016
2025-11-21 08:07:55 | DEBUG    | logits_to_prob_map:180 | topk[7]: token_id=236746, text='a', logprob=-11.5340, prob=0.000010
2025-11-21 08:07:55 | DEBUG    | logits_to_prob_map:180 | topk[8]: token_id=108, text='

', logprob=-11.7840, prob=0.000008
2025-11-21 08:07:55 | DEBUG    | logits_to_prob_map:180 | topk[9]: token_id=236769, text='(', logprob=-12.0340, prob=0.000006
2025-11-21 08:07:55 | DEBUG    | only_abt_probs:198 | only_abt_probs result: {'A': 0.9666063336251708, 'B': 0.033075451486595346, 'T': 3.872736286079772e-05}
2025-11-21 08:07:55 | DEBUG    | main:544 | Row 1 complete: JR={'A': 0.005218388730864451, 'B': 0.9944486566446157, 'T': 8.890150344093748e-06}, RJ={'A': 0.9666063336251708, 'B': 0.033075451486595346, 'T': 3.872736286079772e-05}, combined_norm={'A': 0.01915269993390083, 'B': 0.9808234841224165, 'T': 2.381594368266114e-05}
2025-11-21 08:07:55 | DEBUG    | main:393 | ========== Row 2 ==========
2025-11-21 08:07:55 | DEBUG    | main:394 | Built msgs_jr with 2 messages
2025-11-21 08:07:55 | DEBUG    | main:396 | msgs_jr[0] role=system content=You are an impartial and unbiased judge.
2025-11-21 08:07:55 | DEBUG    | main:396 | msgs_jr[1] role=user content=You will be given answers from two assistants (Assistant A and Assistant B) to a user prompt. Please act as an impartial judge and evaluate the quality of their answers. You must output only one of the following choices:
'A' if Assistant A's answer is better.
'T' if both answers are relatively the s...<truncated 7342 chars>
2025-11-21 08:07:55 | DEBUG    | main:410 | JR prompt (truncated): <bos><start_of_turn>user
You are an impartial and unbiased judge.

You will be given answers from two assistants (Assistant A and Assistant B) to a user prompt. Please act as an impartial judge and evaluate the quality of their answers. You must output only one of the following choices:
'A' if Assistant A's answer is better.
'T' if both answers are relatively the same in quality.
'B' if Assistant B's answer is better.
Do not think or reason. Just choose which answer you prefer: A or B or T.
Outp...<truncated 7557 chars>
2025-11-21 08:07:55 | DEBUG    | main:440 | JR prompt length: 2948
2025-11-21 08:07:59 | DEBUG    | main:461 | JR: Generated 8 steps
2025-11-21 08:07:59 | DEBUG    | main:467 | JR: generated text='B's answer.

B<end_of_turn>'
2025-11-21 08:07:59 | DEBUG    | main:473 | JR step 0: token_id=236799, text='B'
2025-11-21 08:07:59 | DEBUG    | main:476 | JR: Found A/B/T at step 0
2025-11-21 08:07:59 | DEBUG    | main:483 | JR step 0: extracting probs from logits
2025-11-21 08:07:59 | DEBUG    | logits_to_prob_map:157 | logits_to_prob_map: input shape=torch.Size([262208]), dtype=torch.float32
2025-11-21 08:07:59 | DEBUG    | logits_to_prob_map:170 | Top-k extraction: k=50, top logprobs range=[-14.8006, -0.1131]
2025-11-21 08:07:59 | DEBUG    | logits_to_prob_map:180 | topk[0]: token_id=236799, text='B', logprob=-0.1131, prob=0.893082
2025-11-21 08:07:59 | DEBUG    | logits_to_prob_map:180 | topk[1]: token_id=236776, text='A', logprob=-2.2381, prob=0.106663
2025-11-21 08:07:59 | DEBUG    | logits_to_prob_map:180 | topk[2]: token_id=236789, text=''', logprob=-9.3631, prob=0.000086
2025-11-21 08:07:59 | DEBUG    | logits_to_prob_map:180 | topk[3]: token_id=236763, text='b', logprob=-10.7381, prob=0.000022
2025-11-21 08:07:59 | DEBUG    | logits_to_prob_map:180 | topk[4]: token_id=107, text='
', logprob=-10.7381, prob=0.000022
2025-11-21 08:07:59 | DEBUG    | logits_to_prob_map:180 | topk[5]: token_id=22186, text='Both', logprob=-11.3631, prob=0.000012
2025-11-21 08:07:59 | DEBUG    | logits_to_prob_map:180 | topk[6]: token_id=2205, text='As', logprob=-11.6131, prob=0.000009
2025-11-21 08:07:59 | DEBUG    | logits_to_prob_map:180 | topk[7]: token_id=236769, text='(', logprob=-11.7381, prob=0.000008
2025-11-21 08:07:59 | DEBUG    | logits_to_prob_map:180 | topk[8]: token_id=74314, text='Assistant', logprob=-11.8631, prob=0.000007
2025-11-21 08:07:59 | DEBUG    | logits_to_prob_map:180 | topk[9]: token_id=7925, text='Answer', logprob=-11.9881, prob=0.000006
2025-11-21 08:07:59 | DEBUG    | only_abt_probs:198 | only_abt_probs result: {'A': 0.10666340358699851, 'B': 0.8930816641209579, 'T': 4.842511031077307e-06}
2025-11-21 08:07:59 | DEBUG    | main:410 | RJ prompt (truncated): <bos><start_of_turn>user
You are an impartial and unbiased judge.

You will be given answers from two assistants (Assistant A and Assistant B) to a user prompt. Please act as an impartial judge and evaluate the quality of their answers. You must output only one of the following choices:
'A' if Assistant A's answer is better.
'T' if both answers are relatively the same in quality.
'B' if Assistant B's answer is better.
Do not think or reason. Just choose which answer you prefer: A or B or T.
Outp...<truncated 7557 chars>
2025-11-21 08:07:59 | DEBUG    | main:440 | RJ prompt length: 2948
2025-11-21 08:08:03 | DEBUG    | main:461 | RJ: Generated 8 steps
2025-11-21 08:08:03 | DEBUG    | main:467 | RJ: generated text='B's answer.

B<end_of_turn>'
2025-11-21 08:08:03 | DEBUG    | main:473 | RJ step 0: token_id=236799, text='B'
2025-11-21 08:08:03 | DEBUG    | main:476 | RJ: Found A/B/T at step 0
2025-11-21 08:08:03 | DEBUG    | main:483 | RJ step 0: extracting probs from logits
2025-11-21 08:08:03 | DEBUG    | logits_to_prob_map:157 | logits_to_prob_map: input shape=torch.Size([262208]), dtype=torch.float32
2025-11-21 08:08:03 | DEBUG    | logits_to_prob_map:170 | Top-k extraction: k=50, top logprobs range=[-14.8505, -0.1005]
2025-11-21 08:08:03 | DEBUG    | logits_to_prob_map:180 | topk[0]: token_id=236799, text='B', logprob=-0.1005, prob=0.904381
2025-11-21 08:08:03 | DEBUG    | logits_to_prob_map:180 | topk[1]: token_id=236776, text='A', logprob=-2.3505, prob=0.095321
2025-11-21 08:08:03 | DEBUG    | logits_to_prob_map:180 | topk[2]: token_id=236789, text=''', logprob=-9.1005, prob=0.000112
2025-11-21 08:08:03 | DEBUG    | logits_to_prob_map:180 | topk[3]: token_id=236763, text='b', logprob=-10.7255, prob=0.000022
2025-11-21 08:08:03 | DEBUG    | logits_to_prob_map:180 | topk[4]: token_id=2205, text='As', logprob=-11.1005, prob=0.000015
2025-11-21 08:08:03 | DEBUG    | logits_to_prob_map:180 | topk[5]: token_id=35343, text='Bs', logprob=-11.1005, prob=0.000015
2025-11-21 08:08:03 | DEBUG    | logits_to_prob_map:180 | topk[6]: token_id=22186, text='Both', logprob=-11.2255, prob=0.000013
2025-11-21 08:08:03 | DEBUG    | logits_to_prob_map:180 | topk[7]: token_id=107, text='
', logprob=-11.2255, prob=0.000013
2025-11-21 08:08:03 | DEBUG    | logits_to_prob_map:180 | topk[8]: token_id=236774, text='T', logprob=-11.4755, prob=0.000010
2025-11-21 08:08:03 | DEBUG    | logits_to_prob_map:180 | topk[9]: token_id=1018, text='**', logprob=-11.6005, prob=0.000009
2025-11-21 08:08:03 | DEBUG    | only_abt_probs:198 | only_abt_probs result: {'A': 0.09532104757132383, 'B': 0.9043809392161739, 'T': 1.0381295557195116e-05}
2025-11-21 08:08:03 | DEBUG    | main:544 | Row 2 complete: JR={'A': 0.10666340358699851, 'B': 0.8930816641209579, 'T': 4.842511031077307e-06}, RJ={'A': 0.09532104757132383, 'B': 0.9043809392161739, 'T': 1.0381295557195116e-05}, combined_norm={'A': 0.5056581230738488, 'B': 0.4943342629757639, 'T': 7.613950387301424e-06}
2025-11-21 08:08:03 | DEBUG    | main:393 | ========== Row 3 ==========
2025-11-21 08:08:03 | DEBUG    | main:394 | Built msgs_jr with 2 messages
2025-11-21 08:08:03 | DEBUG    | main:396 | msgs_jr[0] role=system content=You are an impartial and unbiased judge.
2025-11-21 08:08:03 | DEBUG    | main:396 | msgs_jr[1] role=user content=You will be given answers from two assistants (Assistant A and Assistant B) to a user prompt. Please act as an impartial judge and evaluate the quality of their answers. You must output only one of the following choices:
'A' if Assistant A's answer is better.
'T' if both answers are relatively the s...<truncated 4406 chars>
2025-11-21 08:08:03 | DEBUG    | main:410 | JR prompt (truncated): <bos><start_of_turn>user
You are an impartial and unbiased judge.

You will be given answers from two assistants (Assistant A and Assistant B) to a user prompt. Please act as an impartial judge and evaluate the quality of their answers. You must output only one of the following choices:
'A' if Assistant A's answer is better.
'T' if both answers are relatively the same in quality.
'B' if Assistant B's answer is better.
Do not think or reason. Just choose which answer you prefer: A or B or T.
Outp...<truncated 4621 chars>
2025-11-21 08:08:03 | DEBUG    | main:440 | JR prompt length: 1590
2025-11-21 08:08:06 | DEBUG    | main:461 | JR: Generated 8 steps
2025-11-21 08:08:06 | DEBUG    | main:467 | JR: generated text='A's answer.

A<end_of_turn>'
2025-11-21 08:08:06 | DEBUG    | main:473 | JR step 0: token_id=236776, text='A'
2025-11-21 08:08:06 | DEBUG    | main:476 | JR: Found A/B/T at step 0
2025-11-21 08:08:06 | DEBUG    | main:483 | JR step 0: extracting probs from logits
2025-11-21 08:08:06 | DEBUG    | logits_to_prob_map:157 | logits_to_prob_map: input shape=torch.Size([262208]), dtype=torch.float32
2025-11-21 08:08:06 | DEBUG    | logits_to_prob_map:170 | Top-k extraction: k=50, top logprobs range=[-15.3507, -0.2257]
2025-11-21 08:08:06 | DEBUG    | logits_to_prob_map:180 | topk[0]: token_id=236776, text='A', logprob=-0.2257, prob=0.797964
2025-11-21 08:08:06 | DEBUG    | logits_to_prob_map:180 | topk[1]: token_id=236799, text='B', logprob=-1.6007, prob=0.201757
2025-11-21 08:08:06 | DEBUG    | logits_to_prob_map:180 | topk[2]: token_id=236789, text=''', logprob=-9.2257, prob=0.000098
2025-11-21 08:08:06 | DEBUG    | logits_to_prob_map:180 | topk[3]: token_id=107, text='
', logprob=-9.6007, prob=0.000068
2025-11-21 08:08:06 | DEBUG    | logits_to_prob_map:180 | topk[4]: token_id=2205, text='As', logprob=-10.6007, prob=0.000025
2025-11-21 08:08:06 | DEBUG    | logits_to_prob_map:180 | topk[5]: token_id=236769, text='(', logprob=-11.7257, prob=0.000008
2025-11-21 08:08:06 | DEBUG    | logits_to_prob_map:180 | topk[6]: token_id=35343, text='Bs', logprob=-11.8507, prob=0.000007
2025-11-21 08:08:06 | DEBUG    | logits_to_prob_map:180 | topk[7]: token_id=236746, text='a', logprob=-11.8507, prob=0.000007
2025-11-21 08:08:06 | DEBUG    | logits_to_prob_map:180 | topk[8]: token_id=22186, text='Both', logprob=-11.9757, prob=0.000006
2025-11-21 08:08:06 | DEBUG    | logits_to_prob_map:180 | topk[9]: token_id=236763, text='b', logprob=-12.1007, prob=0.000006
2025-11-21 08:08:06 | DEBUG    | only_abt_probs:198 | only_abt_probs result: {'A': 0.7979644875006012, 'B': 0.20175701547977984, 'T': 4.902864941960878e-06}
2025-11-21 08:08:06 | DEBUG    | main:410 | RJ prompt (truncated): <bos><start_of_turn>user
You are an impartial and unbiased judge.

You will be given answers from two assistants (Assistant A and Assistant B) to a user prompt. Please act as an impartial judge and evaluate the quality of their answers. You must output only one of the following choices:
'A' if Assistant A's answer is better.
'T' if both answers are relatively the same in quality.
'B' if Assistant B's answer is better.
Do not think or reason. Just choose which answer you prefer: A or B or T.
Outp...<truncated 4621 chars>
2025-11-21 08:08:06 | DEBUG    | main:440 | RJ prompt length: 1590
2025-11-21 08:08:08 | DEBUG    | main:461 | RJ: Generated 8 steps
2025-11-21 08:08:08 | DEBUG    | main:467 | RJ: generated text='B's answer.

B<end_of_turn>'
2025-11-21 08:08:08 | DEBUG    | main:473 | RJ step 0: token_id=236799, text='B'
2025-11-21 08:08:08 | DEBUG    | main:476 | RJ: Found A/B/T at step 0
2025-11-21 08:08:08 | DEBUG    | main:483 | RJ step 0: extracting probs from logits
2025-11-21 08:08:08 | DEBUG    | logits_to_prob_map:157 | logits_to_prob_map: input shape=torch.Size([262208]), dtype=torch.float32
2025-11-21 08:08:08 | DEBUG    | logits_to_prob_map:170 | Top-k extraction: k=50, top logprobs range=[-15.5725, -0.0100]
2025-11-21 08:08:08 | DEBUG    | logits_to_prob_map:180 | topk[0]: token_id=236799, text='B', logprob=-0.0100, prob=0.990090
2025-11-21 08:08:08 | DEBUG    | logits_to_prob_map:180 | topk[1]: token_id=236776, text='A', logprob=-4.6350, prob=0.009707
2025-11-21 08:08:08 | DEBUG    | logits_to_prob_map:180 | topk[2]: token_id=236789, text=''', logprob=-9.6350, prob=0.000065
2025-11-21 08:08:08 | DEBUG    | logits_to_prob_map:180 | topk[3]: token_id=35343, text='Bs', logprob=-10.5100, prob=0.000027
2025-11-21 08:08:08 | DEBUG    | logits_to_prob_map:180 | topk[4]: token_id=236774, text='T', logprob=-10.7600, prob=0.000021
2025-11-21 08:08:08 | DEBUG    | logits_to_prob_map:180 | topk[5]: token_id=107, text='
', logprob=-10.8850, prob=0.000019
2025-11-21 08:08:08 | DEBUG    | logits_to_prob_map:180 | topk[6]: token_id=236763, text='b', logprob=-11.2600, prob=0.000013
2025-11-21 08:08:08 | DEBUG    | logits_to_prob_map:180 | topk[7]: token_id=1018, text='**', logprob=-12.1350, prob=0.000005
2025-11-21 08:08:08 | DEBUG    | logits_to_prob_map:180 | topk[8]: token_id=22186, text='Both', logprob=-12.1350, prob=0.000005
2025-11-21 08:08:08 | DEBUG    | logits_to_prob_map:180 | topk[9]: token_id=2205, text='As', logprob=-12.5100, prob=0.000004
2025-11-21 08:08:08 | DEBUG    | only_abt_probs:198 | only_abt_probs result: {'A': 0.009706502852863199, 'B': 0.990090137848089, 'T': 2.1232888779255084e-05}
2025-11-21 08:08:08 | DEBUG    | main:544 | Row 3 complete: JR={'A': 0.7979644875006012, 'B': 0.20175701547977984, 'T': 4.902864941960878e-06}, RJ={'A': 0.009706502852863199, 'B': 0.990090137848089, 'T': 2.1232888779255084e-05}, combined_norm={'A': 0.8942310724191025, 'B': 0.1057558567257082, 'T': 1.307085518936359e-05}
2025-11-21 08:08:08 | DEBUG    | main:393 | ========== Row 4 ==========
2025-11-21 08:08:08 | DEBUG    | main:394 | Built msgs_jr with 2 messages
2025-11-21 08:08:08 | DEBUG    | main:396 | msgs_jr[0] role=system content=You are an impartial and unbiased judge.
2025-11-21 08:08:08 | DEBUG    | main:396 | msgs_jr[1] role=user content=You will be given answers from two assistants (Assistant A and Assistant B) to a user prompt. Please act as an impartial judge and evaluate the quality of their answers. You must output only one of the following choices:
'A' if Assistant A's answer is better.
'T' if both answers are relatively the s...<truncated 3627 chars>
2025-11-21 08:08:08 | DEBUG    | main:410 | JR prompt (truncated): <bos><start_of_turn>user
You are an impartial and unbiased judge.

You will be given answers from two assistants (Assistant A and Assistant B) to a user prompt. Please act as an impartial judge and evaluate the quality of their answers. You must output only one of the following choices:
'A' if Assistant A's answer is better.
'T' if both answers are relatively the same in quality.
'B' if Assistant B's answer is better.
Do not think or reason. Just choose which answer you prefer: A or B or T.
Outp...<truncated 3842 chars>
2025-11-21 08:08:08 | DEBUG    | main:440 | JR prompt length: 1216
2025-11-21 08:08:10 | DEBUG    | main:461 | JR: Generated 8 steps
2025-11-21 08:08:10 | DEBUG    | main:467 | JR: generated text='B's answer.

B<end_of_turn>'
2025-11-21 08:08:10 | DEBUG    | main:473 | JR step 0: token_id=236799, text='B'
2025-11-21 08:08:10 | DEBUG    | main:476 | JR: Found A/B/T at step 0
2025-11-21 08:08:10 | DEBUG    | main:483 | JR step 0: extracting probs from logits
2025-11-21 08:08:10 | DEBUG    | logits_to_prob_map:157 | logits_to_prob_map: input shape=torch.Size([262208]), dtype=torch.float32
2025-11-21 08:08:10 | DEBUG    | logits_to_prob_map:170 | Top-k extraction: k=50, top logprobs range=[-16.9103, -0.1603]
2025-11-21 08:08:10 | DEBUG    | logits_to_prob_map:180 | topk[0]: token_id=236799, text='B', logprob=-0.1603, prob=0.851904
2025-11-21 08:08:10 | DEBUG    | logits_to_prob_map:180 | topk[1]: token_id=236776, text='A', logprob=-1.9103, prob=0.148039
2025-11-21 08:08:10 | DEBUG    | logits_to_prob_map:180 | topk[2]: token_id=236789, text=''', logprob=-10.6603, prob=0.000023
2025-11-21 08:08:10 | DEBUG    | logits_to_prob_map:180 | topk[3]: token_id=107, text='
', logprob=-12.0353, prob=0.000006
2025-11-21 08:08:10 | DEBUG    | logits_to_prob_map:180 | topk[4]: token_id=2205, text='As', logprob=-12.2853, prob=0.000005
2025-11-21 08:08:10 | DEBUG    | logits_to_prob_map:180 | topk[5]: token_id=236763, text='b', logprob=-12.4103, prob=0.000004
2025-11-21 08:08:10 | DEBUG    | logits_to_prob_map:180 | topk[6]: token_id=35343, text='Bs', logprob=-12.4103, prob=0.000004
2025-11-21 08:08:10 | DEBUG    | logits_to_prob_map:180 | topk[7]: token_id=22186, text='Both', logprob=-13.1603, prob=0.000002
2025-11-21 08:08:10 | DEBUG    | logits_to_prob_map:180 | topk[8]: token_id=236769, text='(', logprob=-13.5353, prob=0.000001
2025-11-21 08:08:10 | DEBUG    | logits_to_prob_map:180 | topk[9]: token_id=236795, text='$', logprob=-13.6603, prob=0.000001
2025-11-21 08:08:10 | DEBUG    | only_abt_probs:198 | only_abt_probs result: {'A': 0.14803873736029893, 'B': 0.8519041395548071, 'T': 6.251456456390861e-07}
2025-11-21 08:08:10 | DEBUG    | main:410 | RJ prompt (truncated): <bos><start_of_turn>user
You are an impartial and unbiased judge.

You will be given answers from two assistants (Assistant A and Assistant B) to a user prompt. Please act as an impartial judge and evaluate the quality of their answers. You must output only one of the following choices:
'A' if Assistant A's answer is better.
'T' if both answers are relatively the same in quality.
'B' if Assistant B's answer is better.
Do not think or reason. Just choose which answer you prefer: A or B or T.
Outp...<truncated 3842 chars>
2025-11-21 08:08:10 | DEBUG    | main:440 | RJ prompt length: 1216
2025-11-21 08:08:12 | DEBUG    | main:461 | RJ: Generated 8 steps
2025-11-21 08:08:12 | DEBUG    | main:467 | RJ: generated text='B's answer.

B<end_of_turn>'
2025-11-21 08:08:12 | DEBUG    | main:473 | RJ step 0: token_id=236799, text='B'
2025-11-21 08:08:12 | DEBUG    | main:476 | RJ: Found A/B/T at step 0
2025-11-21 08:08:12 | DEBUG    | main:483 | RJ step 0: extracting probs from logits
2025-11-21 08:08:12 | DEBUG    | logits_to_prob_map:157 | logits_to_prob_map: input shape=torch.Size([262208]), dtype=torch.float32
2025-11-21 08:08:12 | DEBUG    | logits_to_prob_map:170 | Top-k extraction: k=50, top logprobs range=[-16.6415, -0.0790]
2025-11-21 08:08:12 | DEBUG    | logits_to_prob_map:180 | topk[0]: token_id=236799, text='B', logprob=-0.0790, prob=0.924080
2025-11-21 08:08:12 | DEBUG    | logits_to_prob_map:180 | topk[1]: token_id=236776, text='A', logprob=-2.5790, prob=0.075853
2025-11-21 08:08:12 | DEBUG    | logits_to_prob_map:180 | topk[2]: token_id=236789, text=''', logprob=-10.7040, prob=0.000022
2025-11-21 08:08:12 | DEBUG    | logits_to_prob_map:180 | topk[3]: token_id=107, text='
', logprob=-11.7040, prob=0.000008
2025-11-21 08:08:12 | DEBUG    | logits_to_prob_map:180 | topk[4]: token_id=236763, text='b', logprob=-11.9540, prob=0.000006
2025-11-21 08:08:12 | DEBUG    | logits_to_prob_map:180 | topk[5]: token_id=35343, text='Bs', logprob=-12.4540, prob=0.000004
2025-11-21 08:08:12 | DEBUG    | logits_to_prob_map:180 | topk[6]: token_id=236774, text='T', logprob=-12.4540, prob=0.000004
2025-11-21 08:08:12 | DEBUG    | logits_to_prob_map:180 | topk[7]: token_id=22186, text='Both', logprob=-12.4540, prob=0.000004
2025-11-21 08:08:12 | DEBUG    | logits_to_prob_map:180 | topk[8]: token_id=2205, text='As', logprob=-12.7040, prob=0.000003
2025-11-21 08:08:12 | DEBUG    | logits_to_prob_map:180 | topk[9]: token_id=1018, text='**', logprob=-13.4540, prob=0.000001
2025-11-21 08:08:12 | DEBUG    | only_abt_probs:198 | only_abt_probs result: {'A': 0.07585310757623985, 'B': 0.9240799147892161, 'T': 3.902252513455575e-06}
2025-11-21 08:08:12 | DEBUG    | main:544 | Row 4 complete: JR={'A': 0.14803873736029893, 'B': 0.8519041395548071, 'T': 6.251456456390861e-07}, RJ={'A': 0.07585310757623985, 'B': 0.9240799147892161, 'T': 3.902252513455575e-06}, combined_norm={'A': 0.5360913771879972, 'B': 0.4639063589775762, 'T': 2.2638344266479404e-06}
2025-11-21 08:08:12 | DEBUG    | main:393 | ========== Row 5 ==========
2025-11-21 08:08:12 | DEBUG    | main:394 | Built msgs_jr with 2 messages
2025-11-21 08:08:12 | DEBUG    | main:396 | msgs_jr[0] role=system content=You are an impartial and unbiased judge.
2025-11-21 08:08:12 | DEBUG    | main:396 | msgs_jr[1] role=user content=You will be given answers from two assistants (Assistant A and Assistant B) to a user prompt. Please act as an impartial judge and evaluate the quality of their answers. You must output only one of the following choices:
'A' if Assistant A's answer is better.
'T' if both answers are relatively the s...<truncated 8974 chars>
2025-11-21 08:08:12 | DEBUG    | main:410 | JR prompt (truncated): <bos><start_of_turn>user
You are an impartial and unbiased judge.

You will be given answers from two assistants (Assistant A and Assistant B) to a user prompt. Please act as an impartial judge and evaluate the quality of their answers. You must output only one of the following choices:
'A' if Assistant A's answer is better.
'T' if both answers are relatively the same in quality.
'B' if Assistant B's answer is better.
Do not think or reason. Just choose which answer you prefer: A or B or T.
Outp...<truncated 9189 chars>
2025-11-21 08:08:12 | DEBUG    | main:440 | JR prompt length: 3832
2025-11-21 08:08:18 | DEBUG    | main:461 | JR: Generated 8 steps
2025-11-21 08:08:18 | DEBUG    | main:467 | JR: generated text='B's answer.

B<end_of_turn>'
2025-11-21 08:08:18 | DEBUG    | main:473 | JR step 0: token_id=236799, text='B'
2025-11-21 08:08:18 | DEBUG    | main:476 | JR: Found A/B/T at step 0
2025-11-21 08:08:18 | DEBUG    | main:483 | JR step 0: extracting probs from logits
2025-11-21 08:08:18 | DEBUG    | logits_to_prob_map:157 | logits_to_prob_map: input shape=torch.Size([262208]), dtype=torch.float32
2025-11-21 08:08:18 | DEBUG    | logits_to_prob_map:170 | Top-k extraction: k=50, top logprobs range=[-15.3358, -0.5233]
2025-11-21 08:08:18 | DEBUG    | logits_to_prob_map:180 | topk[0]: token_id=236799, text='B', logprob=-0.5233, prob=0.592544
2025-11-21 08:08:18 | DEBUG    | logits_to_prob_map:180 | topk[1]: token_id=236776, text='A', logprob=-0.8983, prob=0.407249
2025-11-21 08:08:18 | DEBUG    | logits_to_prob_map:180 | topk[2]: token_id=236789, text=''', logprob=-9.3983, prob=0.000083
2025-11-21 08:08:18 | DEBUG    | logits_to_prob_map:180 | topk[3]: token_id=107, text='
', logprob=-10.8983, prob=0.000018
2025-11-21 08:08:18 | DEBUG    | logits_to_prob_map:180 | topk[4]: token_id=236763, text='b', logprob=-11.1483, prob=0.000014
2025-11-21 08:08:18 | DEBUG    | logits_to_prob_map:180 | topk[5]: token_id=236746, text='a', logprob=-11.2733, prob=0.000013
2025-11-21 08:08:18 | DEBUG    | logits_to_prob_map:180 | topk[6]: token_id=2205, text='As', logprob=-11.3983, prob=0.000011
2025-11-21 08:08:18 | DEBUG    | logits_to_prob_map:180 | topk[7]: token_id=236775, text='"', logprob=-11.7733, prob=0.000008
2025-11-21 08:08:18 | DEBUG    | logits_to_prob_map:180 | topk[8]: token_id=236769, text='(', logprob=-11.8983, prob=0.000007
2025-11-21 08:08:18 | DEBUG    | logits_to_prob_map:180 | topk[9]: token_id=35343, text='Bs', logprob=-12.1483, prob=0.000005
2025-11-21 08:08:18 | DEBUG    | only_abt_probs:198 | only_abt_probs result: {'A': 0.40724886939987404, 'B': 0.5925436085897858, 'T': 2.2082047817845755e-06}
2025-11-21 08:08:18 | DEBUG    | main:410 | RJ prompt (truncated): <bos><start_of_turn>user
You are an impartial and unbiased judge.

You will be given answers from two assistants (Assistant A and Assistant B) to a user prompt. Please act as an impartial judge and evaluate the quality of their answers. You must output only one of the following choices:
'A' if Assistant A's answer is better.
'T' if both answers are relatively the same in quality.
'B' if Assistant B's answer is better.
Do not think or reason. Just choose which answer you prefer: A or B or T.
Outp...<truncated 9189 chars>
2025-11-21 08:08:18 | DEBUG    | main:440 | RJ prompt length: 3832
2025-11-21 08:08:23 | DEBUG    | main:461 | RJ: Generated 8 steps
2025-11-21 08:08:23 | DEBUG    | main:467 | RJ: generated text='B's answer.

B<end_of_turn>'
2025-11-21 08:08:23 | DEBUG    | main:473 | RJ step 0: token_id=236799, text='B'
2025-11-21 08:08:23 | DEBUG    | main:476 | RJ: Found A/B/T at step 0
2025-11-21 08:08:23 | DEBUG    | main:483 | RJ step 0: extracting probs from logits
2025-11-21 08:08:23 | DEBUG    | logits_to_prob_map:157 | logits_to_prob_map: input shape=torch.Size([262208]), dtype=torch.float32
2025-11-21 08:08:23 | DEBUG    | logits_to_prob_map:170 | Top-k extraction: k=50, top logprobs range=[-15.4453, -0.0078]
2025-11-21 08:08:23 | DEBUG    | logits_to_prob_map:180 | topk[0]: token_id=236799, text='B', logprob=-0.0078, prob=0.992231
2025-11-21 08:08:23 | DEBUG    | logits_to_prob_map:180 | topk[1]: token_id=236776, text='A', logprob=-4.8828, prob=0.007576
2025-11-21 08:08:23 | DEBUG    | logits_to_prob_map:180 | topk[2]: token_id=236789, text=''', logprob=-9.5078, prob=0.000074
2025-11-21 08:08:23 | DEBUG    | logits_to_prob_map:180 | topk[3]: token_id=35343, text='Bs', logprob=-10.7578, prob=0.000021
2025-11-21 08:08:23 | DEBUG    | logits_to_prob_map:180 | topk[4]: token_id=236763, text='b', logprob=-11.0078, prob=0.000017
2025-11-21 08:08:23 | DEBUG    | logits_to_prob_map:180 | topk[5]: token_id=107, text='
', logprob=-11.3828, prob=0.000011
2025-11-21 08:08:23 | DEBUG    | logits_to_prob_map:180 | topk[6]: token_id=236774, text='T', logprob=-11.7578, prob=0.000008
2025-11-21 08:08:23 | DEBUG    | logits_to_prob_map:180 | topk[7]: token_id=236775, text='"', logprob=-11.8828, prob=0.000007
2025-11-21 08:08:23 | DEBUG    | logits_to_prob_map:180 | topk[8]: token_id=74314, text='Assistant', logprob=-12.6328, prob=0.000003
2025-11-21 08:08:23 | DEBUG    | logits_to_prob_map:180 | topk[9]: token_id=7925, text='Answer', logprob=-12.7578, prob=0.000003
2025-11-21 08:08:23 | DEBUG    | only_abt_probs:198 | only_abt_probs result: {'A': 0.007575774978729401, 'B': 0.9922308093218724, 'T': 7.828034129143602e-06}
2025-11-21 08:08:23 | DEBUG    | main:544 | Row 5 complete: JR={'A': 0.40724886939987404, 'B': 0.5925436085897858, 'T': 2.2082047817845755e-06}, RJ={'A': 0.007575774978729401, 'B': 0.9922308093218724, 'T': 7.828034129143602e-06}, combined_norm={'A': 0.6998766307630547, 'B': 0.300118350136503, 'T': 5.01910044233666e-06}
2025-11-21 08:08:23 | DEBUG    | main:393 | ========== Row 6 ==========
2025-11-21 08:08:23 | DEBUG    | main:394 | Built msgs_jr with 2 messages
2025-11-21 08:08:23 | DEBUG    | main:396 | msgs_jr[0] role=system content=You are an impartial and unbiased judge.
2025-11-21 08:08:23 | DEBUG    | main:396 | msgs_jr[1] role=user content=You will be given answers from two assistants (Assistant A and Assistant B) to a user prompt. Please act as an impartial judge and evaluate the quality of their answers. You must output only one of the following choices:
'A' if Assistant A's answer is better.
'T' if both answers are relatively the s...<truncated 20193 chars>
2025-11-21 08:08:23 | DEBUG    | main:410 | JR prompt (truncated): <bos><start_of_turn>user
You are an impartial and unbiased judge.

You will be given answers from two assistants (Assistant A and Assistant B) to a user prompt. Please act as an impartial judge and evaluate the quality of their answers. You must output only one of the following choices:
'A' if Assistant A's answer is better.
'T' if both answers are relatively the same in quality.
'B' if Assistant B's answer is better.
Do not think or reason. Just choose which answer you prefer: A or B or T.
Outp...<truncated 20408 chars>
2025-11-21 08:08:23 | DEBUG    | main:440 | JR prompt length: 8147
2025-11-21 08:08:37 | DEBUG    | main:461 | JR: Generated 8 steps
2025-11-21 08:08:37 | DEBUG    | main:467 | JR: generated text='A's answer.

A<end_of_turn>'
2025-11-21 08:08:37 | DEBUG    | main:473 | JR step 0: token_id=236776, text='A'
2025-11-21 08:08:37 | DEBUG    | main:476 | JR: Found A/B/T at step 0
2025-11-21 08:08:37 | DEBUG    | main:483 | JR step 0: extracting probs from logits
2025-11-21 08:08:37 | DEBUG    | logits_to_prob_map:157 | logits_to_prob_map: input shape=torch.Size([262208]), dtype=torch.float32
2025-11-21 08:08:37 | DEBUG    | logits_to_prob_map:170 | Top-k extraction: k=50, top logprobs range=[-13.3156, -0.0031]
2025-11-21 08:08:37 | DEBUG    | logits_to_prob_map:180 | topk[0]: token_id=236776, text='A', logprob=-0.0031, prob=0.996875
2025-11-21 08:08:37 | DEBUG    | logits_to_prob_map:180 | topk[1]: token_id=236799, text='B', logprob=-6.3781, prob=0.001698
2025-11-21 08:08:37 | DEBUG    | logits_to_prob_map:180 | topk[2]: token_id=236789, text=''', logprob=-7.3781, prob=0.000625
2025-11-21 08:08:37 | DEBUG    | logits_to_prob_map:180 | topk[3]: token_id=2205, text='As', logprob=-8.3781, prob=0.000230
2025-11-21 08:08:37 | DEBUG    | logits_to_prob_map:180 | topk[4]: token_id=236746, text='a', logprob=-9.1281, prob=0.000109
2025-11-21 08:08:37 | DEBUG    | logits_to_prob_map:180 | topk[5]: token_id=74314, text='Assistant', logprob=-10.0031, prob=0.000045
2025-11-21 08:08:37 | DEBUG    | logits_to_prob_map:180 | topk[6]: token_id=236769, text='(', logprob=-10.2531, prob=0.000035
2025-11-21 08:08:37 | DEBUG    | logits_to_prob_map:180 | topk[7]: token_id=107, text='
', logprob=-10.3781, prob=0.000031
2025-11-21 08:08:37 | DEBUG    | logits_to_prob_map:180 | topk[8]: token_id=236775, text='"', logprob=-10.5656, prob=0.000026
2025-11-21 08:08:37 | DEBUG    | logits_to_prob_map:180 | topk[9]: token_id=236858, text='’', logprob=-10.6906, prob=0.000023
2025-11-21 08:08:37 | DEBUG    | only_abt_probs:198 | only_abt_probs result: {'A': 0.9968747129148738, 'B': 0.0016982958716875458, 'T': 0.0}
2025-11-21 08:08:37 | DEBUG    | main:410 | RJ prompt (truncated): <bos><start_of_turn>user
You are an impartial and unbiased judge.

You will be given answers from two assistants (Assistant A and Assistant B) to a user prompt. Please act as an impartial judge and evaluate the quality of their answers. You must output only one of the following choices:
'A' if Assistant A's answer is better.
'T' if both answers are relatively the same in quality.
'B' if Assistant B's answer is better.
Do not think or reason. Just choose which answer you prefer: A or B or T.
Outp...<truncated 20408 chars>
2025-11-21 08:08:37 | DEBUG    | main:440 | RJ prompt length: 8147
2025-11-21 08:08:51 | DEBUG    | main:461 | RJ: Generated 8 steps
2025-11-21 08:08:51 | DEBUG    | main:467 | RJ: generated text='B's answer.

B<end_of_turn>'
2025-11-21 08:08:51 | DEBUG    | main:473 | RJ step 0: token_id=236799, text='B'
2025-11-21 08:08:51 | DEBUG    | main:476 | RJ: Found A/B/T at step 0
2025-11-21 08:08:51 | DEBUG    | main:483 | RJ step 0: extracting probs from logits
2025-11-21 08:08:51 | DEBUG    | logits_to_prob_map:157 | logits_to_prob_map: input shape=torch.Size([262208]), dtype=torch.float32
2025-11-21 08:08:51 | DEBUG    | logits_to_prob_map:170 | Top-k extraction: k=50, top logprobs range=[-13.5658, -0.0033]
2025-11-21 08:08:51 | DEBUG    | logits_to_prob_map:180 | topk[0]: token_id=236799, text='B', logprob=-0.0033, prob=0.996664
2025-11-21 08:08:51 | DEBUG    | logits_to_prob_map:180 | topk[1]: token_id=236776, text='A', logprob=-6.1283, prob=0.002180
2025-11-21 08:08:51 | DEBUG    | logits_to_prob_map:180 | topk[2]: token_id=236789, text=''', logprob=-7.7533, prob=0.000429
2025-11-21 08:08:51 | DEBUG    | logits_to_prob_map:180 | topk[3]: token_id=35343, text='Bs', logprob=-9.0033, prob=0.000123
2025-11-21 08:08:51 | DEBUG    | logits_to_prob_map:180 | topk[4]: token_id=236763, text='b', logprob=-9.2533, prob=0.000096
2025-11-21 08:08:51 | DEBUG    | logits_to_prob_map:180 | topk[5]: token_id=74314, text='Assistant', logprob=-9.2533, prob=0.000096
2025-11-21 08:08:51 | DEBUG    | logits_to_prob_map:180 | topk[6]: token_id=236775, text='"', logprob=-10.3783, prob=0.000031
2025-11-21 08:08:51 | DEBUG    | logits_to_prob_map:180 | topk[7]: token_id=111457, text='assistant', logprob=-10.5033, prob=0.000027
2025-11-21 08:08:51 | DEBUG    | logits_to_prob_map:180 | topk[8]: token_id=14433, text='answer', logprob=-10.6283, prob=0.000024
2025-11-21 08:08:51 | DEBUG    | logits_to_prob_map:180 | topk[9]: token_id=7925, text='Answer', logprob=-10.7533, prob=0.000021
2025-11-21 08:08:51 | DEBUG    | only_abt_probs:198 | only_abt_probs result: {'A': 0.002180194473859485, 'B': 0.9966644813511012, 'T': 6.5186665414144875e-06}
2025-11-21 08:08:51 | DEBUG    | main:544 | Row 6 complete: JR={'A': 0.9968747129148738, 'B': 0.0016982958716875458, 'T': 0.0}, RJ={'A': 0.002180194473859485, 'B': 0.9966644813511012, 'T': 6.5186665414144875e-06}, combined_norm={'A': 0.9980549905194336, 'B': 0.0019417459441924574, 'T': 3.2635363738540907e-06}
2025-11-21 08:08:51 | DEBUG    | main:393 | ========== Row 7 ==========
2025-11-21 08:08:51 | DEBUG    | main:394 | Built msgs_jr with 2 messages
2025-11-21 08:08:51 | DEBUG    | main:396 | msgs_jr[0] role=system content=You are an impartial and unbiased judge.
2025-11-21 08:08:51 | DEBUG    | main:396 | msgs_jr[1] role=user content=You will be given answers from two assistants (Assistant A and Assistant B) to a user prompt. Please act as an impartial judge and evaluate the quality of their answers. You must output only one of the following choices:
'A' if Assistant A's answer is better.
'T' if both answers are relatively the s...<truncated 4071 chars>
2025-11-21 08:08:51 | DEBUG    | main:410 | JR prompt (truncated): <bos><start_of_turn>user
You are an impartial and unbiased judge.

You will be given answers from two assistants (Assistant A and Assistant B) to a user prompt. Please act as an impartial judge and evaluate the quality of their answers. You must output only one of the following choices:
'A' if Assistant A's answer is better.
'T' if both answers are relatively the same in quality.
'B' if Assistant B's answer is better.
Do not think or reason. Just choose which answer you prefer: A or B or T.
Outp...<truncated 4286 chars>
2025-11-21 08:08:51 | DEBUG    | main:440 | JR prompt length: 1470
2025-11-21 08:08:53 | DEBUG    | main:461 | JR: Generated 8 steps
2025-11-21 08:08:53 | DEBUG    | main:467 | JR: generated text='B's answer.

B<end_of_turn>'
2025-11-21 08:08:53 | DEBUG    | main:473 | JR step 0: token_id=236799, text='B'
2025-11-21 08:08:53 | DEBUG    | main:476 | JR: Found A/B/T at step 0
2025-11-21 08:08:53 | DEBUG    | main:483 | JR step 0: extracting probs from logits
2025-11-21 08:08:53 | DEBUG    | logits_to_prob_map:157 | logits_to_prob_map: input shape=torch.Size([262208]), dtype=torch.float32
2025-11-21 08:08:53 | DEBUG    | logits_to_prob_map:170 | Top-k extraction: k=50, top logprobs range=[-15.6328, -0.0078]
2025-11-21 08:08:53 | DEBUG    | logits_to_prob_map:180 | topk[0]: token_id=236799, text='B', logprob=-0.0078, prob=0.992225
2025-11-21 08:08:53 | DEBUG    | logits_to_prob_map:180 | topk[1]: token_id=236776, text='A', logprob=-4.8828, prob=0.007576
2025-11-21 08:08:53 | DEBUG    | logits_to_prob_map:180 | topk[2]: token_id=236789, text=''', logprob=-9.6328, prob=0.000066
2025-11-21 08:08:53 | DEBUG    | logits_to_prob_map:180 | topk[3]: token_id=35343, text='Bs', logprob=-10.1328, prob=0.000040
2025-11-21 08:08:53 | DEBUG    | logits_to_prob_map:180 | topk[4]: token_id=74314, text='Assistant', logprob=-11.0078, prob=0.000017
2025-11-21 08:08:53 | DEBUG    | logits_to_prob_map:180 | topk[5]: token_id=236763, text='b', logprob=-11.0078, prob=0.000017
2025-11-21 08:08:53 | DEBUG    | logits_to_prob_map:180 | topk[6]: token_id=107, text='
', logprob=-11.8828, prob=0.000007
2025-11-21 08:08:53 | DEBUG    | logits_to_prob_map:180 | topk[7]: token_id=2205, text='As', logprob=-12.5078, prob=0.000004
2025-11-21 08:08:53 | DEBUG    | logits_to_prob_map:180 | topk[8]: token_id=7925, text='Answer', logprob=-12.6328, prob=0.000003
2025-11-21 08:08:53 | DEBUG    | logits_to_prob_map:180 | topk[9]: token_id=236775, text='"', logprob=-12.6328, prob=0.000003
2025-11-21 08:08:53 | DEBUG    | only_abt_probs:198 | only_abt_probs result: {'A': 0.0075757280175317975, 'B': 0.9922247062083681, 'T': 1.9792237723701795e-06}
2025-11-21 08:08:53 | DEBUG    | main:410 | RJ prompt (truncated): <bos><start_of_turn>user
You are an impartial and unbiased judge.

You will be given answers from two assistants (Assistant A and Assistant B) to a user prompt. Please act as an impartial judge and evaluate the quality of their answers. You must output only one of the following choices:
'A' if Assistant A's answer is better.
'T' if both answers are relatively the same in quality.
'B' if Assistant B's answer is better.
Do not think or reason. Just choose which answer you prefer: A or B or T.
Outp...<truncated 4286 chars>
2025-11-21 08:08:53 | DEBUG    | main:440 | RJ prompt length: 1470
2025-11-21 08:08:55 | DEBUG    | main:461 | RJ: Generated 8 steps
2025-11-21 08:08:55 | DEBUG    | main:467 | RJ: generated text='A's answer.

A<end_of_turn>'
2025-11-21 08:08:55 | DEBUG    | main:473 | RJ step 0: token_id=236776, text='A'
2025-11-21 08:08:55 | DEBUG    | main:476 | RJ: Found A/B/T at step 0
2025-11-21 08:08:55 | DEBUG    | main:483 | RJ step 0: extracting probs from logits
2025-11-21 08:08:55 | DEBUG    | logits_to_prob_map:157 | logits_to_prob_map: input shape=torch.Size([262208]), dtype=torch.float32
2025-11-21 08:08:55 | DEBUG    | logits_to_prob_map:170 | Top-k extraction: k=50, top logprobs range=[-15.2628, -0.0128]
2025-11-21 08:08:55 | DEBUG    | logits_to_prob_map:180 | topk[0]: token_id=236776, text='A', logprob=-0.0128, prob=0.987306
2025-11-21 08:08:55 | DEBUG    | logits_to_prob_map:180 | topk[1]: token_id=236799, text='B', logprob=-4.3878, prob=0.012428
2025-11-21 08:08:55 | DEBUG    | logits_to_prob_map:180 | topk[2]: token_id=236789, text=''', logprob=-9.0128, prob=0.000122
2025-11-21 08:08:55 | DEBUG    | logits_to_prob_map:180 | topk[3]: token_id=2205, text='As', logprob=-10.3878, prob=0.000031
2025-11-21 08:08:55 | DEBUG    | logits_to_prob_map:180 | topk[4]: token_id=236746, text='a', logprob=-10.8878, prob=0.000019
2025-11-21 08:08:55 | DEBUG    | logits_to_prob_map:180 | topk[5]: token_id=236769, text='(', logprob=-11.3878, prob=0.000011
2025-11-21 08:08:55 | DEBUG    | logits_to_prob_map:180 | topk[6]: token_id=107, text='
', logprob=-11.6378, prob=0.000009
2025-11-21 08:08:55 | DEBUG    | logits_to_prob_map:180 | topk[7]: token_id=1018, text='**', logprob=-11.8878, prob=0.000007
2025-11-21 08:08:55 | DEBUG    | logits_to_prob_map:180 | topk[8]: token_id=236775, text='"', logprob=-12.0128, prob=0.000006
2025-11-21 08:08:55 | DEBUG    | logits_to_prob_map:180 | topk[9]: token_id=236858, text='’', logprob=-12.5128, prob=0.000004
2025-11-21 08:08:55 | DEBUG    | only_abt_probs:198 | only_abt_probs result: {'A': 0.9873055457404696, 'B': 0.012428340401014723, 'T': 1.3535559098401363e-06}
2025-11-21 08:08:55 | DEBUG    | main:544 | Row 7 complete: JR={'A': 0.0075757280175317975, 'B': 0.9922247062083681, 'T': 1.9792237723701795e-06}, RJ={'A': 0.9873055457404696, 'B': 0.012428340401014723, 'T': 1.3535559098401363e-06}, combined_norm={'A': 0.010004346948436892, 'B': 0.9899939862764079, 'T': 1.6667751552289418e-06}
2025-11-21 08:08:56 | DEBUG    | main:393 | ========== Row 8 ==========
2025-11-21 08:08:56 | DEBUG    | main:394 | Built msgs_jr with 2 messages
2025-11-21 08:08:56 | DEBUG    | main:396 | msgs_jr[0] role=system content=You are an impartial and unbiased judge.
2025-11-21 08:08:56 | DEBUG    | main:396 | msgs_jr[1] role=user content=You will be given answers from two assistants (Assistant A and Assistant B) to a user prompt. Please act as an impartial judge and evaluate the quality of their answers. You must output only one of the following choices:
'A' if Assistant A's answer is better.
'T' if both answers are relatively the s...<truncated 2644 chars>
2025-11-21 08:08:56 | DEBUG    | main:410 | JR prompt (truncated): <bos><start_of_turn>user
You are an impartial and unbiased judge.

You will be given answers from two assistants (Assistant A and Assistant B) to a user prompt. Please act as an impartial judge and evaluate the quality of their answers. You must output only one of the following choices:
'A' if Assistant A's answer is better.
'T' if both answers are relatively the same in quality.
'B' if Assistant B's answer is better.
Do not think or reason. Just choose which answer you prefer: A or B or T.
Outp...<truncated 2859 chars>
2025-11-21 08:08:56 | DEBUG    | main:440 | JR prompt length: 835
2025-11-21 08:08:57 | DEBUG    | main:461 | JR: Generated 8 steps
2025-11-21 08:08:57 | DEBUG    | main:467 | JR: generated text='B's answer.
B<end_of_turn>'
2025-11-21 08:08:57 | DEBUG    | main:473 | JR step 0: token_id=236799, text='B'
2025-11-21 08:08:57 | DEBUG    | main:476 | JR: Found A/B/T at step 0
2025-11-21 08:08:57 | DEBUG    | main:483 | JR step 0: extracting probs from logits
2025-11-21 08:08:57 | DEBUG    | logits_to_prob_map:157 | logits_to_prob_map: input shape=torch.Size([262208]), dtype=torch.float32
2025-11-21 08:08:57 | DEBUG    | logits_to_prob_map:170 | Top-k extraction: k=50, top logprobs range=[-17.0041, -0.0041]
2025-11-21 08:08:57 | DEBUG    | logits_to_prob_map:180 | topk[0]: token_id=236799, text='B', logprob=-0.0041, prob=0.995900
2025-11-21 08:08:57 | DEBUG    | logits_to_prob_map:180 | topk[1]: token_id=236776, text='A', logprob=-5.5041, prob=0.004070
2025-11-21 08:08:57 | DEBUG    | logits_to_prob_map:180 | topk[2]: token_id=107, text='
', logprob=-11.8791, prob=0.000007
2025-11-21 08:08:57 | DEBUG    | logits_to_prob_map:180 | topk[3]: token_id=236789, text=''', logprob=-12.0041, prob=0.000006
2025-11-21 08:08:57 | DEBUG    | logits_to_prob_map:180 | topk[4]: token_id=236763, text='b', logprob=-13.0041, prob=0.000002
2025-11-21 08:08:57 | DEBUG    | logits_to_prob_map:180 | topk[5]: token_id=35343, text='Bs', logprob=-13.5041, prob=0.000001
2025-11-21 08:08:57 | DEBUG    | logits_to_prob_map:180 | topk[6]: token_id=1018, text='**', logprob=-13.7541, prob=0.000001
2025-11-21 08:08:57 | DEBUG    | logits_to_prob_map:180 | topk[7]: token_id=7925, text='Answer', logprob=-13.8791, prob=0.000001
2025-11-21 08:08:57 | DEBUG    | logits_to_prob_map:180 | topk[8]: token_id=74314, text='Assistant', logprob=-14.0041, prob=0.000001
2025-11-21 08:08:57 | DEBUG    | logits_to_prob_map:180 | topk[9]: token_id=236775, text='"', logprob=-14.1291, prob=0.000001
2025-11-21 08:08:57 | DEBUG    | only_abt_probs:198 | only_abt_probs result: {'A': 0.004070017612595642, 'B': 0.9959004595991158, 'T': 2.3726019497047234e-07}
2025-11-21 08:08:57 | DEBUG    | main:410 | RJ prompt (truncated): <bos><start_of_turn>user
You are an impartial and unbiased judge.

You will be given answers from two assistants (Assistant A and Assistant B) to a user prompt. Please act as an impartial judge and evaluate the quality of their answers. You must output only one of the following choices:
'A' if Assistant A's answer is better.
'T' if both answers are relatively the same in quality.
'B' if Assistant B's answer is better.
Do not think or reason. Just choose which answer you prefer: A or B or T.
Outp...<truncated 2859 chars>
2025-11-21 08:08:57 | DEBUG    | main:440 | RJ prompt length: 835
2025-11-21 08:08:58 | DEBUG    | main:461 | RJ: Generated 8 steps
2025-11-21 08:08:58 | DEBUG    | main:467 | RJ: generated text='B's answer.
B<end_of_turn>'
2025-11-21 08:08:58 | DEBUG    | main:473 | RJ step 0: token_id=236799, text='B'
2025-11-21 08:08:58 | DEBUG    | main:476 | RJ: Found A/B/T at step 0
2025-11-21 08:08:58 | DEBUG    | main:483 | RJ step 0: extracting probs from logits
2025-11-21 08:08:58 | DEBUG    | logits_to_prob_map:157 | logits_to_prob_map: input shape=torch.Size([262208]), dtype=torch.float32
2025-11-21 08:08:58 | DEBUG    | logits_to_prob_map:170 | Top-k extraction: k=50, top logprobs range=[-18.3144, -0.1269]
2025-11-21 08:08:58 | DEBUG    | logits_to_prob_map:180 | topk[0]: token_id=236799, text='B', logprob=-0.1269, prob=0.880783
2025-11-21 08:08:58 | DEBUG    | logits_to_prob_map:180 | topk[1]: token_id=236776, text='A', logprob=-2.1269, prob=0.119201
2025-11-21 08:08:58 | DEBUG    | logits_to_prob_map:180 | topk[2]: token_id=107, text='
', logprob=-11.8769, prob=0.000007
2025-11-21 08:08:58 | DEBUG    | logits_to_prob_map:180 | topk[3]: token_id=236789, text=''', logprob=-13.0019, prob=0.000002
2025-11-21 08:08:58 | DEBUG    | logits_to_prob_map:180 | topk[4]: token_id=236763, text='b', logprob=-13.3769, prob=0.000002
2025-11-21 08:08:58 | DEBUG    | logits_to_prob_map:180 | topk[5]: token_id=236769, text='(', logprob=-14.0019, prob=0.000001
2025-11-21 08:08:58 | DEBUG    | logits_to_prob_map:180 | topk[6]: token_id=22186, text='Both', logprob=-14.3769, prob=0.000001
2025-11-21 08:08:58 | DEBUG    | logits_to_prob_map:180 | topk[7]: token_id=2205, text='As', logprob=-14.8769, prob=0.000000
2025-11-21 08:08:58 | DEBUG    | logits_to_prob_map:180 | topk[8]: token_id=236746, text='a', logprob=-15.0019, prob=0.000000
2025-11-21 08:08:58 | DEBUG    | logits_to_prob_map:180 | topk[9]: token_id=1018, text='**', logprob=-15.1269, prob=0.000000
2025-11-21 08:08:58 | DEBUG    | only_abt_probs:198 | only_abt_probs result: {'A': 0.11920106518717026, 'B': 0.8807833577202905, 'T': 7.719403974615642e-08}
2025-11-21 08:08:58 | DEBUG    | main:544 | Row 8 complete: JR={'A': 0.004070017612595642, 'B': 0.9959004595991158, 'T': 2.3726019497047234e-07}, RJ={'A': 0.11920106518717026, 'B': 0.8807833577202905, 'T': 7.719403974615642e-08}, combined_norm={'A': 0.4424365950222673, 'B': 0.5575632477470945, 'T': 1.5723063817891654e-07}
2025-11-21 08:08:58 | DEBUG    | main:393 | ========== Row 9 ==========
2025-11-21 08:08:58 | DEBUG    | main:394 | Built msgs_jr with 2 messages
2025-11-21 08:08:58 | DEBUG    | main:396 | msgs_jr[0] role=system content=You are an impartial and unbiased judge.
2025-11-21 08:08:58 | DEBUG    | main:396 | msgs_jr[1] role=user content=You will be given answers from two assistants (Assistant A and Assistant B) to a user prompt. Please act as an impartial judge and evaluate the quality of their answers. You must output only one of the following choices:
'A' if Assistant A's answer is better.
'T' if both answers are relatively the s...<truncated 6852 chars>
2025-11-21 08:08:58 | DEBUG    | main:410 | JR prompt (truncated): <bos><start_of_turn>user
You are an impartial and unbiased judge.

You will be given answers from two assistants (Assistant A and Assistant B) to a user prompt. Please act as an impartial judge and evaluate the quality of their answers. You must output only one of the following choices:
'A' if Assistant A's answer is better.
'T' if both answers are relatively the same in quality.
'B' if Assistant B's answer is better.
Do not think or reason. Just choose which answer you prefer: A or B or T.
Outp...<truncated 7067 chars>
2025-11-21 08:08:58 | DEBUG    | main:440 | JR prompt length: 4269
2025-11-21 08:09:04 | DEBUG    | main:461 | JR: Generated 8 steps
2025-11-21 08:09:04 | DEBUG    | main:467 | JR: generated text='B's answer.

B<end_of_turn>'
2025-11-21 08:09:04 | DEBUG    | main:473 | JR step 0: token_id=236799, text='B'
2025-11-21 08:09:04 | DEBUG    | main:476 | JR: Found A/B/T at step 0
2025-11-21 08:09:04 | DEBUG    | main:483 | JR step 0: extracting probs from logits
2025-11-21 08:09:04 | DEBUG    | logits_to_prob_map:157 | logits_to_prob_map: input shape=torch.Size([262208]), dtype=torch.float32
2025-11-21 08:09:04 | DEBUG    | logits_to_prob_map:170 | Top-k extraction: k=50, top logprobs range=[-16.7512, -0.0012]
2025-11-21 08:09:04 | DEBUG    | logits_to_prob_map:180 | topk[0]: token_id=236799, text='B', logprob=-0.0012, prob=0.998771
2025-11-21 08:09:04 | DEBUG    | logits_to_prob_map:180 | topk[1]: token_id=236776, text='A', logprob=-6.7512, prob=0.001169
2025-11-21 08:09:04 | DEBUG    | logits_to_prob_map:180 | topk[2]: token_id=236789, text=''', logprob=-10.7512, prob=0.000021
2025-11-21 08:09:04 | DEBUG    | logits_to_prob_map:180 | topk[3]: token_id=35343, text='Bs', logprob=-11.8762, prob=0.000007
2025-11-21 08:09:04 | DEBUG    | logits_to_prob_map:180 | topk[4]: token_id=74314, text='Assistant', logprob=-12.2512, prob=0.000005
2025-11-21 08:09:04 | DEBUG    | logits_to_prob_map:180 | topk[5]: token_id=236763, text='b', logprob=-12.5012, prob=0.000004
2025-11-21 08:09:04 | DEBUG    | logits_to_prob_map:180 | topk[6]: token_id=107, text='
', logprob=-12.7512, prob=0.000003
2025-11-21 08:09:04 | DEBUG    | logits_to_prob_map:180 | topk[7]: token_id=7925, text='Answer', logprob=-12.7512, prob=0.000003
2025-11-21 08:09:04 | DEBUG    | logits_to_prob_map:180 | topk[8]: token_id=14433, text='answer', logprob=-13.1262, prob=0.000002
2025-11-21 08:09:04 | DEBUG    | logits_to_prob_map:180 | topk[9]: token_id=236775, text='"', logprob=-13.5012, prob=0.000001
2025-11-21 08:09:04 | DEBUG    | only_abt_probs:198 | only_abt_probs result: {'A': 0.0011694406013275903, 'B': 0.9987707960850586, 'T': 5.037275754721232e-07}
2025-11-21 08:09:04 | DEBUG    | main:410 | RJ prompt (truncated): <bos><start_of_turn>user
You are an impartial and unbiased judge.

You will be given answers from two assistants (Assistant A and Assistant B) to a user prompt. Please act as an impartial judge and evaluate the quality of their answers. You must output only one of the following choices:
'A' if Assistant A's answer is better.
'T' if both answers are relatively the same in quality.
'B' if Assistant B's answer is better.
Do not think or reason. Just choose which answer you prefer: A or B or T.
Outp...<truncated 7067 chars>
2025-11-21 08:09:04 | DEBUG    | main:440 | RJ prompt length: 4269
2025-11-21 08:09:10 | DEBUG    | main:461 | RJ: Generated 8 steps
2025-11-21 08:09:10 | DEBUG    | main:467 | RJ: generated text='A's answer.

A<end_of_turn>'
2025-11-21 08:09:10 | DEBUG    | main:473 | RJ step 0: token_id=236776, text='A'
2025-11-21 08:09:10 | DEBUG    | main:476 | RJ: Found A/B/T at step 0
2025-11-21 08:09:10 | DEBUG    | main:483 | RJ step 0: extracting probs from logits
2025-11-21 08:09:10 | DEBUG    | logits_to_prob_map:157 | logits_to_prob_map: input shape=torch.Size([262208]), dtype=torch.float32
2025-11-21 08:09:10 | DEBUG    | logits_to_prob_map:170 | Top-k extraction: k=50, top logprobs range=[-16.3776, -0.0026]
2025-11-21 08:09:10 | DEBUG    | logits_to_prob_map:180 | topk[0]: token_id=236776, text='A', logprob=-0.0026, prob=0.997415
2025-11-21 08:09:10 | DEBUG    | logits_to_prob_map:180 | topk[1]: token_id=236799, text='B', logprob=-6.0026, prob=0.002472
2025-11-21 08:09:11 | DEBUG    | logits_to_prob_map:180 | topk[2]: token_id=236789, text=''', logprob=-9.6276, prob=0.000066
2025-11-21 08:09:11 | DEBUG    | logits_to_prob_map:180 | topk[3]: token_id=2205, text='As', logprob=-11.5026, prob=0.000010
2025-11-21 08:09:11 | DEBUG    | logits_to_prob_map:180 | topk[4]: token_id=236746, text='a', logprob=-12.3776, prob=0.000004
2025-11-21 08:09:11 | DEBUG    | logits_to_prob_map:180 | topk[5]: token_id=107, text='
', logprob=-12.5026, prob=0.000004
2025-11-21 08:09:11 | DEBUG    | logits_to_prob_map:180 | topk[6]: token_id=236795, text='$', logprob=-12.6276, prob=0.000003
2025-11-21 08:09:11 | DEBUG    | logits_to_prob_map:180 | topk[7]: token_id=236769, text='(', logprob=-13.0026, prob=0.000002
2025-11-21 08:09:11 | DEBUG    | logits_to_prob_map:180 | topk[8]: token_id=236858, text='’', logprob=-13.3776, prob=0.000002
2025-11-21 08:09:11 | DEBUG    | logits_to_prob_map:180 | topk[9]: token_id=236775, text='"', logprob=-13.3776, prob=0.000002
2025-11-21 08:09:11 | DEBUG    | only_abt_probs:198 | only_abt_probs result: {'A': 0.9974149705549948, 'B': 0.002472344787188449, 'T': 3.247895924587873e-07}
2025-11-21 08:09:11 | DEBUG    | main:544 | Row 9 complete: JR={'A': 0.0011694406013275903, 'B': 0.9987707960850586, 'T': 5.037275754721232e-07}, RJ={'A': 0.9974149705549948, 'B': 0.002472344787188449, 'T': 3.247895924587873e-07}, combined_norm={'A': 0.0018210489579721962, 'B': 0.9981785367478934, 'T': 4.14294134432083e-07}
2025-11-21 08:09:11 | INFO     | main:391 | Processing row 10/970
2025-11-21 08:09:11 | DEBUG    | main:393 | ========== Row 10 ==========
2025-11-21 08:09:11 | DEBUG    | main:394 | Built msgs_jr with 2 messages
2025-11-21 08:09:11 | DEBUG    | main:396 | msgs_jr[0] role=system content=You are an impartial and unbiased judge.
2025-11-21 08:09:11 | DEBUG    | main:396 | msgs_jr[1] role=user content=You will be given answers from two assistants (Assistant A and Assistant B) to a user prompt. Please act as an impartial judge and evaluate the quality of their answers. You must output only one of the following choices:
'A' if Assistant A's answer is better.
'T' if both answers are relatively the s...<truncated 5495 chars>
2025-11-21 08:09:11 | DEBUG    | main:410 | JR prompt (truncated): <bos><start_of_turn>user
You are an impartial and unbiased judge.

You will be given answers from two assistants (Assistant A and Assistant B) to a user prompt. Please act as an impartial judge and evaluate the quality of their answers. You must output only one of the following choices:
'A' if Assistant A's answer is better.
'T' if both answers are relatively the same in quality.
'B' if Assistant B's answer is better.
Do not think or reason. Just choose which answer you prefer: A or B or T.
Outp...<truncated 5710 chars>
2025-11-21 08:09:11 | DEBUG    | main:440 | JR prompt length: 2888
2025-11-21 08:09:15 | DEBUG    | main:461 | JR: Generated 8 steps
2025-11-21 08:09:15 | DEBUG    | main:467 | JR: generated text='B's answer.

B<end_of_turn>'
2025-11-21 08:09:15 | DEBUG    | main:473 | JR step 0: token_id=236799, text='B'
2025-11-21 08:09:15 | DEBUG    | main:476 | JR: Found A/B/T at step 0
2025-11-21 08:09:15 | DEBUG    | main:483 | JR step 0: extracting probs from logits
2025-11-21 08:09:15 | DEBUG    | logits_to_prob_map:157 | logits_to_prob_map: input shape=torch.Size([262208]), dtype=torch.float32
2025-11-21 08:09:15 | DEBUG    | logits_to_prob_map:170 | Top-k extraction: k=50, top logprobs range=[-15.0792, -0.0791]
2025-11-21 08:09:15 | DEBUG    | logits_to_prob_map:180 | topk[0]: token_id=236799, text='B', logprob=-0.0791, prob=0.923901
2025-11-21 08:09:15 | DEBUG    | logits_to_prob_map:180 | topk[1]: token_id=236776, text='A', logprob=-2.5791, prob=0.075838
2025-11-21 08:09:15 | DEBUG    | logits_to_prob_map:180 | topk[2]: token_id=236789, text=''', logprob=-9.4542, prob=0.000078
2025-11-21 08:09:15 | DEBUG    | logits_to_prob_map:180 | topk[3]: token_id=107, text='
', logprob=-10.3292, prob=0.000033
2025-11-21 08:09:15 | DEBUG    | logits_to_prob_map:180 | topk[4]: token_id=236763, text='b', logprob=-10.7042, prob=0.000022
2025-11-21 08:09:15 | DEBUG    | logits_to_prob_map:180 | topk[5]: token_id=35343, text='Bs', logprob=-11.5792, prob=0.000009
2025-11-21 08:09:15 | DEBUG    | logits_to_prob_map:180 | topk[6]: token_id=236774, text='T', logprob=-11.5792, prob=0.000009
2025-11-21 08:09:15 | DEBUG    | logits_to_prob_map:180 | topk[7]: token_id=236785, text='\', logprob=-11.5792, prob=0.000009
2025-11-21 08:09:15 | DEBUG    | logits_to_prob_map:180 | topk[8]: token_id=74314, text='Assistant', logprob=-11.7042, prob=0.000008
2025-11-21 08:09:15 | DEBUG    | logits_to_prob_map:180 | topk[9]: token_id=236746, text='a', logprob=-11.7042, prob=0.000008
2025-11-21 08:09:15 | DEBUG    | only_abt_probs:198 | only_abt_probs result: {'A': 0.07583846031061407, 'B': 0.9239014952362685, 'T': 9.359205066350495e-06}
2025-11-21 08:09:15 | DEBUG    | main:410 | RJ prompt (truncated): <bos><start_of_turn>user
You are an impartial and unbiased judge.

You will be given answers from two assistants (Assistant A and Assistant B) to a user prompt. Please act as an impartial judge and evaluate the quality of their answers. You must output only one of the following choices:
'A' if Assistant A's answer is better.
'T' if both answers are relatively the same in quality.
'B' if Assistant B's answer is better.
Do not think or reason. Just choose which answer you prefer: A or B or T.
Outp...<truncated 5710 chars>
2025-11-21 08:09:15 | DEBUG    | main:440 | RJ prompt length: 2888
2025-11-21 08:09:19 | DEBUG    | main:461 | RJ: Generated 8 steps
2025-11-21 08:09:19 | DEBUG    | main:467 | RJ: generated text='B's answer.

B<end_of_turn>'
2025-11-21 08:09:19 | DEBUG    | main:473 | RJ step 0: token_id=236799, text='B'
2025-11-21 08:09:19 | DEBUG    | main:476 | RJ: Found A/B/T at step 0
2025-11-21 08:09:19 | DEBUG    | main:483 | RJ step 0: extracting probs from logits
2025-11-21 08:09:19 | DEBUG    | logits_to_prob_map:157 | logits_to_prob_map: input shape=torch.Size([262208]), dtype=torch.float32
2025-11-21 08:09:19 | DEBUG    | logits_to_prob_map:170 | Top-k extraction: k=50, top logprobs range=[-15.9238, -0.0488]
2025-11-21 08:09:19 | DEBUG    | logits_to_prob_map:180 | topk[0]: token_id=236799, text='B', logprob=-0.0488, prob=0.952417
2025-11-21 08:09:19 | DEBUG    | logits_to_prob_map:180 | topk[1]: token_id=236776, text='A', logprob=-3.0488, prob=0.047418
2025-11-21 08:09:19 | DEBUG    | logits_to_prob_map:180 | topk[2]: token_id=236789, text=''', logprob=-9.4238, prob=0.000081
2025-11-21 08:09:19 | DEBUG    | logits_to_prob_map:180 | topk[3]: token_id=236763, text='b', logprob=-10.7988, prob=0.000020
2025-11-21 08:09:19 | DEBUG    | logits_to_prob_map:180 | topk[4]: token_id=35343, text='Bs', logprob=-11.7988, prob=0.000008
2025-11-21 08:09:19 | DEBUG    | logits_to_prob_map:180 | topk[5]: token_id=236769, text='(', logprob=-12.0488, prob=0.000006
2025-11-21 08:09:19 | DEBUG    | logits_to_prob_map:180 | topk[6]: token_id=236775, text='"', logprob=-12.1738, prob=0.000005
2025-11-21 08:09:19 | DEBUG    | logits_to_prob_map:180 | topk[7]: token_id=107, text='
', logprob=-12.1738, prob=0.000005
2025-11-21 08:09:19 | DEBUG    | logits_to_prob_map:180 | topk[8]: token_id=236774, text='T', logprob=-12.4238, prob=0.000004
2025-11-21 08:09:19 | DEBUG    | logits_to_prob_map:180 | topk[9]: token_id=236746, text='a', logprob=-12.7988, prob=0.000003
2025-11-21 08:09:19 | DEBUG    | only_abt_probs:198 | only_abt_probs result: {'A': 0.047418028014668885, 'B': 0.95241657025352, 'T': 4.02191345507185e-06}
2025-11-21 08:09:19 | DEBUG    | main:544 | Row 10 complete: JR={'A': 0.07583846031061407, 'B': 0.9239014952362685, 'T': 9.359205066350495e-06}, RJ={'A': 0.047418028014668885, 'B': 0.95241657025352, 'T': 4.02191345507185e-06}, combined_norm={'A': 0.5142334641053347, 'B': 0.4857598439566476, 'T': 6.69193801765299e-06}
2025-11-21 08:09:19 | DEBUG    | main:393 | ========== Row 11 ==========
2025-11-21 08:09:19 | DEBUG    | main:394 | Built msgs_jr with 2 messages
2025-11-21 08:09:19 | DEBUG    | main:396 | msgs_jr[0] role=system content=You are an impartial and unbiased judge.
2025-11-21 08:09:19 | DEBUG    | main:396 | msgs_jr[1] role=user content=You will be given answers from two assistants (Assistant A and Assistant B) to a user prompt. Please act as an impartial judge and evaluate the quality of their answers. You must output only one of the following choices:
'A' if Assistant A's answer is better.
'T' if both answers are relatively the s...<truncated 6782 chars>
2025-11-21 08:09:19 | DEBUG    | main:410 | JR prompt (truncated): <bos><start_of_turn>user
You are an impartial and unbiased judge.

You will be given answers from two assistants (Assistant A and Assistant B) to a user prompt. Please act as an impartial judge and evaluate the quality of their answers. You must output only one of the following choices:
'A' if Assistant A's answer is better.
'T' if both answers are relatively the same in quality.
'B' if Assistant B's answer is better.
Do not think or reason. Just choose which answer you prefer: A or B or T.
Outp...<truncated 6997 chars>
2025-11-21 08:09:19 | DEBUG    | main:440 | JR prompt length: 2968
2025-11-21 08:09:23 | DEBUG    | main:461 | JR: Generated 8 steps
2025-11-21 08:09:23 | DEBUG    | main:467 | JR: generated text='B's answer.

B<end_of_turn>'
2025-11-21 08:09:23 | DEBUG    | main:473 | JR step 0: token_id=236799, text='B'
2025-11-21 08:09:23 | DEBUG    | main:476 | JR: Found A/B/T at step 0
2025-11-21 08:09:23 | DEBUG    | main:483 | JR step 0: extracting probs from logits
2025-11-21 08:09:23 | DEBUG    | logits_to_prob_map:157 | logits_to_prob_map: input shape=torch.Size([262208]), dtype=torch.float32
2025-11-21 08:09:23 | DEBUG    | logits_to_prob_map:170 | Top-k extraction: k=50, top logprobs range=[-15.7516, -0.0016]
2025-11-21 08:09:23 | DEBUG    | logits_to_prob_map:180 | topk[0]: token_id=236799, text='B', logprob=-0.0016, prob=0.998449
2025-11-21 08:09:23 | DEBUG    | logits_to_prob_map:180 | topk[1]: token_id=236776, text='A', logprob=-6.6266, prob=0.001325
2025-11-21 08:09:23 | DEBUG    | logits_to_prob_map:180 | topk[2]: token_id=236789, text=''', logprob=-9.3766, prob=0.000085
2025-11-21 08:09:23 | DEBUG    | logits_to_prob_map:180 | topk[3]: token_id=35343, text='Bs', logprob=-9.5016, prob=0.000075
2025-11-21 08:09:23 | DEBUG    | logits_to_prob_map:180 | topk[4]: token_id=236763, text='b', logprob=-11.1266, prob=0.000015
2025-11-21 08:09:23 | DEBUG    | logits_to_prob_map:180 | topk[5]: token_id=107, text='
', logprob=-11.8766, prob=0.000007
2025-11-21 08:09:23 | DEBUG    | logits_to_prob_map:180 | topk[6]: token_id=236775, text='"', logprob=-12.6266, prob=0.000003
2025-11-21 08:09:23 | DEBUG    | logits_to_prob_map:180 | topk[7]: token_id=7925, text='Answer', logprob=-12.7516, prob=0.000003
2025-11-21 08:09:23 | DEBUG    | logits_to_prob_map:180 | topk[8]: token_id=14433, text='answer', logprob=-12.7516, prob=0.000003
2025-11-21 08:09:23 | DEBUG    | logits_to_prob_map:180 | topk[9]: token_id=22186, text='Both', logprob=-13.0016, prob=0.000002
2025-11-21 08:09:23 | DEBUG    | only_abt_probs:198 | only_abt_probs result: {'A': 0.0013247227258527787, 'B': 0.9984489930521278, 'T': 1.2079901870506231e-06}
2025-11-21 08:09:23 | DEBUG    | main:410 | RJ prompt (truncated): <bos><start_of_turn>user
You are an impartial and unbiased judge.

You will be given answers from two assistants (Assistant A and Assistant B) to a user prompt. Please act as an impartial judge and evaluate the quality of their answers. You must output only one of the following choices:
'A' if Assistant A's answer is better.
'T' if both answers are relatively the same in quality.
'B' if Assistant B's answer is better.
Do not think or reason. Just choose which answer you prefer: A or B or T.
Outp...<truncated 6997 chars>
2025-11-21 08:09:23 | DEBUG    | main:440 | RJ prompt length: 2968
2025-11-21 08:09:27 | DEBUG    | main:461 | RJ: Generated 8 steps
2025-11-21 08:09:27 | DEBUG    | main:467 | RJ: generated text='A's answer.

A<end_of_turn>'
2025-11-21 08:09:27 | DEBUG    | main:473 | RJ step 0: token_id=236776, text='A'
2025-11-21 08:09:27 | DEBUG    | main:476 | RJ: Found A/B/T at step 0
2025-11-21 08:09:27 | DEBUG    | main:483 | RJ step 0: extracting probs from logits
2025-11-21 08:09:27 | DEBUG    | logits_to_prob_map:157 | logits_to_prob_map: input shape=torch.Size([262208]), dtype=torch.float32
2025-11-21 08:09:27 | DEBUG    | logits_to_prob_map:170 | Top-k extraction: k=50, top logprobs range=[-16.1377, -0.0127]
2025-11-21 08:09:27 | DEBUG    | logits_to_prob_map:180 | topk[0]: token_id=236776, text='A', logprob=-0.0127, prob=0.987390
2025-11-21 08:09:27 | DEBUG    | logits_to_prob_map:180 | topk[1]: token_id=236799, text='B', logprob=-4.3877, prob=0.012429
2025-11-21 08:09:27 | DEBUG    | logits_to_prob_map:180 | topk[2]: token_id=236789, text=''', logprob=-9.1377, prob=0.000108
2025-11-21 08:09:27 | DEBUG    | logits_to_prob_map:180 | topk[3]: token_id=2205, text='As', logprob=-10.6377, prob=0.000024
2025-11-21 08:09:27 | DEBUG    | logits_to_prob_map:180 | topk[4]: token_id=236746, text='a', logprob=-11.8877, prob=0.000007
2025-11-21 08:09:27 | DEBUG    | logits_to_prob_map:180 | topk[5]: token_id=107, text='
', logprob=-12.0127, prob=0.000006
2025-11-21 08:09:27 | DEBUG    | logits_to_prob_map:180 | topk[6]: token_id=236769, text='(', logprob=-12.0127, prob=0.000006
2025-11-21 08:09:27 | DEBUG    | logits_to_prob_map:180 | topk[7]: token_id=236775, text='"', logprob=-12.8877, prob=0.000003
2025-11-21 08:09:27 | DEBUG    | logits_to_prob_map:180 | topk[8]: token_id=1018, text='**', logprob=-13.0127, prob=0.000002
2025-11-21 08:09:27 | DEBUG    | logits_to_prob_map:180 | topk[9]: token_id=236858, text='’', logprob=-13.3877, prob=0.000002
2025-11-21 08:09:27 | DEBUG    | only_abt_probs:198 | only_abt_probs result: {'A': 0.9873901479572812, 'B': 0.012429407179808487, 'T': 2.665538392068829e-07}
2025-11-21 08:09:27 | DEBUG    | main:544 | Row 11 complete: JR={'A': 0.0013247227258527787, 'B': 0.9984489930521278, 'T': 1.2079901870506231e-06}, RJ={'A': 0.9873901479572812, 'B': 0.012429407179808487, 'T': 2.665538392068829e-07}, combined_norm={'A': 0.006878458716145202, 'B': 0.9931208038624201, 'T': 7.374214348212635e-07}
2025-11-21 08:09:27 | DEBUG    | main:393 | ========== Row 12 ==========
2025-11-21 08:09:27 | DEBUG    | main:394 | Built msgs_jr with 2 messages
2025-11-21 08:09:27 | DEBUG    | main:396 | msgs_jr[0] role=system content=You are an impartial and unbiased judge.
2025-11-21 08:09:27 | DEBUG    | main:396 | msgs_jr[1] role=user content=You will be given answers from two assistants (Assistant A and Assistant B) to a user prompt. Please act as an impartial judge and evaluate the quality of their answers. You must output only one of the following choices:
'A' if Assistant A's answer is better.
'T' if both answers are relatively the s...<truncated 5288 chars>
2025-11-21 08:09:27 | DEBUG    | main:410 | JR prompt (truncated): <bos><start_of_turn>user
You are an impartial and unbiased judge.

You will be given answers from two assistants (Assistant A and Assistant B) to a user prompt. Please act as an impartial judge and evaluate the quality of their answers. You must output only one of the following choices:
'A' if Assistant A's answer is better.
'T' if both answers are relatively the same in quality.
'B' if Assistant B's answer is better.
Do not think or reason. Just choose which answer you prefer: A or B or T.
Outp...<truncated 5503 chars>
2025-11-21 08:09:27 | DEBUG    | main:440 | JR prompt length: 1952
2025-11-21 08:09:30 | DEBUG    | main:461 | JR: Generated 8 steps
2025-11-21 08:09:30 | DEBUG    | main:467 | JR: generated text='A's answer.

A<end_of_turn>'
2025-11-21 08:09:30 | DEBUG    | main:473 | JR step 0: token_id=236776, text='A'
2025-11-21 08:09:30 | DEBUG    | main:476 | JR: Found A/B/T at step 0
2025-11-21 08:09:30 | DEBUG    | main:483 | JR step 0: extracting probs from logits
2025-11-21 08:09:30 | DEBUG    | logits_to_prob_map:157 | logits_to_prob_map: input shape=torch.Size([262208]), dtype=torch.float32
2025-11-21 08:09:30 | DEBUG    | logits_to_prob_map:170 | Top-k extraction: k=50, top logprobs range=[-15.6909, -0.0034]
2025-11-21 08:09:30 | DEBUG    | logits_to_prob_map:180 | topk[0]: token_id=236776, text='A', logprob=-0.0034, prob=0.996596
2025-11-21 08:09:30 | DEBUG    | logits_to_prob_map:180 | topk[1]: token_id=236799, text='B', logprob=-5.7534, prob=0.003172
2025-11-21 08:09:30 | DEBUG    | logits_to_prob_map:180 | topk[2]: token_id=236789, text=''', logprob=-9.1284, prob=0.000109
2025-11-21 08:09:30 | DEBUG    | logits_to_prob_map:180 | topk[3]: token_id=2205, text='As', logprob=-9.6284, prob=0.000066
2025-11-21 08:09:30 | DEBUG    | logits_to_prob_map:180 | topk[4]: token_id=236746, text='a', logprob=-11.7534, prob=0.000008
2025-11-21 08:09:30 | DEBUG    | logits_to_prob_map:180 | topk[5]: token_id=107, text='
', logprob=-11.8784, prob=0.000007
2025-11-21 08:09:30 | DEBUG    | logits_to_prob_map:180 | topk[6]: token_id=236769, text='(', logprob=-12.5034, prob=0.000004
2025-11-21 08:09:30 | DEBUG    | logits_to_prob_map:180 | topk[7]: token_id=236775, text='"', logprob=-12.6284, prob=0.000003
2025-11-21 08:09:30 | DEBUG    | logits_to_prob_map:180 | topk[8]: token_id=236858, text='’', logprob=-12.8784, prob=0.000003
2025-11-21 08:09:30 | DEBUG    | logits_to_prob_map:180 | topk[9]: token_id=236795, text='$', logprob=-12.8784, prob=0.000003
2025-11-21 08:09:30 | DEBUG    | only_abt_probs:198 | only_abt_probs result: {'A': 0.9965961602561112, 'B': 0.0031719464339088604, 'T': 0.0}
2025-11-21 08:09:30 | DEBUG    | main:410 | RJ prompt (truncated): <bos><start_of_turn>user
You are an impartial and unbiased judge.

You will be given answers from two assistants (Assistant A and Assistant B) to a user prompt. Please act as an impartial judge and evaluate the quality of their answers. You must output only one of the following choices:
'A' if Assistant A's answer is better.
'T' if both answers are relatively the same in quality.
'B' if Assistant B's answer is better.
Do not think or reason. Just choose which answer you prefer: A or B or T.
Outp...<truncated 5503 chars>
2025-11-21 08:09:30 | DEBUG    | main:440 | RJ prompt length: 1952
2025-11-21 08:09:34 | DEBUG    | main:461 | RJ: Generated 8 steps
2025-11-21 08:09:34 | DEBUG    | main:467 | RJ: generated text='A's answer.

A<end_of_turn>'
2025-11-21 08:09:34 | DEBUG    | main:473 | RJ step 0: token_id=236776, text='A'
2025-11-21 08:09:34 | DEBUG    | main:476 | RJ: Found A/B/T at step 0
2025-11-21 08:09:34 | DEBUG    | main:483 | RJ step 0: extracting probs from logits
2025-11-21 08:09:34 | DEBUG    | logits_to_prob_map:157 | logits_to_prob_map: input shape=torch.Size([262208]), dtype=torch.float32
2025-11-21 08:09:34 | DEBUG    | logits_to_prob_map:170 | Top-k extraction: k=50, top logprobs range=[-15.9495, -0.3870]
2025-11-21 08:09:34 | DEBUG    | logits_to_prob_map:180 | topk[0]: token_id=236776, text='A', logprob=-0.3870, prob=0.679104
2025-11-21 08:09:34 | DEBUG    | logits_to_prob_map:180 | topk[1]: token_id=236799, text='B', logprob=-1.1370, prob=0.320786
2025-11-21 08:09:34 | DEBUG    | logits_to_prob_map:180 | topk[2]: token_id=236789, text=''', logprob=-10.1370, prob=0.000040
2025-11-21 08:09:34 | DEBUG    | logits_to_prob_map:180 | topk[3]: token_id=2205, text='As', logprob=-11.1370, prob=0.000015
2025-11-21 08:09:34 | DEBUG    | logits_to_prob_map:180 | topk[4]: token_id=236746, text='a', logprob=-11.8870, prob=0.000007
2025-11-21 08:09:34 | DEBUG    | logits_to_prob_map:180 | topk[5]: token_id=236763, text='b', logprob=-12.0120, prob=0.000006
2025-11-21 08:09:34 | DEBUG    | logits_to_prob_map:180 | topk[6]: token_id=107, text='
', logprob=-12.2620, prob=0.000005
2025-11-21 08:09:34 | DEBUG    | logits_to_prob_map:180 | topk[7]: token_id=236769, text='(', logprob=-12.5120, prob=0.000004
2025-11-21 08:09:34 | DEBUG    | logits_to_prob_map:180 | topk[8]: token_id=35343, text='Bs', logprob=-12.5120, prob=0.000004
2025-11-21 08:09:34 | DEBUG    | logits_to_prob_map:180 | topk[9]: token_id=236775, text='"', logprob=-12.5120, prob=0.000004
2025-11-21 08:09:34 | DEBUG    | only_abt_probs:198 | only_abt_probs result: {'A': 0.6791038085423406, 'B': 0.3207859345546052, 'T': 1.3546316163653137e-06}
2025-11-21 08:09:34 | DEBUG    | main:544 | Row 12 complete: JR={'A': 0.9965961602561112, 'B': 0.0031719464339088604, 'T': 0.0}, RJ={'A': 0.6791038085423406, 'B': 0.3207859345546052, 'T': 1.3546316163653137e-06}, combined_norm={'A': 0.6588033060332179, 'B': 0.34119601653554105, 'T': 6.774312409694752e-07}
2025-11-21 08:09:34 | DEBUG    | main:393 | ========== Row 13 ==========
2025-11-21 08:09:34 | DEBUG    | main:394 | Built msgs_jr with 2 messages
2025-11-21 08:09:34 | DEBUG    | main:396 | msgs_jr[0] role=system content=You are an impartial and unbiased judge.
2025-11-21 08:09:34 | DEBUG    | main:396 | msgs_jr[1] role=user content=You will be given answers from two assistants (Assistant A and Assistant B) to a user prompt. Please act as an impartial judge and evaluate the quality of their answers. You must output only one of the following choices:
'A' if Assistant A's answer is better.
'T' if both answers are relatively the s...<truncated 4605 chars>
2025-11-21 08:09:34 | DEBUG    | main:410 | JR prompt (truncated): <bos><start_of_turn>user
You are an impartial and unbiased judge.

You will be given answers from two assistants (Assistant A and Assistant B) to a user prompt. Please act as an impartial judge and evaluate the quality of their answers. You must output only one of the following choices:
'A' if Assistant A's answer is better.
'T' if both answers are relatively the same in quality.
'B' if Assistant B's answer is better.
Do not think or reason. Just choose which answer you prefer: A or B or T.
Outp...<truncated 4820 chars>
2025-11-21 08:09:34 | DEBUG    | main:440 | JR prompt length: 2208
2025-11-21 08:09:37 | DEBUG    | main:461 | JR: Generated 8 steps
2025-11-21 08:09:37 | DEBUG    | main:467 | JR: generated text='A's answer.

A<end_of_turn>'
2025-11-21 08:09:37 | DEBUG    | main:473 | JR step 0: token_id=236776, text='A'
2025-11-21 08:09:37 | DEBUG    | main:476 | JR: Found A/B/T at step 0
2025-11-21 08:09:37 | DEBUG    | main:483 | JR step 0: extracting probs from logits
2025-11-21 08:09:37 | DEBUG    | logits_to_prob_map:157 | logits_to_prob_map: input shape=torch.Size([262208]), dtype=torch.float32
2025-11-21 08:09:37 | DEBUG    | logits_to_prob_map:170 | Top-k extraction: k=50, top logprobs range=[-16.4398, -0.0023]
2025-11-21 08:09:37 | DEBUG    | logits_to_prob_map:180 | topk[0]: token_id=236776, text='A', logprob=-0.0023, prob=0.997664
2025-11-21 08:09:37 | DEBUG    | logits_to_prob_map:180 | topk[1]: token_id=236799, text='B', logprob=-6.1273, prob=0.002182
2025-11-21 08:09:37 | DEBUG    | logits_to_prob_map:180 | topk[2]: token_id=236789, text=''', logprob=-9.3773, prob=0.000085
2025-11-21 08:09:37 | DEBUG    | logits_to_prob_map:180 | topk[3]: token_id=2205, text='As', logprob=-10.3773, prob=0.000031
2025-11-21 08:09:37 | DEBUG    | logits_to_prob_map:180 | topk[4]: token_id=107, text='
', logprob=-12.0023, prob=0.000006
2025-11-21 08:09:37 | DEBUG    | logits_to_prob_map:180 | topk[5]: token_id=236746, text='a', logprob=-12.1273, prob=0.000005
2025-11-21 08:09:37 | DEBUG    | logits_to_prob_map:180 | topk[6]: token_id=236769, text='(', logprob=-12.2523, prob=0.000005
2025-11-21 08:09:37 | DEBUG    | logits_to_prob_map:180 | topk[7]: token_id=236795, text='$', logprob=-13.3773, prob=0.000002
2025-11-21 08:09:37 | DEBUG    | logits_to_prob_map:180 | topk[8]: token_id=236858, text='’', logprob=-13.3773, prob=0.000002
2025-11-21 08:09:37 | DEBUG    | logits_to_prob_map:180 | topk[9]: token_id=1018, text='**', logprob=-13.5023, prob=0.000001
2025-11-21 08:09:37 | DEBUG    | only_abt_probs:198 | only_abt_probs result: {'A': 0.9976644356492924, 'B': 0.002182381844452699, 'T': 9.907998245307467e-08}
2025-11-21 08:09:37 | DEBUG    | main:410 | RJ prompt (truncated): <bos><start_of_turn>user
You are an impartial and unbiased judge.

You will be given answers from two assistants (Assistant A and Assistant B) to a user prompt. Please act as an impartial judge and evaluate the quality of their answers. You must output only one of the following choices:
'A' if Assistant A's answer is better.
'T' if both answers are relatively the same in quality.
'B' if Assistant B's answer is better.
Do not think or reason. Just choose which answer you prefer: A or B or T.
Outp...<truncated 4820 chars>
2025-11-21 08:09:37 | DEBUG    | main:440 | RJ prompt length: 2208
2025-11-21 08:09:41 | DEBUG    | main:461 | RJ: Generated 8 steps
2025-11-21 08:09:41 | DEBUG    | main:467 | RJ: generated text='B's answer.

B<end_of_turn>'
2025-11-21 08:09:41 | DEBUG    | main:473 | RJ step 0: token_id=236799, text='B'
2025-11-21 08:09:41 | DEBUG    | main:476 | RJ: Found A/B/T at step 0
2025-11-21 08:09:41 | DEBUG    | main:483 | RJ step 0: extracting probs from logits
2025-11-21 08:09:41 | DEBUG    | logits_to_prob_map:157 | logits_to_prob_map: input shape=torch.Size([262208]), dtype=torch.float32
2025-11-21 08:09:41 | DEBUG    | logits_to_prob_map:170 | Top-k extraction: k=50, top logprobs range=[-14.9452, -0.0702]
2025-11-21 08:09:41 | DEBUG    | logits_to_prob_map:180 | topk[0]: token_id=236799, text='B', logprob=-0.0702, prob=0.932178
2025-11-21 08:09:41 | DEBUG    | logits_to_prob_map:180 | topk[1]: token_id=236776, text='A', logprob=-2.6952, prob=0.067527
2025-11-21 08:09:41 | DEBUG    | logits_to_prob_map:180 | topk[2]: token_id=236789, text=''', logprob=-9.0702, prob=0.000115
2025-11-21 08:09:41 | DEBUG    | logits_to_prob_map:180 | topk[3]: token_id=236763, text='b', logprob=-10.6952, prob=0.000023
2025-11-21 08:09:41 | DEBUG    | logits_to_prob_map:180 | topk[4]: token_id=107, text='
', logprob=-10.9452, prob=0.000018
2025-11-21 08:09:41 | DEBUG    | logits_to_prob_map:180 | topk[5]: token_id=22186, text='Both', logprob=-10.9452, prob=0.000018
2025-11-21 08:09:41 | DEBUG    | logits_to_prob_map:180 | topk[6]: token_id=35343, text='Bs', logprob=-11.0702, prob=0.000016
2025-11-21 08:09:41 | DEBUG    | logits_to_prob_map:180 | topk[7]: token_id=2205, text='As', logprob=-11.4452, prob=0.000011
2025-11-21 08:09:41 | DEBUG    | logits_to_prob_map:180 | topk[8]: token_id=236774, text='T', logprob=-11.4452, prob=0.000011
2025-11-21 08:09:41 | DEBUG    | logits_to_prob_map:180 | topk[9]: token_id=27413, text='both', logprob=-11.8202, prob=0.000007
2025-11-21 08:09:41 | DEBUG    | only_abt_probs:198 | only_abt_probs result: {'A': 0.06752675173063556, 'B': 0.9321779635212172, 'T': 1.070037855999886e-05}
2025-11-21 08:09:41 | DEBUG    | main:544 | Row 13 complete: JR={'A': 0.9976644356492924, 'B': 0.002182381844452699, 'T': 9.907998245307467e-08}, RJ={'A': 0.06752675173063556, 'B': 0.9321779635212172, 'T': 1.070037855999886e-05}, combined_norm={'A': 0.965132403271081, 'B': 0.03486219581774532, 'T': 5.400911173670474e-06}
2025-11-21 08:09:41 | DEBUG    | main:393 | ========== Row 14 ==========
2025-11-21 08:09:41 | DEBUG    | main:394 | Built msgs_jr with 2 messages
2025-11-21 08:09:41 | DEBUG    | main:396 | msgs_jr[0] role=system content=You are an impartial and unbiased judge.
2025-11-21 08:09:41 | DEBUG    | main:396 | msgs_jr[1] role=user content=You will be given answers from two assistants (Assistant A and Assistant B) to a user prompt. Please act as an impartial judge and evaluate the quality of their answers. You must output only one of the following choices:
'A' if Assistant A's answer is better.
'T' if both answers are relatively the s...<truncated 5868 chars>
2025-11-21 08:09:41 | DEBUG    | main:410 | JR prompt (truncated): <bos><start_of_turn>user
You are an impartial and unbiased judge.

You will be given answers from two assistants (Assistant A and Assistant B) to a user prompt. Please act as an impartial judge and evaluate the quality of their answers. You must output only one of the following choices:
'A' if Assistant A's answer is better.
'T' if both answers are relatively the same in quality.
'B' if Assistant B's answer is better.
Do not think or reason. Just choose which answer you prefer: A or B or T.
Outp...<truncated 6083 chars>
2025-11-21 08:09:41 | DEBUG    | main:440 | JR prompt length: 2474
2025-11-21 08:09:45 | DEBUG    | main:461 | JR: Generated 8 steps
2025-11-21 08:09:45 | DEBUG    | main:467 | JR: generated text='A's answer.

A<end_of_turn>'
2025-11-21 08:09:45 | DEBUG    | main:473 | JR step 0: token_id=236776, text='A'
2025-11-21 08:09:45 | DEBUG    | main:476 | JR: Found A/B/T at step 0
2025-11-21 08:09:45 | DEBUG    | main:483 | JR step 0: extracting probs from logits
2025-11-21 08:09:45 | DEBUG    | logits_to_prob_map:157 | logits_to_prob_map: input shape=torch.Size([262208]), dtype=torch.float32
2025-11-21 08:09:45 | DEBUG    | logits_to_prob_map:170 | Top-k extraction: k=50, top logprobs range=[-16.0127, -0.0127]
2025-11-21 08:09:45 | DEBUG    | logits_to_prob_map:180 | topk[0]: token_id=236776, text='A', logprob=-0.0127, prob=0.987361
2025-11-21 08:09:45 | DEBUG    | logits_to_prob_map:180 | topk[1]: token_id=236799, text='B', logprob=-4.3877, prob=0.012429
2025-11-21 08:09:45 | DEBUG    | logits_to_prob_map:180 | topk[2]: token_id=236789, text=''', logprob=-9.1377, prob=0.000108
2025-11-21 08:09:45 | DEBUG    | logits_to_prob_map:180 | topk[3]: token_id=2205, text='As', logprob=-10.0127, prob=0.000045
2025-11-21 08:09:45 | DEBUG    | logits_to_prob_map:180 | topk[4]: token_id=107, text='
', logprob=-11.6377, prob=0.000009
2025-11-21 08:09:45 | DEBUG    | logits_to_prob_map:180 | topk[5]: token_id=236769, text='(', logprob=-11.8877, prob=0.000007
2025-11-21 08:09:45 | DEBUG    | logits_to_prob_map:180 | topk[6]: token_id=236746, text='a', logprob=-12.0127, prob=0.000006
2025-11-21 08:09:45 | DEBUG    | logits_to_prob_map:180 | topk[7]: token_id=236858, text='’', logprob=-12.6377, prob=0.000003
2025-11-21 08:09:45 | DEBUG    | logits_to_prob_map:180 | topk[8]: token_id=236775, text='"', logprob=-12.7627, prob=0.000003
2025-11-21 08:09:45 | DEBUG    | logits_to_prob_map:180 | topk[9]: token_id=1018, text='**', logprob=-12.7627, prob=0.000003
2025-11-21 08:09:45 | DEBUG    | only_abt_probs:198 | only_abt_probs result: {'A': 0.9873613260216627, 'B': 0.012429045650071368, 'T': 1.1827905229762436e-07}
2025-11-21 08:09:45 | DEBUG    | main:410 | RJ prompt (truncated): <bos><start_of_turn>user
You are an impartial and unbiased judge.

You will be given answers from two assistants (Assistant A and Assistant B) to a user prompt. Please act as an impartial judge and evaluate the quality of their answers. You must output only one of the following choices:
'A' if Assistant A's answer is better.
'T' if both answers are relatively the same in quality.
'B' if Assistant B's answer is better.
Do not think or reason. Just choose which answer you prefer: A or B or T.
Outp...<truncated 6083 chars>
2025-11-21 08:09:45 | DEBUG    | main:440 | RJ prompt length: 2474
2025-11-21 08:09:49 | DEBUG    | main:461 | RJ: Generated 8 steps
2025-11-21 08:09:49 | DEBUG    | main:467 | RJ: generated text='B's answer.

B<end_of_turn>'
2025-11-21 08:09:49 | DEBUG    | main:473 | RJ step 0: token_id=236799, text='B'
2025-11-21 08:09:49 | DEBUG    | main:476 | RJ: Found A/B/T at step 0
2025-11-21 08:09:49 | DEBUG    | main:483 | RJ step 0: extracting probs from logits
2025-11-21 08:09:49 | DEBUG    | logits_to_prob_map:157 | logits_to_prob_map: input shape=torch.Size([262208]), dtype=torch.float32
2025-11-21 08:09:49 | DEBUG    | logits_to_prob_map:170 | Top-k extraction: k=50, top logprobs range=[-16.2520, -0.1270]
2025-11-21 08:09:49 | DEBUG    | logits_to_prob_map:180 | topk[0]: token_id=236799, text='B', logprob=-0.1270, prob=0.880719
2025-11-21 08:09:49 | DEBUG    | logits_to_prob_map:180 | topk[1]: token_id=236776, text='A', logprob=-2.1270, prob=0.119192
2025-11-21 08:09:49 | DEBUG    | logits_to_prob_map:180 | topk[2]: token_id=236789, text=''', logprob=-10.3770, prob=0.000031
2025-11-21 08:09:49 | DEBUG    | logits_to_prob_map:180 | topk[3]: token_id=236763, text='b', logprob=-11.5020, prob=0.000010
2025-11-21 08:09:49 | DEBUG    | logits_to_prob_map:180 | topk[4]: token_id=107, text='
', logprob=-12.0020, prob=0.000006
2025-11-21 08:09:49 | DEBUG    | logits_to_prob_map:180 | topk[5]: token_id=2205, text='As', logprob=-12.2520, prob=0.000005
2025-11-21 08:09:49 | DEBUG    | logits_to_prob_map:180 | topk[6]: token_id=22186, text='Both', logprob=-12.2520, prob=0.000005
2025-11-21 08:09:49 | DEBUG    | logits_to_prob_map:180 | topk[7]: token_id=35343, text='Bs', logprob=-12.3770, prob=0.000004
2025-11-21 08:09:49 | DEBUG    | logits_to_prob_map:180 | topk[8]: token_id=236774, text='T', logprob=-12.7520, prob=0.000003
2025-11-21 08:09:49 | DEBUG    | logits_to_prob_map:180 | topk[9]: token_id=236769, text='(', logprob=-12.8770, prob=0.000003
2025-11-21 08:09:49 | DEBUG    | only_abt_probs:198 | only_abt_probs result: {'A': 0.11919234064365156, 'B': 0.8807189047025274, 'T': 2.896472266813009e-06}
2025-11-21 08:09:49 | DEBUG    | main:544 | Row 14 complete: JR={'A': 0.9873613260216627, 'B': 0.012429045650071368, 'T': 1.1827905229762436e-07}, RJ={'A': 0.11919234064365156, 'B': 0.8807189047025274, 'T': 2.896472266813009e-06}, combined_norm={'A': 0.9341780786252479, 'B': 0.06582041377644424, 'T': 1.50759830787777e-06}
2025-11-21 08:09:49 | DEBUG    | main:393 | ========== Row 15 ==========
2025-11-21 08:09:49 | DEBUG    | main:394 | Built msgs_jr with 2 messages
2025-11-21 08:09:49 | DEBUG    | main:396 | msgs_jr[0] role=system content=You are an impartial and unbiased judge.
2025-11-21 08:09:49 | DEBUG    | main:396 | msgs_jr[1] role=user content=You will be given answers from two assistants (Assistant A and Assistant B) to a user prompt. Please act as an impartial judge and evaluate the quality of their answers. You must output only one of the following choices:
'A' if Assistant A's answer is better.
'T' if both answers are relatively the s...<truncated 8664 chars>
2025-11-21 08:09:49 | DEBUG    | main:410 | JR prompt (truncated): <bos><start_of_turn>user
You are an impartial and unbiased judge.

You will be given answers from two assistants (Assistant A and Assistant B) to a user prompt. Please act as an impartial judge and evaluate the quality of their answers. You must output only one of the following choices:
'A' if Assistant A's answer is better.
'T' if both answers are relatively the same in quality.
'B' if Assistant B's answer is better.
Do not think or reason. Just choose which answer you prefer: A or B or T.
Outp...<truncated 8879 chars>
2025-11-21 08:09:49 | DEBUG    | main:440 | JR prompt length: 4247
2025-11-21 08:09:55 | DEBUG    | main:461 | JR: Generated 8 steps
2025-11-21 08:09:55 | DEBUG    | main:467 | JR: generated text='B's answer.

B<end_of_turn>'
2025-11-21 08:09:55 | DEBUG    | main:473 | JR step 0: token_id=236799, text='B'
2025-11-21 08:09:55 | DEBUG    | main:476 | JR: Found A/B/T at step 0
2025-11-21 08:09:55 | DEBUG    | main:483 | JR step 0: extracting probs from logits
2025-11-21 08:09:55 | DEBUG    | logits_to_prob_map:157 | logits_to_prob_map: input shape=torch.Size([262208]), dtype=torch.float32
2025-11-21 08:09:55 | DEBUG    | logits_to_prob_map:170 | Top-k extraction: k=50, top logprobs range=[-14.8195, -0.0070]
2025-11-21 08:09:55 | DEBUG    | logits_to_prob_map:180 | topk[0]: token_id=236799, text='B', logprob=-0.0070, prob=0.992990
2025-11-21 08:09:55 | DEBUG    | logits_to_prob_map:180 | topk[1]: token_id=236776, text='A', logprob=-5.0070, prob=0.006691
2025-11-21 08:09:55 | DEBUG    | logits_to_prob_map:180 | topk[2]: token_id=236789, text=''', logprob=-9.2570, prob=0.000095
2025-11-21 08:09:55 | DEBUG    | logits_to_prob_map:180 | topk[3]: token_id=107, text='
', logprob=-9.7570, prob=0.000058
2025-11-21 08:09:55 | DEBUG    | logits_to_prob_map:180 | topk[4]: token_id=35343, text='Bs', logprob=-10.2570, prob=0.000035
2025-11-21 08:09:55 | DEBUG    | logits_to_prob_map:180 | topk[5]: token_id=236763, text='b', logprob=-10.8820, prob=0.000019
2025-11-21 08:09:55 | DEBUG    | logits_to_prob_map:180 | topk[6]: token_id=236785, text='\', logprob=-11.7570, prob=0.000008
2025-11-21 08:09:55 | DEBUG    | logits_to_prob_map:180 | topk[7]: token_id=74314, text='Assistant', logprob=-11.7570, prob=0.000008
2025-11-21 08:09:55 | DEBUG    | logits_to_prob_map:180 | topk[8]: token_id=236858, text='’', logprob=-11.8820, prob=0.000007
2025-11-21 08:09:55 | DEBUG    | logits_to_prob_map:180 | topk[9]: token_id=236775, text='"', logprob=-12.1320, prob=0.000005
2025-11-21 08:09:55 | DEBUG    | only_abt_probs:198 | only_abt_probs result: {'A': 0.006690716558005316, 'B': 0.9929901493725268, 'T': 2.3892422278834794e-06}
2025-11-21 08:09:55 | DEBUG    | main:410 | RJ prompt (truncated): <bos><start_of_turn>user
You are an impartial and unbiased judge.

You will be given answers from two assistants (Assistant A and Assistant B) to a user prompt. Please act as an impartial judge and evaluate the quality of their answers. You must output only one of the following choices:
'A' if Assistant A's answer is better.
'T' if both answers are relatively the same in quality.
'B' if Assistant B's answer is better.
Do not think or reason. Just choose which answer you prefer: A or B or T.
Outp...<truncated 8879 chars>
2025-11-21 08:09:55 | DEBUG    | main:440 | RJ prompt length: 4247
2025-11-21 08:10:01 | DEBUG    | main:461 | RJ: Generated 8 steps
2025-11-21 08:10:01 | DEBUG    | main:467 | RJ: generated text='A's answer.

A<end_of_turn>'
2025-11-21 08:10:01 | DEBUG    | main:473 | RJ step 0: token_id=236776, text='A'
2025-11-21 08:10:01 | DEBUG    | main:476 | RJ: Found A/B/T at step 0
2025-11-21 08:10:01 | DEBUG    | main:483 | RJ step 0: extracting probs from logits
2025-11-21 08:10:01 | DEBUG    | logits_to_prob_map:157 | logits_to_prob_map: input shape=torch.Size([262208]), dtype=torch.float32
2025-11-21 08:10:01 | DEBUG    | logits_to_prob_map:170 | Top-k extraction: k=50, top logprobs range=[-14.8505, -0.1005]
2025-11-21 08:10:01 | DEBUG    | logits_to_prob_map:180 | topk[0]: token_id=236776, text='A', logprob=-0.1005, prob=0.904405
2025-11-21 08:10:01 | DEBUG    | logits_to_prob_map:180 | topk[1]: token_id=236799, text='B', logprob=-2.3505, prob=0.095324
2025-11-21 08:10:01 | DEBUG    | logits_to_prob_map:180 | topk[2]: token_id=236789, text=''', logprob=-9.2255, prob=0.000098
2025-11-21 08:10:01 | DEBUG    | logits_to_prob_map:180 | topk[3]: token_id=107, text='
', logprob=-10.4755, prob=0.000028
2025-11-21 08:10:01 | DEBUG    | logits_to_prob_map:180 | topk[4]: token_id=2205, text='As', logprob=-11.1005, prob=0.000015
2025-11-21 08:10:01 | DEBUG    | logits_to_prob_map:180 | topk[5]: token_id=236746, text='a', logprob=-11.2255, prob=0.000013
2025-11-21 08:10:01 | DEBUG    | logits_to_prob_map:180 | topk[6]: token_id=1018, text='**', logprob=-11.3505, prob=0.000012
2025-11-21 08:10:01 | DEBUG    | logits_to_prob_map:180 | topk[7]: token_id=236769, text='(', logprob=-11.3505, prob=0.000012
2025-11-21 08:10:01 | DEBUG    | logits_to_prob_map:180 | topk[8]: token_id=236775, text='"', logprob=-11.7255, prob=0.000008
2025-11-21 08:10:01 | DEBUG    | logits_to_prob_map:180 | topk[9]: token_id=236858, text='’', logprob=-12.2255, prob=0.000005
2025-11-21 08:10:01 | DEBUG    | only_abt_probs:198 | only_abt_probs result: {'A': 0.9044049206565203, 'B': 0.095323570224972, 'T': 5.85688257739622e-07}
2025-11-21 08:10:01 | DEBUG    | main:544 | Row 15 complete: JR={'A': 0.006690716558005316, 'B': 0.9929901493725268, 'T': 2.3892422278834794e-06}, RJ={'A': 0.9044049206565203, 'B': 0.095323570224972, 'T': 5.85688257739622e-07}, combined_norm={'A': 0.05102213543620126, 'B': 0.9489763766613594, 'T': 1.4879024393284682e-06}
2025-11-21 08:10:01 | DEBUG    | main:393 | ========== Row 16 ==========
2025-11-21 08:10:01 | DEBUG    | main:394 | Built msgs_jr with 2 messages
2025-11-21 08:10:01 | DEBUG    | main:396 | msgs_jr[0] role=system content=You are an impartial and unbiased judge.
2025-11-21 08:10:01 | DEBUG    | main:396 | msgs_jr[1] role=user content=You will be given answers from two assistants (Assistant A and Assistant B) to a user prompt. Please act as an impartial judge and evaluate the quality of their answers. You must output only one of the following choices:
'A' if Assistant A's answer is better.
'T' if both answers are relatively the s...<truncated 5876 chars>
2025-11-21 08:10:01 | DEBUG    | main:410 | JR prompt (truncated): <bos><start_of_turn>user
You are an impartial and unbiased judge.

You will be given answers from two assistants (Assistant A and Assistant B) to a user prompt. Please act as an impartial judge and evaluate the quality of their answers. You must output only one of the following choices:
'A' if Assistant A's answer is better.
'T' if both answers are relatively the same in quality.
'B' if Assistant B's answer is better.
Do not think or reason. Just choose which answer you prefer: A or B or T.
Outp...<truncated 6091 chars>
2025-11-21 08:10:01 | DEBUG    | main:440 | JR prompt length: 2425
2025-11-21 08:10:05 | DEBUG    | main:461 | JR: Generated 8 steps
2025-11-21 08:10:05 | DEBUG    | main:467 | JR: generated text='B's answer.

B<end_of_turn>'
2025-11-21 08:10:05 | DEBUG    | main:473 | JR step 0: token_id=236799, text='B'
2025-11-21 08:10:05 | DEBUG    | main:476 | JR: Found A/B/T at step 0
2025-11-21 08:10:05 | DEBUG    | main:483 | JR step 0: extracting probs from logits
2025-11-21 08:10:05 | DEBUG    | logits_to_prob_map:157 | logits_to_prob_map: input shape=torch.Size([262208]), dtype=torch.float32
2025-11-21 08:10:05 | DEBUG    | logits_to_prob_map:170 | Top-k extraction: k=50, top logprobs range=[-16.4736, -0.3486]
2025-11-21 08:10:05 | DEBUG    | logits_to_prob_map:180 | topk[0]: token_id=236799, text='B', logprob=-0.3486, prob=0.705704
2025-11-21 08:10:05 | DEBUG    | logits_to_prob_map:180 | topk[1]: token_id=236776, text='A', logprob=-1.2236, prob=0.294181
2025-11-21 08:10:05 | DEBUG    | logits_to_prob_map:180 | topk[2]: token_id=236789, text=''', logprob=-9.8486, prob=0.000053
2025-11-21 08:10:05 | DEBUG    | logits_to_prob_map:180 | topk[3]: token_id=2205, text='As', logprob=-11.4736, prob=0.000010
2025-11-21 08:10:05 | DEBUG    | logits_to_prob_map:180 | topk[4]: token_id=236763, text='b', logprob=-11.9736, prob=0.000006
2025-11-21 08:10:05 | DEBUG    | logits_to_prob_map:180 | topk[5]: token_id=107, text='
', logprob=-11.9736, prob=0.000006
2025-11-21 08:10:05 | DEBUG    | logits_to_prob_map:180 | topk[6]: token_id=35343, text='Bs', logprob=-12.0986, prob=0.000006
2025-11-21 08:10:05 | DEBUG    | logits_to_prob_map:180 | topk[7]: token_id=22186, text='Both', logprob=-12.0986, prob=0.000006
2025-11-21 08:10:05 | DEBUG    | logits_to_prob_map:180 | topk[8]: token_id=236769, text='(', logprob=-12.2236, prob=0.000005
2025-11-21 08:10:05 | DEBUG    | logits_to_prob_map:180 | topk[9]: token_id=236746, text='a', logprob=-12.9736, prob=0.000002
2025-11-21 08:10:05 | DEBUG    | only_abt_probs:198 | only_abt_probs result: {'A': 0.29418137398847627, 'B': 0.7057044089746202, 'T': 1.0963123426123933e-06}
2025-11-21 08:10:05 | DEBUG    | main:410 | RJ prompt (truncated): <bos><start_of_turn>user
You are an impartial and unbiased judge.

You will be given answers from two assistants (Assistant A and Assistant B) to a user prompt. Please act as an impartial judge and evaluate the quality of their answers. You must output only one of the following choices:
'A' if Assistant A's answer is better.
'T' if both answers are relatively the same in quality.
'B' if Assistant B's answer is better.
Do not think or reason. Just choose which answer you prefer: A or B or T.
Outp...<truncated 6091 chars>
2025-11-21 08:10:05 | DEBUG    | main:440 | RJ prompt length: 2425
2025-11-21 08:10:09 | DEBUG    | main:461 | RJ: Generated 8 steps
2025-11-21 08:10:09 | DEBUG    | main:467 | RJ: generated text='B's answer.

B<end_of_turn>'
2025-11-21 08:10:09 | DEBUG    | main:473 | RJ step 0: token_id=236799, text='B'
2025-11-21 08:10:09 | DEBUG    | main:476 | RJ: Found A/B/T at step 0
2025-11-21 08:10:09 | DEBUG    | main:483 | RJ step 0: extracting probs from logits
2025-11-21 08:10:09 | DEBUG    | logits_to_prob_map:157 | logits_to_prob_map: input shape=torch.Size([262208]), dtype=torch.float32
2025-11-21 08:10:09 | DEBUG    | logits_to_prob_map:170 | Top-k extraction: k=50, top logprobs range=[-14.6058, -0.0433]
2025-11-21 08:10:09 | DEBUG    | logits_to_prob_map:180 | topk[0]: token_id=236799, text='B', logprob=-0.0433, prob=0.957602
2025-11-21 08:10:09 | DEBUG    | logits_to_prob_map:180 | topk[1]: token_id=236776, text='A', logprob=-3.1683, prob=0.042074
2025-11-21 08:10:09 | DEBUG    | logits_to_prob_map:180 | topk[2]: token_id=236789, text=''', logprob=-9.5433, prob=0.000072
2025-11-21 08:10:09 | DEBUG    | logits_to_prob_map:180 | topk[3]: token_id=236763, text='b', logprob=-10.2933, prob=0.000034
2025-11-21 08:10:09 | DEBUG    | logits_to_prob_map:180 | topk[4]: token_id=236774, text='T', logprob=-10.4183, prob=0.000030
2025-11-21 08:10:09 | DEBUG    | logits_to_prob_map:180 | topk[5]: token_id=35343, text='Bs', logprob=-10.6683, prob=0.000023
2025-11-21 08:10:09 | DEBUG    | logits_to_prob_map:180 | topk[6]: token_id=22186, text='Both', logprob=-11.0433, prob=0.000016
2025-11-21 08:10:09 | DEBUG    | logits_to_prob_map:180 | topk[7]: token_id=107, text='
', logprob=-11.2933, prob=0.000012
2025-11-21 08:10:09 | DEBUG    | logits_to_prob_map:180 | topk[8]: token_id=2205, text='As', logprob=-11.4183, prob=0.000011
2025-11-21 08:10:09 | DEBUG    | logits_to_prob_map:180 | topk[9]: token_id=7925, text='Answer', logprob=-11.6683, prob=0.000009
2025-11-21 08:10:09 | DEBUG    | only_abt_probs:198 | only_abt_probs result: {'A': 0.042074095350805106, 'B': 0.9576019035883883, 'T': 2.9879930703996513e-05}
2025-11-21 08:10:09 | DEBUG    | main:544 | Row 16 complete: JR={'A': 0.29418137398847627, 'B': 0.7057044089746202, 'T': 1.0963123426123933e-06}, RJ={'A': 0.042074095350805106, 'B': 0.9576019035883883, 'T': 2.9879930703996513e-05}, combined_norm={'A': 0.6260191093800116, 'B': 0.3739653993441171, 'T': 1.549127587126291e-05}
2025-11-21 08:10:09 | DEBUG    | main:393 | ========== Row 17 ==========
2025-11-21 08:10:09 | DEBUG    | main:394 | Built msgs_jr with 2 messages
2025-11-21 08:10:09 | DEBUG    | main:396 | msgs_jr[0] role=system content=You are an impartial and unbiased judge.
2025-11-21 08:10:09 | DEBUG    | main:396 | msgs_jr[1] role=user content=You will be given answers from two assistants (Assistant A and Assistant B) to a user prompt. Please act as an impartial judge and evaluate the quality of their answers. You must output only one of the following choices:
'A' if Assistant A's answer is better.
'T' if both answers are relatively the s...<truncated 7552 chars>
2025-11-21 08:10:09 | DEBUG    | main:410 | JR prompt (truncated): <bos><start_of_turn>user
You are an impartial and unbiased judge.

You will be given answers from two assistants (Assistant A and Assistant B) to a user prompt. Please act as an impartial judge and evaluate the quality of their answers. You must output only one of the following choices:
'A' if Assistant A's answer is better.
'T' if both answers are relatively the same in quality.
'B' if Assistant B's answer is better.
Do not think or reason. Just choose which answer you prefer: A or B or T.
Outp...<truncated 7767 chars>
2025-11-21 08:10:09 | DEBUG    | main:440 | JR prompt length: 2734
2025-11-21 08:10:13 | DEBUG    | main:461 | JR: Generated 8 steps
2025-11-21 08:10:13 | DEBUG    | main:467 | JR: generated text='B's answer.

B<end_of_turn>'
2025-11-21 08:10:13 | DEBUG    | main:473 | JR step 0: token_id=236799, text='B'
2025-11-21 08:10:13 | DEBUG    | main:476 | JR: Found A/B/T at step 0
2025-11-21 08:10:13 | DEBUG    | main:483 | JR step 0: extracting probs from logits
2025-11-21 08:10:13 | DEBUG    | logits_to_prob_map:157 | logits_to_prob_map: input shape=torch.Size([262208]), dtype=torch.float32
2025-11-21 08:10:13 | DEBUG    | logits_to_prob_map:170 | Top-k extraction: k=50, top logprobs range=[-14.4387, -0.3137]
2025-11-21 08:10:13 | DEBUG    | logits_to_prob_map:180 | topk[0]: token_id=236799, text='B', logprob=-0.3137, prob=0.730738
2025-11-21 08:10:13 | DEBUG    | logits_to_prob_map:180 | topk[1]: token_id=236776, text='A', logprob=-1.3137, prob=0.268824
2025-11-21 08:10:13 | DEBUG    | logits_to_prob_map:180 | topk[2]: token_id=236789, text=''', logprob=-9.1887, prob=0.000102
2025-11-21 08:10:13 | DEBUG    | logits_to_prob_map:180 | topk[3]: token_id=236763, text='b', logprob=-10.0637, prob=0.000043
2025-11-21 08:10:13 | DEBUG    | logits_to_prob_map:180 | topk[4]: token_id=107, text='
', logprob=-10.0637, prob=0.000043
2025-11-21 08:10:13 | DEBUG    | logits_to_prob_map:180 | topk[5]: token_id=2205, text='As', logprob=-10.3137, prob=0.000033
2025-11-21 08:10:13 | DEBUG    | logits_to_prob_map:180 | topk[6]: token_id=35343, text='Bs', logprob=-10.5637, prob=0.000026
2025-11-21 08:10:13 | DEBUG    | logits_to_prob_map:180 | topk[7]: token_id=236774, text='T', logprob=-10.8137, prob=0.000020
2025-11-21 08:10:13 | DEBUG    | logits_to_prob_map:180 | topk[8]: token_id=236769, text='(', logprob=-11.0637, prob=0.000016
2025-11-21 08:10:13 | DEBUG    | logits_to_prob_map:180 | topk[9]: token_id=236746, text='a', logprob=-11.1887, prob=0.000014
2025-11-21 08:10:13 | DEBUG    | only_abt_probs:198 | only_abt_probs result: {'A': 0.2688235773810387, 'B': 0.7307382890116263, 'T': 2.0121941481372747e-05}
2025-11-21 08:10:13 | DEBUG    | main:410 | RJ prompt (truncated): <bos><start_of_turn>user
You are an impartial and unbiased judge.

You will be given answers from two assistants (Assistant A and Assistant B) to a user prompt. Please act as an impartial judge and evaluate the quality of their answers. You must output only one of the following choices:
'A' if Assistant A's answer is better.
'T' if both answers are relatively the same in quality.
'B' if Assistant B's answer is better.
Do not think or reason. Just choose which answer you prefer: A or B or T.
Outp...<truncated 7767 chars>
2025-11-21 08:10:13 | DEBUG    | main:440 | RJ prompt length: 2734
2025-11-21 08:10:17 | DEBUG    | main:461 | RJ: Generated 8 steps
2025-11-21 08:10:17 | DEBUG    | main:467 | RJ: generated text='A's answer.

A<end_of_turn>'
2025-11-21 08:10:17 | DEBUG    | main:473 | RJ step 0: token_id=236776, text='A'
2025-11-21 08:10:17 | DEBUG    | main:476 | RJ: Found A/B/T at step 0
2025-11-21 08:10:17 | DEBUG    | main:483 | RJ step 0: extracting probs from logits
2025-11-21 08:10:17 | DEBUG    | logits_to_prob_map:157 | logits_to_prob_map: input shape=torch.Size([262208]), dtype=torch.float32
2025-11-21 08:10:17 | DEBUG    | logits_to_prob_map:170 | Top-k extraction: k=50, top logprobs range=[-14.0345, -0.0345]
2025-11-21 08:10:17 | DEBUG    | logits_to_prob_map:180 | topk[0]: token_id=236776, text='A', logprob=-0.0345, prob=0.966098
2025-11-21 08:10:17 | DEBUG    | logits_to_prob_map:180 | topk[1]: token_id=236799, text='B', logprob=-3.4095, prob=0.033058
2025-11-21 08:10:17 | DEBUG    | logits_to_prob_map:180 | topk[2]: token_id=236789, text=''', logprob=-7.9095, prob=0.000367
2025-11-21 08:10:17 | DEBUG    | logits_to_prob_map:180 | topk[3]: token_id=2205, text='As', logprob=-8.9095, prob=0.000135
2025-11-21 08:10:17 | DEBUG    | logits_to_prob_map:180 | topk[4]: token_id=236769, text='(', logprob=-10.2845, prob=0.000034
2025-11-21 08:10:17 | DEBUG    | logits_to_prob_map:180 | topk[5]: token_id=236746, text='a', logprob=-10.2845, prob=0.000034
2025-11-21 08:10:17 | DEBUG    | logits_to_prob_map:180 | topk[6]: token_id=236775, text='"', logprob=-10.7845, prob=0.000021
2025-11-21 08:10:17 | DEBUG    | logits_to_prob_map:180 | topk[7]: token_id=107, text='
', logprob=-10.7845, prob=0.000021
2025-11-21 08:10:17 | DEBUG    | logits_to_prob_map:180 | topk[8]: token_id=1018, text='**', logprob=-10.9720, prob=0.000017
2025-11-21 08:10:17 | DEBUG    | logits_to_prob_map:180 | topk[9]: token_id=236795, text='$', logprob=-11.0970, prob=0.000015
2025-11-21 08:10:17 | DEBUG    | only_abt_probs:198 | only_abt_probs result: {'A': 0.9660984824426185, 'B': 0.03305807574431927, 'T': 1.1804973506941395e-05}
2025-11-21 08:10:17 | DEBUG    | main:544 | Row 17 complete: JR={'A': 0.2688235773810387, 'B': 0.7307382890116263, 'T': 2.0121941481372747e-05}, RJ={'A': 0.9660984824426185, 'B': 0.03305807574431927, 'T': 1.1804973506941395e-05}, combined_norm={'A': 0.15103519701678708, 'B': 0.8489488295451273, 'T': 1.5973438085672073e-05}
2025-11-21 08:10:17 | DEBUG    | main:393 | ========== Row 18 ==========
2025-11-21 08:10:17 | DEBUG    | main:394 | Built msgs_jr with 2 messages
2025-11-21 08:10:17 | DEBUG    | main:396 | msgs_jr[0] role=system content=You are an impartial and unbiased judge.
2025-11-21 08:10:17 | DEBUG    | main:396 | msgs_jr[1] role=user content=You will be given answers from two assistants (Assistant A and Assistant B) to a user prompt. Please act as an impartial judge and evaluate the quality of their answers. You must output only one of the following choices:
'A' if Assistant A's answer is better.
'T' if both answers are relatively the s...<truncated 3477 chars>
2025-11-21 08:10:17 | DEBUG    | main:410 | JR prompt (truncated): <bos><start_of_turn>user
You are an impartial and unbiased judge.

You will be given answers from two assistants (Assistant A and Assistant B) to a user prompt. Please act as an impartial judge and evaluate the quality of their answers. You must output only one of the following choices:
'A' if Assistant A's answer is better.
'T' if both answers are relatively the same in quality.
'B' if Assistant B's answer is better.
Do not think or reason. Just choose which answer you prefer: A or B or T.
Outp...<truncated 3692 chars>
2025-11-21 08:10:17 | DEBUG    | main:440 | JR prompt length: 1448
2025-11-21 08:10:20 | DEBUG    | main:461 | JR: Generated 8 steps
2025-11-21 08:10:20 | DEBUG    | main:467 | JR: generated text='A's answer.

A<end_of_turn>'
2025-11-21 08:10:20 | DEBUG    | main:473 | JR step 0: token_id=236776, text='A'
2025-11-21 08:10:20 | DEBUG    | main:476 | JR: Found A/B/T at step 0
2025-11-21 08:10:20 | DEBUG    | main:483 | JR step 0: extracting probs from logits
2025-11-21 08:10:20 | DEBUG    | logits_to_prob_map:157 | logits_to_prob_map: input shape=torch.Size([262208]), dtype=torch.float32
2025-11-21 08:10:20 | DEBUG    | logits_to_prob_map:170 | Top-k extraction: k=50, top logprobs range=[-15.5703, -0.0078]
2025-11-21 08:10:20 | DEBUG    | logits_to_prob_map:180 | topk[0]: token_id=236776, text='A', logprob=-0.0078, prob=0.992278
2025-11-21 08:10:20 | DEBUG    | logits_to_prob_map:180 | topk[1]: token_id=236799, text='B', logprob=-4.8828, prob=0.007576
2025-11-21 08:10:20 | DEBUG    | logits_to_prob_map:180 | topk[2]: token_id=236789, text=''', logprob=-9.6328, prob=0.000066
2025-11-21 08:10:20 | DEBUG    | logits_to_prob_map:180 | topk[3]: token_id=2205, text='As', logprob=-11.1328, prob=0.000015
2025-11-21 08:10:20 | DEBUG    | logits_to_prob_map:180 | topk[4]: token_id=107, text='
', logprob=-11.6328, prob=0.000009
2025-11-21 08:10:20 | DEBUG    | logits_to_prob_map:180 | topk[5]: token_id=236746, text='a', logprob=-11.7578, prob=0.000008
2025-11-21 08:10:20 | DEBUG    | logits_to_prob_map:180 | topk[6]: token_id=7925, text='Answer', logprob=-12.6328, prob=0.000003
2025-11-21 08:10:20 | DEBUG    | logits_to_prob_map:180 | topk[7]: token_id=236769, text='(', logprob=-12.6328, prob=0.000003
2025-11-21 08:10:20 | DEBUG    | logits_to_prob_map:180 | topk[8]: token_id=236795, text='$', logprob=-12.6328, prob=0.000003
2025-11-21 08:10:20 | DEBUG    | logits_to_prob_map:180 | topk[9]: token_id=1018, text='**', logprob=-13.1328, prob=0.000002
2025-11-21 08:10:20 | DEBUG    | only_abt_probs:198 | only_abt_probs result: {'A': 0.9922775220927563, 'B': 0.007576132615860993, 'T': 0.0}
2025-11-21 08:10:20 | DEBUG    | main:410 | RJ prompt (truncated): <bos><start_of_turn>user
You are an impartial and unbiased judge.

You will be given answers from two assistants (Assistant A and Assistant B) to a user prompt. Please act as an impartial judge and evaluate the quality of their answers. You must output only one of the following choices:
'A' if Assistant A's answer is better.
'T' if both answers are relatively the same in quality.
'B' if Assistant B's answer is better.
Do not think or reason. Just choose which answer you prefer: A or B or T.
Outp...<truncated 3692 chars>
2025-11-21 08:10:20 | DEBUG    | main:440 | RJ prompt length: 1448
2025-11-21 08:10:22 | DEBUG    | main:461 | RJ: Generated 8 steps
2025-11-21 08:10:22 | DEBUG    | main:467 | RJ: generated text='B's answer.

B<end_of_turn>'
2025-11-21 08:10:22 | DEBUG    | main:473 | RJ step 0: token_id=236799, text='B'
2025-11-21 08:10:22 | DEBUG    | main:476 | RJ: Found A/B/T at step 0
2025-11-21 08:10:22 | DEBUG    | main:483 | RJ step 0: extracting probs from logits
2025-11-21 08:10:22 | DEBUG    | logits_to_prob_map:157 | logits_to_prob_map: input shape=torch.Size([262208]), dtype=torch.float32
2025-11-21 08:10:22 | DEBUG    | logits_to_prob_map:170 | Top-k extraction: k=50, top logprobs range=[-15.3213, -0.0088]
2025-11-21 08:10:22 | DEBUG    | logits_to_prob_map:180 | topk[0]: token_id=236799, text='B', logprob=-0.0088, prob=0.991273
2025-11-21 08:10:22 | DEBUG    | logits_to_prob_map:180 | topk[1]: token_id=236776, text='A', logprob=-4.7588, prob=0.008576
2025-11-21 08:10:22 | DEBUG    | logits_to_prob_map:180 | topk[2]: token_id=236789, text=''', logprob=-9.7588, prob=0.000058
2025-11-21 08:10:22 | DEBUG    | logits_to_prob_map:180 | topk[3]: token_id=236763, text='b', logprob=-11.5088, prob=0.000010
2025-11-21 08:10:22 | DEBUG    | logits_to_prob_map:180 | topk[4]: token_id=14433, text='answer', logprob=-11.7588, prob=0.000008
2025-11-21 08:10:22 | DEBUG    | logits_to_prob_map:180 | topk[5]: token_id=7925, text='Answer', logprob=-11.8838, prob=0.000007
2025-11-21 08:10:22 | DEBUG    | logits_to_prob_map:180 | topk[6]: token_id=107, text='
', logprob=-11.8838, prob=0.000007
2025-11-21 08:10:22 | DEBUG    | logits_to_prob_map:180 | topk[7]: token_id=35343, text='Bs', logprob=-12.1338, prob=0.000005
2025-11-21 08:10:22 | DEBUG    | logits_to_prob_map:180 | topk[8]: token_id=74314, text='Assistant', logprob=-12.2588, prob=0.000005
2025-11-21 08:10:22 | DEBUG    | logits_to_prob_map:180 | topk[9]: token_id=236775, text='"', logprob=-12.7588, prob=0.000003
2025-11-21 08:10:22 | DEBUG    | only_abt_probs:198 | only_abt_probs result: {'A': 0.008576196657213708, 'B': 0.991273455806598, 'T': 2.240603697395683e-06}
2025-11-21 08:10:22 | DEBUG    | main:544 | Row 18 complete: JR={'A': 0.9922775220927563, 'B': 0.007576132615860993, 'T': 0.0}, RJ={'A': 0.008576196657213708, 'B': 0.991273455806598, 'T': 2.240603697395683e-06}, combined_norm={'A': 0.9919215256992522, 'B': 0.008077353833937059, 'T': 1.1204668106699306e-06}
2025-11-21 08:10:22 | DEBUG    | main:393 | ========== Row 19 ==========
2025-11-21 08:10:22 | DEBUG    | main:394 | Built msgs_jr with 2 messages
2025-11-21 08:10:22 | DEBUG    | main:396 | msgs_jr[0] role=system content=You are an impartial and unbiased judge.
2025-11-21 08:10:22 | DEBUG    | main:396 | msgs_jr[1] role=user content=You will be given answers from two assistants (Assistant A and Assistant B) to a user prompt. Please act as an impartial judge and evaluate the quality of their answers. You must output only one of the following choices:
'A' if Assistant A's answer is better.
'T' if both answers are relatively the s...<truncated 8239 chars>
2025-11-21 08:10:22 | DEBUG    | main:410 | JR prompt (truncated): <bos><start_of_turn>user
You are an impartial and unbiased judge.

You will be given answers from two assistants (Assistant A and Assistant B) to a user prompt. Please act as an impartial judge and evaluate the quality of their answers. You must output only one of the following choices:
'A' if Assistant A's answer is better.
'T' if both answers are relatively the same in quality.
'B' if Assistant B's answer is better.
Do not think or reason. Just choose which answer you prefer: A or B or T.
Outp...<truncated 8454 chars>
2025-11-21 08:10:22 | DEBUG    | main:440 | JR prompt length: 3626
2025-11-21 08:10:27 | DEBUG    | main:461 | JR: Generated 8 steps
2025-11-21 08:10:27 | DEBUG    | main:467 | JR: generated text='B's answer.

B<end_of_turn>'
2025-11-21 08:10:27 | DEBUG    | main:473 | JR step 0: token_id=236799, text='B'
2025-11-21 08:10:27 | DEBUG    | main:476 | JR: Found A/B/T at step 0
2025-11-21 08:10:27 | DEBUG    | main:483 | JR step 0: extracting probs from logits
2025-11-21 08:10:27 | DEBUG    | logits_to_prob_map:157 | logits_to_prob_map: input shape=torch.Size([262208]), dtype=torch.float32
2025-11-21 08:10:27 | DEBUG    | logits_to_prob_map:170 | Top-k extraction: k=50, top logprobs range=[-15.2561, -0.0061]
2025-11-21 08:10:27 | DEBUG    | logits_to_prob_map:180 | topk[0]: token_id=236799, text='B', logprob=-0.0061, prob=0.993906
2025-11-21 08:10:27 | DEBUG    | logits_to_prob_map:180 | topk[1]: token_id=236776, text='A', logprob=-5.1311, prob=0.005910
2025-11-21 08:10:27 | DEBUG    | logits_to_prob_map:180 | topk[2]: token_id=236789, text=''', logprob=-9.8811, prob=0.000051
2025-11-21 08:10:27 | DEBUG    | logits_to_prob_map:180 | topk[3]: token_id=107, text='
', logprob=-10.1311, prob=0.000040
2025-11-21 08:10:27 | DEBUG    | logits_to_prob_map:180 | topk[4]: token_id=35343, text='Bs', logprob=-11.3811, prob=0.000011
2025-11-21 08:10:27 | DEBUG    | logits_to_prob_map:180 | topk[5]: token_id=236763, text='b', logprob=-11.3811, prob=0.000011
2025-11-21 08:10:27 | DEBUG    | logits_to_prob_map:180 | topk[6]: token_id=74314, text='Assistant', logprob=-11.8811, prob=0.000007
2025-11-21 08:10:27 | DEBUG    | logits_to_prob_map:180 | topk[7]: token_id=22186, text='Both', logprob=-12.0061, prob=0.000006
2025-11-21 08:10:27 | DEBUG    | logits_to_prob_map:180 | topk[8]: token_id=236785, text='\', logprob=-12.6311, prob=0.000003
2025-11-21 08:10:27 | DEBUG    | logits_to_prob_map:180 | topk[9]: token_id=1018, text='**', logprob=-12.6311, prob=0.000003
2025-11-21 08:10:27 | DEBUG    | only_abt_probs:198 | only_abt_probs result: {'A': 0.005909984331844139, 'B': 0.9939064255521527, 'T': 2.246556185088771e-06}
2025-11-21 08:10:27 | DEBUG    | main:410 | RJ prompt (truncated): <bos><start_of_turn>user
You are an impartial and unbiased judge.

You will be given answers from two assistants (Assistant A and Assistant B) to a user prompt. Please act as an impartial judge and evaluate the quality of their answers. You must output only one of the following choices:
'A' if Assistant A's answer is better.
'T' if both answers are relatively the same in quality.
'B' if Assistant B's answer is better.
Do not think or reason. Just choose which answer you prefer: A or B or T.
Outp...<truncated 8454 chars>
2025-11-21 08:10:27 | DEBUG    | main:440 | RJ prompt length: 3626
2025-11-21 08:10:33 | DEBUG    | main:461 | RJ: Generated 8 steps
2025-11-21 08:10:33 | DEBUG    | main:467 | RJ: generated text='A's answer.

A<end_of_turn>'
2025-11-21 08:10:33 | DEBUG    | main:473 | RJ step 0: token_id=236776, text='A'
2025-11-21 08:10:33 | DEBUG    | main:476 | RJ: Found A/B/T at step 0
2025-11-21 08:10:33 | DEBUG    | main:483 | RJ step 0: extracting probs from logits
2025-11-21 08:10:33 | DEBUG    | logits_to_prob_map:157 | logits_to_prob_map: input shape=torch.Size([262208]), dtype=torch.float32
2025-11-21 08:10:33 | DEBUG    | logits_to_prob_map:170 | Top-k extraction: k=50, top logprobs range=[-15.3202, -0.0702]
2025-11-21 08:10:33 | DEBUG    | logits_to_prob_map:180 | topk[0]: token_id=236776, text='A', logprob=-0.0702, prob=0.932242
2025-11-21 08:10:33 | DEBUG    | logits_to_prob_map:180 | topk[1]: token_id=236799, text='B', logprob=-2.6952, prob=0.067531
2025-11-21 08:10:33 | DEBUG    | logits_to_prob_map:180 | topk[2]: token_id=236789, text=''', logprob=-9.0702, prob=0.000115
2025-11-21 08:10:33 | DEBUG    | logits_to_prob_map:180 | topk[3]: token_id=107, text='
', logprob=-11.0702, prob=0.000016
2025-11-21 08:10:33 | DEBUG    | logits_to_prob_map:180 | topk[4]: token_id=2205, text='As', logprob=-11.1952, prob=0.000014
2025-11-21 08:10:33 | DEBUG    | logits_to_prob_map:180 | topk[5]: token_id=236769, text='(', logprob=-11.6952, prob=0.000008
2025-11-21 08:10:33 | DEBUG    | logits_to_prob_map:180 | topk[6]: token_id=1018, text='**', logprob=-11.6952, prob=0.000008
2025-11-21 08:10:33 | DEBUG    | logits_to_prob_map:180 | topk[7]: token_id=236746, text='a', logprob=-11.9452, prob=0.000006
2025-11-21 08:10:33 | DEBUG    | logits_to_prob_map:180 | topk[8]: token_id=236775, text='"', logprob=-12.1952, prob=0.000005
2025-11-21 08:10:33 | DEBUG    | logits_to_prob_map:180 | topk[9]: token_id=236858, text='’', logprob=-12.5702, prob=0.000003
2025-11-21 08:10:33 | DEBUG    | only_abt_probs:198 | only_abt_probs result: {'A': 0.9322421955637399, 'B': 0.06753140468464039, 'T': 1.2780657277944423e-06}
2025-11-21 08:10:33 | DEBUG    | main:544 | Row 19 complete: JR={'A': 0.005909984331844139, 'B': 0.9939064255521527, 'T': 2.246556185088771e-06}, RJ={'A': 0.9322421955637399, 'B': 0.06753140468464039, 'T': 1.2780657277944423e-06}, combined_norm={'A': 0.03672815886830171, 'B': 0.96327007846251, 'T': 1.7626691883239758e-06}
2025-11-21 08:10:33 | INFO     | main:391 | Processing row 20/970
2025-11-21 08:10:33 | DEBUG    | main:393 | ========== Row 20 ==========
2025-11-21 08:10:33 | DEBUG    | main:394 | Built msgs_jr with 2 messages
2025-11-21 08:10:33 | DEBUG    | main:396 | msgs_jr[0] role=system content=You are an impartial and unbiased judge.
2025-11-21 08:10:33 | DEBUG    | main:396 | msgs_jr[1] role=user content=You will be given answers from two assistants (Assistant A and Assistant B) to a user prompt. Please act as an impartial judge and evaluate the quality of their answers. You must output only one of the following choices:
'A' if Assistant A's answer is better.
'T' if both answers are relatively the s...<truncated 3349 chars>
2025-11-21 08:10:33 | DEBUG    | main:410 | JR prompt (truncated): <bos><start_of_turn>user
You are an impartial and unbiased judge.

You will be given answers from two assistants (Assistant A and Assistant B) to a user prompt. Please act as an impartial judge and evaluate the quality of their answers. You must output only one of the following choices:
'A' if Assistant A's answer is better.
'T' if both answers are relatively the same in quality.
'B' if Assistant B's answer is better.
Do not think or reason. Just choose which answer you prefer: A or B or T.
Outp...<truncated 3564 chars>
2025-11-21 08:10:33 | DEBUG    | main:440 | JR prompt length: 1102
2025-11-21 08:10:34 | DEBUG    | main:461 | JR: Generated 8 steps
2025-11-21 08:10:34 | DEBUG    | main:467 | JR: generated text='A's answer.

A<end_of_turn>'
2025-11-21 08:10:34 | DEBUG    | main:473 | JR step 0: token_id=236776, text='A'
2025-11-21 08:10:34 | DEBUG    | main:476 | JR: Found A/B/T at step 0
2025-11-21 08:10:34 | DEBUG    | main:483 | JR step 0: extracting probs from logits
2025-11-21 08:10:34 | DEBUG    | logits_to_prob_map:157 | logits_to_prob_map: input shape=torch.Size([262208]), dtype=torch.float32
2025-11-21 08:10:34 | DEBUG    | logits_to_prob_map:170 | Top-k extraction: k=50, top logprobs range=[-17.2763, -0.0263]
2025-11-21 08:10:34 | DEBUG    | logits_to_prob_map:180 | topk[0]: token_id=236776, text='A', logprob=-0.0263, prob=0.974009
2025-11-21 08:10:34 | DEBUG    | logits_to_prob_map:180 | topk[1]: token_id=236799, text='B', logprob=-3.6513, prob=0.025956
2025-11-21 08:10:34 | DEBUG    | logits_to_prob_map:180 | topk[2]: token_id=236789, text=''', logprob=-11.1513, prob=0.000014
2025-11-21 08:10:34 | DEBUG    | logits_to_prob_map:180 | topk[3]: token_id=236746, text='a', logprob=-12.5263, prob=0.000004
2025-11-21 08:10:34 | DEBUG    | logits_to_prob_map:180 | topk[4]: token_id=107, text='
', logprob=-12.5263, prob=0.000004
2025-11-21 08:10:34 | DEBUG    | logits_to_prob_map:180 | topk[5]: token_id=2205, text='As', logprob=-13.0263, prob=0.000002
2025-11-21 08:10:34 | DEBUG    | logits_to_prob_map:180 | topk[6]: token_id=432, text='�', logprob=-13.6513, prob=0.000001
2025-11-21 08:10:34 | DEBUG    | logits_to_prob_map:180 | topk[7]: token_id=236769, text='(', logprob=-13.6513, prob=0.000001
2025-11-21 08:10:34 | DEBUG    | logits_to_prob_map:180 | topk[8]: token_id=236763, text='b', logprob=-14.2763, prob=0.000001
2025-11-21 08:10:34 | DEBUG    | logits_to_prob_map:180 | topk[9]: token_id=1018, text='**', logprob=-14.2763, prob=0.000001
2025-11-21 08:10:34 | DEBUG    | only_abt_probs:198 | only_abt_probs result: {'A': 0.9740089206630105, 'B': 0.02595645993530963, 'T': 1.0961026998571482e-07}
2025-11-21 08:10:34 | DEBUG    | main:410 | RJ prompt (truncated): <bos><start_of_turn>user
You are an impartial and unbiased judge.

You will be given answers from two assistants (Assistant A and Assistant B) to a user prompt. Please act as an impartial judge and evaluate the quality of their answers. You must output only one of the following choices:
'A' if Assistant A's answer is better.
'T' if both answers are relatively the same in quality.
'B' if Assistant B's answer is better.
Do not think or reason. Just choose which answer you prefer: A or B or T.
Outp...<truncated 3564 chars>
2025-11-21 08:10:34 | DEBUG    | main:440 | RJ prompt length: 1102
2025-11-21 08:10:36 | DEBUG    | main:461 | RJ: Generated 8 steps
2025-11-21 08:10:36 | DEBUG    | main:467 | RJ: generated text='B's answer.

B<end_of_turn>'
2025-11-21 08:10:36 | DEBUG    | main:473 | RJ step 0: token_id=236799, text='B'
2025-11-21 08:10:36 | DEBUG    | main:476 | RJ: Found A/B/T at step 0
2025-11-21 08:10:36 | DEBUG    | main:483 | RJ step 0: extracting probs from logits
2025-11-21 08:10:36 | DEBUG    | logits_to_prob_map:157 | logits_to_prob_map: input shape=torch.Size([262208]), dtype=torch.float32
2025-11-21 08:10:36 | DEBUG    | logits_to_prob_map:170 | Top-k extraction: k=50, top logprobs range=[-16.8161, -0.0036]
2025-11-21 08:10:36 | DEBUG    | logits_to_prob_map:180 | topk[0]: token_id=236799, text='B', logprob=-0.0036, prob=0.996361
2025-11-21 08:10:36 | DEBUG    | logits_to_prob_map:180 | topk[1]: token_id=236776, text='A', logprob=-5.6286, prob=0.003593
2025-11-21 08:10:36 | DEBUG    | logits_to_prob_map:180 | topk[2]: token_id=236789, text=''', logprob=-11.0036, prob=0.000017
2025-11-21 08:10:36 | DEBUG    | logits_to_prob_map:180 | topk[3]: token_id=35343, text='Bs', logprob=-11.8786, prob=0.000007
2025-11-21 08:10:36 | DEBUG    | logits_to_prob_map:180 | topk[4]: token_id=236763, text='b', logprob=-12.3786, prob=0.000004
2025-11-21 08:10:36 | DEBUG    | logits_to_prob_map:180 | topk[5]: token_id=107, text='
', logprob=-12.7536, prob=0.000003
2025-11-21 08:10:36 | DEBUG    | logits_to_prob_map:180 | topk[6]: token_id=7925, text='Answer', logprob=-13.5036, prob=0.000001
2025-11-21 08:10:36 | DEBUG    | logits_to_prob_map:180 | topk[7]: token_id=74314, text='Assistant', logprob=-13.7536, prob=0.000001
2025-11-21 08:10:36 | DEBUG    | logits_to_prob_map:180 | topk[8]: token_id=236775, text='"', logprob=-13.8786, prob=0.000001
2025-11-21 08:10:36 | DEBUG    | logits_to_prob_map:180 | topk[9]: token_id=236769, text='(', logprob=-14.0036, prob=0.000001
2025-11-21 08:10:36 | DEBUG    | only_abt_probs:198 | only_abt_probs result: {'A': 0.003593439633233404, 'B': 0.9963610751247038, 'T': 3.4537125504706764e-07}
2025-11-21 08:10:36 | DEBUG    | main:544 | Row 20 complete: JR={'A': 0.9740089206630105, 'B': 0.02595645993530963, 'T': 1.0961026998571482e-07}, RJ={'A': 0.003593439633233404, 'B': 0.9963610751247038, 'T': 3.4537125504706764e-07}, combined_norm={'A': 0.9852242342825918, 'B': 0.014775538217585572, 'T': 2.2749982265840587e-07}
2025-11-21 08:10:36 | DEBUG    | main:393 | ========== Row 21 ==========
2025-11-21 08:10:36 | DEBUG    | main:394 | Built msgs_jr with 2 messages
2025-11-21 08:10:36 | DEBUG    | main:396 | msgs_jr[0] role=system content=You are an impartial and unbiased judge.
2025-11-21 08:10:36 | DEBUG    | main:396 | msgs_jr[1] role=user content=You will be given answers from two assistants (Assistant A and Assistant B) to a user prompt. Please act as an impartial judge and evaluate the quality of their answers. You must output only one of the following choices:
'A' if Assistant A's answer is better.
'T' if both answers are relatively the s...<truncated 2981 chars>
2025-11-21 08:10:36 | DEBUG    | main:410 | JR prompt (truncated): <bos><start_of_turn>user
You are an impartial and unbiased judge.

You will be given answers from two assistants (Assistant A and Assistant B) to a user prompt. Please act as an impartial judge and evaluate the quality of their answers. You must output only one of the following choices:
'A' if Assistant A's answer is better.
'T' if both answers are relatively the same in quality.
'B' if Assistant B's answer is better.
Do not think or reason. Just choose which answer you prefer: A or B or T.
Outp...<truncated 3196 chars>
2025-11-21 08:10:36 | DEBUG    | main:440 | JR prompt length: 1203
2025-11-21 08:10:38 | DEBUG    | main:461 | JR: Generated 8 steps
2025-11-21 08:10:38 | DEBUG    | main:467 | JR: generated text='A's answer.

A<end_of_turn>'
2025-11-21 08:10:38 | DEBUG    | main:473 | JR step 0: token_id=236776, text='A'
2025-11-21 08:10:38 | DEBUG    | main:476 | JR: Found A/B/T at step 0
2025-11-21 08:10:38 | DEBUG    | main:483 | JR step 0: extracting probs from logits
2025-11-21 08:10:38 | DEBUG    | logits_to_prob_map:157 | logits_to_prob_map: input shape=torch.Size([262208]), dtype=torch.float32
2025-11-21 08:10:38 | DEBUG    | logits_to_prob_map:170 | Top-k extraction: k=50, top logprobs range=[-16.0140, -0.2015]
2025-11-21 08:10:38 | DEBUG    | logits_to_prob_map:180 | topk[0]: token_id=236776, text='A', logprob=-0.2015, prob=0.817464
2025-11-21 08:10:38 | DEBUG    | logits_to_prob_map:180 | topk[1]: token_id=236799, text='B', logprob=-1.7015, prob=0.182401
2025-11-21 08:10:38 | DEBUG    | logits_to_prob_map:180 | topk[2]: token_id=236789, text=''', logprob=-9.7015, prob=0.000061
2025-11-21 08:10:38 | DEBUG    | logits_to_prob_map:180 | topk[3]: token_id=107, text='
', logprob=-11.0765, prob=0.000015
2025-11-21 08:10:38 | DEBUG    | logits_to_prob_map:180 | topk[4]: token_id=2205, text='As', logprob=-11.3265, prob=0.000012
2025-11-21 08:10:38 | DEBUG    | logits_to_prob_map:180 | topk[5]: token_id=236746, text='a', logprob=-11.5765, prob=0.000009
2025-11-21 08:10:38 | DEBUG    | logits_to_prob_map:180 | topk[6]: token_id=236763, text='b', logprob=-12.3265, prob=0.000004
2025-11-21 08:10:38 | DEBUG    | logits_to_prob_map:180 | topk[7]: token_id=236769, text='(', logprob=-12.7015, prob=0.000003
2025-11-21 08:10:38 | DEBUG    | logits_to_prob_map:180 | topk[8]: token_id=236775, text='"', logprob=-12.8265, prob=0.000003
2025-11-21 08:10:38 | DEBUG    | logits_to_prob_map:180 | topk[9]: token_id=35343, text='Bs', logprob=-12.9515, prob=0.000002
2025-11-21 08:10:38 | DEBUG    | only_abt_probs:198 | only_abt_probs result: {'A': 0.8174644031518712, 'B': 0.18240097406286257, 'T': 4.671816780608785e-07}
2025-11-21 08:10:38 | DEBUG    | main:410 | RJ prompt (truncated): <bos><start_of_turn>user
You are an impartial and unbiased judge.

You will be given answers from two assistants (Assistant A and Assistant B) to a user prompt. Please act as an impartial judge and evaluate the quality of their answers. You must output only one of the following choices:
'A' if Assistant A's answer is better.
'T' if both answers are relatively the same in quality.
'B' if Assistant B's answer is better.
Do not think or reason. Just choose which answer you prefer: A or B or T.
Outp...<truncated 3196 chars>
2025-11-21 08:10:38 | DEBUG    | main:440 | RJ prompt length: 1203
2025-11-21 08:10:40 | DEBUG    | main:461 | RJ: Generated 8 steps
2025-11-21 08:10:40 | DEBUG    | main:467 | RJ: generated text='B's answer.

B<end_of_turn>'
2025-11-21 08:10:40 | DEBUG    | main:473 | RJ step 0: token_id=236799, text='B'
2025-11-21 08:10:40 | DEBUG    | main:476 | RJ: Found A/B/T at step 0
2025-11-21 08:10:40 | DEBUG    | main:483 | RJ step 0: extracting probs from logits
2025-11-21 08:10:40 | DEBUG    | logits_to_prob_map:157 | logits_to_prob_map: input shape=torch.Size([262208]), dtype=torch.float32
2025-11-21 08:10:40 | DEBUG    | logits_to_prob_map:170 | Top-k extraction: k=50, top logprobs range=[-15.7554, -0.0054]
2025-11-21 08:10:40 | DEBUG    | logits_to_prob_map:180 | topk[0]: token_id=236799, text='B', logprob=-0.0054, prob=0.994654
2025-11-21 08:10:40 | DEBUG    | logits_to_prob_map:180 | topk[1]: token_id=236776, text='A', logprob=-5.2554, prob=0.005219
2025-11-21 08:10:40 | DEBUG    | logits_to_prob_map:180 | topk[2]: token_id=236789, text=''', logprob=-10.0054, prob=0.000045
2025-11-21 08:10:40 | DEBUG    | logits_to_prob_map:180 | topk[3]: token_id=35343, text='Bs', logprob=-11.0054, prob=0.000017
2025-11-21 08:10:40 | DEBUG    | logits_to_prob_map:180 | topk[4]: token_id=236763, text='b', logprob=-11.3804, prob=0.000011
2025-11-21 08:10:40 | DEBUG    | logits_to_prob_map:180 | topk[5]: token_id=107, text='
', logprob=-11.5054, prob=0.000010
2025-11-21 08:10:40 | DEBUG    | logits_to_prob_map:180 | topk[6]: token_id=74314, text='Assistant', logprob=-12.5054, prob=0.000004
2025-11-21 08:10:40 | DEBUG    | logits_to_prob_map:180 | topk[7]: token_id=236775, text='"', logprob=-12.7554, prob=0.000003
2025-11-21 08:10:40 | DEBUG    | logits_to_prob_map:180 | topk[8]: token_id=236774, text='T', logprob=-13.0054, prob=0.000002
2025-11-21 08:10:40 | DEBUG    | logits_to_prob_map:180 | topk[9]: token_id=7925, text='Answer', logprob=-13.1304, prob=0.000002
2025-11-21 08:10:40 | DEBUG    | only_abt_probs:198 | only_abt_probs result: {'A': 0.005219463796543021, 'B': 0.9946538266015804, 'T': 2.248245096165765e-06}
2025-11-21 08:10:40 | DEBUG    | main:544 | Row 21 complete: JR={'A': 0.8174644031518712, 'B': 0.18240097406286257, 'T': 4.671816780608785e-07}, RJ={'A': 0.005219463796543021, 'B': 0.9946538266015804, 'T': 2.248245096165765e-06}, combined_norm={'A': 0.9061762911557142, 'B': 0.09382235095531215, 'T': 1.3578889736727662e-06}
2025-11-21 08:10:40 | DEBUG    | main:393 | ========== Row 22 ==========
2025-11-21 08:10:40 | DEBUG    | main:394 | Built msgs_jr with 2 messages
2025-11-21 08:10:40 | DEBUG    | main:396 | msgs_jr[0] role=system content=You are an impartial and unbiased judge.
2025-11-21 08:10:40 | DEBUG    | main:396 | msgs_jr[1] role=user content=You will be given answers from two assistants (Assistant A and Assistant B) to a user prompt. Please act as an impartial judge and evaluate the quality of their answers. You must output only one of the following choices:
'A' if Assistant A's answer is better.
'T' if both answers are relatively the s...<truncated 12278 chars>
2025-11-21 08:10:40 | DEBUG    | main:410 | JR prompt (truncated): <bos><start_of_turn>user
You are an impartial and unbiased judge.

You will be given answers from two assistants (Assistant A and Assistant B) to a user prompt. Please act as an impartial judge and evaluate the quality of their answers. You must output only one of the following choices:
'A' if Assistant A's answer is better.
'T' if both answers are relatively the same in quality.
'B' if Assistant B's answer is better.
Do not think or reason. Just choose which answer you prefer: A or B or T.
Outp...<truncated 12493 chars>
2025-11-21 08:10:40 | DEBUG    | main:440 | JR prompt length: 4856
2025-11-21 08:10:47 | DEBUG    | main:461 | JR: Generated 8 steps
2025-11-21 08:10:47 | DEBUG    | main:467 | JR: generated text='A's answer.

A<end_of_turn>'
2025-11-21 08:10:47 | DEBUG    | main:473 | JR step 0: token_id=236776, text='A'
2025-11-21 08:10:47 | DEBUG    | main:476 | JR: Found A/B/T at step 0
2025-11-21 08:10:47 | DEBUG    | main:483 | JR step 0: extracting probs from logits
2025-11-21 08:10:47 | DEBUG    | logits_to_prob_map:157 | logits_to_prob_map: input shape=torch.Size([262208]), dtype=torch.float32
2025-11-21 08:10:47 | DEBUG    | logits_to_prob_map:170 | Top-k extraction: k=50, top logprobs range=[-14.9301, -0.1801]
2025-11-21 08:10:47 | DEBUG    | logits_to_prob_map:180 | topk[0]: token_id=236776, text='A', logprob=-0.1801, prob=0.835187
2025-11-21 08:10:47 | DEBUG    | logits_to_prob_map:180 | topk[1]: token_id=236799, text='B', logprob=-1.8051, prob=0.164458
2025-11-21 08:10:47 | DEBUG    | logits_to_prob_map:180 | topk[2]: token_id=236789, text=''', logprob=-8.5551, prob=0.000193
2025-11-21 08:10:47 | DEBUG    | logits_to_prob_map:180 | topk[3]: token_id=2205, text='As', logprob=-10.5551, prob=0.000026
2025-11-21 08:10:47 | DEBUG    | logits_to_prob_map:180 | topk[4]: token_id=236746, text='a', logprob=-11.1801, prob=0.000014
2025-11-21 08:10:47 | DEBUG    | logits_to_prob_map:180 | topk[5]: token_id=107, text='
', logprob=-11.3051, prob=0.000012
2025-11-21 08:10:47 | DEBUG    | logits_to_prob_map:180 | topk[6]: token_id=236858, text='’', logprob=-11.5551, prob=0.000010
2025-11-21 08:10:47 | DEBUG    | logits_to_prob_map:180 | topk[7]: token_id=236775, text='"', logprob=-11.6801, prob=0.000008
2025-11-21 08:10:47 | DEBUG    | logits_to_prob_map:180 | topk[8]: token_id=1018, text='**', logprob=-11.6801, prob=0.000008
2025-11-21 08:10:47 | DEBUG    | logits_to_prob_map:180 | topk[9]: token_id=236769, text='(', logprob=-11.6801, prob=0.000008
2025-11-21 08:10:47 | DEBUG    | only_abt_probs:198 | only_abt_probs result: {'A': 0.8351866438430883, 'B': 0.1644579962460808, 'T': 6.128776942019765e-07}
2025-11-21 08:10:47 | DEBUG    | main:410 | RJ prompt (truncated): <bos><start_of_turn>user
You are an impartial and unbiased judge.

You will be given answers from two assistants (Assistant A and Assistant B) to a user prompt. Please act as an impartial judge and evaluate the quality of their answers. You must output only one of the following choices:
'A' if Assistant A's answer is better.
'T' if both answers are relatively the same in quality.
'B' if Assistant B's answer is better.
Do not think or reason. Just choose which answer you prefer: A or B or T.
Outp...<truncated 12493 chars>
2025-11-21 08:10:47 | DEBUG    | main:440 | RJ prompt length: 4856
2025-11-21 08:10:54 | DEBUG    | main:461 | RJ: Generated 8 steps
2025-11-21 08:10:54 | DEBUG    | main:467 | RJ: generated text='B's answer.

B<end_of_turn>'
2025-11-21 08:10:54 | DEBUG    | main:473 | RJ step 0: token_id=236799, text='B'
2025-11-21 08:10:54 | DEBUG    | main:476 | RJ: Found A/B/T at step 0
2025-11-21 08:10:54 | DEBUG    | main:483 | RJ step 0: extracting probs from logits
2025-11-21 08:10:54 | DEBUG    | logits_to_prob_map:157 | logits_to_prob_map: input shape=torch.Size([262208]), dtype=torch.float32
2025-11-21 08:10:54 | DEBUG    | logits_to_prob_map:170 | Top-k extraction: k=50, top logprobs range=[-14.2112, -0.0237]
2025-11-21 08:10:54 | DEBUG    | logits_to_prob_map:180 | topk[0]: token_id=236799, text='B', logprob=-0.0237, prob=0.976607
2025-11-21 08:10:54 | DEBUG    | logits_to_prob_map:180 | topk[1]: token_id=236776, text='A', logprob=-3.7737, prob=0.022968
2025-11-21 08:10:54 | DEBUG    | logits_to_prob_map:180 | topk[2]: token_id=236789, text=''', logprob=-8.7737, prob=0.000155
2025-11-21 08:10:54 | DEBUG    | logits_to_prob_map:180 | topk[3]: token_id=236763, text='b', logprob=-10.3987, prob=0.000030
2025-11-21 08:10:54 | DEBUG    | logits_to_prob_map:180 | topk[4]: token_id=35343, text='Bs', logprob=-10.7737, prob=0.000021
2025-11-21 08:10:54 | DEBUG    | logits_to_prob_map:180 | topk[5]: token_id=22186, text='Both', logprob=-10.7737, prob=0.000021
2025-11-21 08:10:54 | DEBUG    | logits_to_prob_map:180 | topk[6]: token_id=107, text='
', logprob=-11.0237, prob=0.000016
2025-11-21 08:10:54 | DEBUG    | logits_to_prob_map:180 | topk[7]: token_id=1018, text='**', logprob=-11.5862, prob=0.000009
2025-11-21 08:10:54 | DEBUG    | logits_to_prob_map:180 | topk[8]: token_id=236769, text='(', logprob=-11.6487, prob=0.000009
2025-11-21 08:10:54 | DEBUG    | logits_to_prob_map:180 | topk[9]: token_id=236774, text='T', logprob=-11.7737, prob=0.000008
2025-11-21 08:10:54 | DEBUG    | only_abt_probs:198 | only_abt_probs result: {'A': 0.022967607278385385, 'B': 0.9766074760479996, 'T': 7.704775731201483e-06}
2025-11-21 08:10:54 | DEBUG    | main:544 | Row 22 complete: JR={'A': 0.8351866438430883, 'B': 0.1644579962460808, 'T': 6.128776942019765e-07}, RJ={'A': 0.022967607278385385, 'B': 0.9766074760479996, 'T': 7.704775731201483e-06}, combined_norm={'A': 0.9062468526213391, 'B': 0.09374898694610669, 'T': 4.160432554235305e-06}
2025-11-21 08:10:54 | DEBUG    | main:393 | ========== Row 23 ==========
2025-11-21 08:10:54 | DEBUG    | main:394 | Built msgs_jr with 2 messages
2025-11-21 08:10:54 | DEBUG    | main:396 | msgs_jr[0] role=system content=You are an impartial and unbiased judge.
2025-11-21 08:10:54 | DEBUG    | main:396 | msgs_jr[1] role=user content=You will be given answers from two assistants (Assistant A and Assistant B) to a user prompt. Please act as an impartial judge and evaluate the quality of their answers. You must output only one of the following choices:
'A' if Assistant A's answer is better.
'T' if both answers are relatively the s...<truncated 3738 chars>
2025-11-21 08:10:54 | DEBUG    | main:410 | JR prompt (truncated): <bos><start_of_turn>user
You are an impartial and unbiased judge.

You will be given answers from two assistants (Assistant A and Assistant B) to a user prompt. Please act as an impartial judge and evaluate the quality of their answers. You must output only one of the following choices:
'A' if Assistant A's answer is better.
'T' if both answers are relatively the same in quality.
'B' if Assistant B's answer is better.
Do not think or reason. Just choose which answer you prefer: A or B or T.
Outp...<truncated 3953 chars>
2025-11-21 08:10:54 | DEBUG    | main:440 | JR prompt length: 1611
2025-11-21 08:10:57 | DEBUG    | main:461 | JR: Generated 8 steps
2025-11-21 08:10:57 | DEBUG    | main:467 | JR: generated text='A's answer.

A<end_of_turn>'
2025-11-21 08:10:57 | DEBUG    | main:473 | JR step 0: token_id=236776, text='A'
2025-11-21 08:10:57 | DEBUG    | main:476 | JR: Found A/B/T at step 0
2025-11-21 08:10:57 | DEBUG    | main:483 | JR step 0: extracting probs from logits
2025-11-21 08:10:57 | DEBUG    | logits_to_prob_map:157 | logits_to_prob_map: input shape=torch.Size([262208]), dtype=torch.float32
2025-11-21 08:10:57 | DEBUG    | logits_to_prob_map:170 | Top-k extraction: k=50, top logprobs range=[-15.9558, -0.0183]
2025-11-21 08:10:57 | DEBUG    | logits_to_prob_map:180 | topk[0]: token_id=236776, text='A', logprob=-0.0183, prob=0.981867
2025-11-21 08:10:57 | DEBUG    | logits_to_prob_map:180 | topk[1]: token_id=236799, text='B', logprob=-4.0183, prob=0.017984
2025-11-21 08:10:57 | DEBUG    | logits_to_prob_map:180 | topk[2]: token_id=236789, text=''', logprob=-9.3933, prob=0.000083
2025-11-21 08:10:57 | DEBUG    | logits_to_prob_map:180 | topk[3]: token_id=107, text='
', logprob=-11.2683, prob=0.000013
2025-11-21 08:10:57 | DEBUG    | logits_to_prob_map:180 | topk[4]: token_id=2205, text='As', logprob=-11.5183, prob=0.000010
2025-11-21 08:10:57 | DEBUG    | logits_to_prob_map:180 | topk[5]: token_id=236746, text='a', logprob=-11.8933, prob=0.000007
2025-11-21 08:10:57 | DEBUG    | logits_to_prob_map:180 | topk[6]: token_id=236769, text='(', logprob=-12.1433, prob=0.000005
2025-11-21 08:10:57 | DEBUG    | logits_to_prob_map:180 | topk[7]: token_id=1018, text='**', logprob=-12.6433, prob=0.000003
2025-11-21 08:10:57 | DEBUG    | logits_to_prob_map:180 | topk[8]: token_id=236795, text='$', logprob=-13.1433, prob=0.000002
2025-11-21 08:10:57 | DEBUG    | logits_to_prob_map:180 | topk[9]: token_id=236858, text='’', logprob=-13.2683, prob=0.000002
2025-11-21 08:10:57 | DEBUG    | only_abt_probs:198 | only_abt_probs result: {'A': 0.9818665154594428, 'B': 0.017983509921336696, 'T': 2.3391686641170458e-07}
2025-11-21 08:10:57 | DEBUG    | main:410 | RJ prompt (truncated): <bos><start_of_turn>user
You are an impartial and unbiased judge.

You will be given answers from two assistants (Assistant A and Assistant B) to a user prompt. Please act as an impartial judge and evaluate the quality of their answers. You must output only one of the following choices:
'A' if Assistant A's answer is better.
'T' if both answers are relatively the same in quality.
'B' if Assistant B's answer is better.
Do not think or reason. Just choose which answer you prefer: A or B or T.
Outp...<truncated 3953 chars>
2025-11-21 08:10:57 | DEBUG    | main:440 | RJ prompt length: 1611
2025-11-21 08:10:59 | DEBUG    | main:461 | RJ: Generated 8 steps
2025-11-21 08:10:59 | DEBUG    | main:467 | RJ: generated text='B's answer.

B<end_of_turn>'
2025-11-21 08:10:59 | DEBUG    | main:473 | RJ step 0: token_id=236799, text='B'
2025-11-21 08:10:59 | DEBUG    | main:476 | RJ: Found A/B/T at step 0
2025-11-21 08:10:59 | DEBUG    | main:483 | RJ step 0: extracting probs from logits
2025-11-21 08:10:59 | DEBUG    | logits_to_prob_map:157 | logits_to_prob_map: input shape=torch.Size([262208]), dtype=torch.float32
2025-11-21 08:10:59 | DEBUG    | logits_to_prob_map:170 | Top-k extraction: k=50, top logprobs range=[-15.5054, -0.0054]
2025-11-21 08:10:59 | DEBUG    | logits_to_prob_map:180 | topk[0]: token_id=236799, text='B', logprob=-0.0054, prob=0.994612
2025-11-21 08:10:59 | DEBUG    | logits_to_prob_map:180 | topk[1]: token_id=236776, text='A', logprob=-5.2554, prob=0.005219
2025-11-21 08:10:59 | DEBUG    | logits_to_prob_map:180 | topk[2]: token_id=236789, text=''', logprob=-9.7554, prob=0.000058
2025-11-21 08:10:59 | DEBUG    | logits_to_prob_map:180 | topk[3]: token_id=35343, text='Bs', logprob=-10.7554, prob=0.000021
2025-11-21 08:10:59 | DEBUG    | logits_to_prob_map:180 | topk[4]: token_id=236763, text='b', logprob=-11.0054, prob=0.000017
2025-11-21 08:10:59 | DEBUG    | logits_to_prob_map:180 | topk[5]: token_id=107, text='
', logprob=-11.5054, prob=0.000010
2025-11-21 08:10:59 | DEBUG    | logits_to_prob_map:180 | topk[6]: token_id=236774, text='T', logprob=-12.0054, prob=0.000006
2025-11-21 08:10:59 | DEBUG    | logits_to_prob_map:180 | topk[7]: token_id=22186, text='Both', logprob=-12.0054, prob=0.000006
2025-11-21 08:10:59 | DEBUG    | logits_to_prob_map:180 | topk[8]: token_id=27413, text='both', logprob=-12.7554, prob=0.000003
2025-11-21 08:10:59 | DEBUG    | logits_to_prob_map:180 | topk[9]: token_id=236795, text='$', logprob=-12.8804, prob=0.000003
2025-11-21 08:10:59 | DEBUG    | only_abt_probs:198 | only_abt_probs result: {'A': 0.005219244783721126, 'B': 0.9946118423552195, 'T': 6.111107353179707e-06}
2025-11-21 08:10:59 | DEBUG    | main:544 | Row 23 complete: JR={'A': 0.9818665154594428, 'B': 0.017983509921336696, 'T': 2.3391686641170458e-07}, RJ={'A': 0.005219244783721126, 'B': 0.9946118423552195, 'T': 6.111107353179707e-06}, combined_norm={'A': 0.9883936363946678, 'B': 0.011603190597372632, 'T': 3.1730079596461092e-06}
2025-11-21 08:10:59 | DEBUG    | main:393 | ========== Row 24 ==========
2025-11-21 08:10:59 | DEBUG    | main:394 | Built msgs_jr with 2 messages
2025-11-21 08:10:59 | DEBUG    | main:396 | msgs_jr[0] role=system content=You are an impartial and unbiased judge.
2025-11-21 08:10:59 | DEBUG    | main:396 | msgs_jr[1] role=user content=You will be given answers from two assistants (Assistant A and Assistant B) to a user prompt. Please act as an impartial judge and evaluate the quality of their answers. You must output only one of the following choices:
'A' if Assistant A's answer is better.
'T' if both answers are relatively the s...<truncated 3205 chars>
2025-11-21 08:10:59 | DEBUG    | main:410 | JR prompt (truncated): <bos><start_of_turn>user
You are an impartial and unbiased judge.

You will be given answers from two assistants (Assistant A and Assistant B) to a user prompt. Please act as an impartial judge and evaluate the quality of their answers. You must output only one of the following choices:
'A' if Assistant A's answer is better.
'T' if both answers are relatively the same in quality.
'B' if Assistant B's answer is better.
Do not think or reason. Just choose which answer you prefer: A or B or T.
Outp...<truncated 3420 chars>
2025-11-21 08:10:59 | DEBUG    | main:440 | JR prompt length: 1175
2025-11-21 08:11:01 | DEBUG    | main:461 | JR: Generated 8 steps
2025-11-21 08:11:01 | DEBUG    | main:467 | JR: generated text='A's answer.

A<end_of_turn>'
2025-11-21 08:11:01 | DEBUG    | main:473 | JR step 0: token_id=236776, text='A'
2025-11-21 08:11:01 | DEBUG    | main:476 | JR: Found A/B/T at step 0
2025-11-21 08:11:01 | DEBUG    | main:483 | JR step 0: extracting probs from logits
2025-11-21 08:11:01 | DEBUG    | logits_to_prob_map:157 | logits_to_prob_map: input shape=torch.Size([262208]), dtype=torch.float32
2025-11-21 08:11:01 | DEBUG    | logits_to_prob_map:170 | Top-k extraction: k=50, top logprobs range=[-15.7531, -0.0031]
2025-11-21 08:11:01 | DEBUG    | logits_to_prob_map:180 | topk[0]: token_id=236776, text='A', logprob=-0.0031, prob=0.996935
2025-11-21 08:11:01 | DEBUG    | logits_to_prob_map:180 | topk[1]: token_id=236799, text='B', logprob=-5.8781, prob=0.002800
2025-11-21 08:11:01 | DEBUG    | logits_to_prob_map:180 | topk[2]: token_id=236789, text=''', logprob=-8.7531, prob=0.000158
2025-11-21 08:11:01 | DEBUG    | logits_to_prob_map:180 | topk[3]: token_id=2205, text='As', logprob=-10.0031, prob=0.000045
2025-11-21 08:11:01 | DEBUG    | logits_to_prob_map:180 | topk[4]: token_id=236746, text='a', logprob=-11.5031, prob=0.000010
2025-11-21 08:11:01 | DEBUG    | logits_to_prob_map:180 | topk[5]: token_id=107, text='
', logprob=-11.7531, prob=0.000008
2025-11-21 08:11:01 | DEBUG    | logits_to_prob_map:180 | topk[6]: token_id=236769, text='(', logprob=-12.1281, prob=0.000005
2025-11-21 08:11:01 | DEBUG    | logits_to_prob_map:180 | topk[7]: token_id=236775, text='"', logprob=-12.6281, prob=0.000003
2025-11-21 08:11:01 | DEBUG    | logits_to_prob_map:180 | topk[8]: token_id=236858, text='’', logprob=-12.8781, prob=0.000003
2025-11-21 08:11:01 | DEBUG    | logits_to_prob_map:180 | topk[9]: token_id=236795, text='$', logprob=-13.0031, prob=0.000002
2025-11-21 08:11:01 | DEBUG    | only_abt_probs:198 | only_abt_probs result: {'A': 0.996934778565937, 'B': 0.002800184761789718, 'T': 2.6913038353275274e-07}
2025-11-21 08:11:01 | DEBUG    | main:410 | RJ prompt (truncated): <bos><start_of_turn>user
You are an impartial and unbiased judge.

You will be given answers from two assistants (Assistant A and Assistant B) to a user prompt. Please act as an impartial judge and evaluate the quality of their answers. You must output only one of the following choices:
'A' if Assistant A's answer is better.
'T' if both answers are relatively the same in quality.
'B' if Assistant B's answer is better.
Do not think or reason. Just choose which answer you prefer: A or B or T.
Outp...<truncated 3420 chars>
2025-11-21 08:11:01 | DEBUG    | main:440 | RJ prompt length: 1175
2025-11-21 08:11:03 | DEBUG    | main:461 | RJ: Generated 8 steps
2025-11-21 08:11:03 | DEBUG    | main:467 | RJ: generated text='B's answer.

B<end_of_turn>'
2025-11-21 08:11:03 | DEBUG    | main:473 | RJ step 0: token_id=236799, text='B'
2025-11-21 08:11:03 | DEBUG    | main:476 | RJ: Found A/B/T at step 0
2025-11-21 08:11:03 | DEBUG    | main:483 | RJ step 0: extracting probs from logits
2025-11-21 08:11:03 | DEBUG    | logits_to_prob_map:157 | logits_to_prob_map: input shape=torch.Size([262208]), dtype=torch.float32
2025-11-21 08:11:03 | DEBUG    | logits_to_prob_map:170 | Top-k extraction: k=50, top logprobs range=[-16.1304, -0.0054]
2025-11-21 08:11:03 | DEBUG    | logits_to_prob_map:180 | topk[0]: token_id=236799, text='B', logprob=-0.0054, prob=0.994661
2025-11-21 08:11:03 | DEBUG    | logits_to_prob_map:180 | topk[1]: token_id=236776, text='A', logprob=-5.2554, prob=0.005220
2025-11-21 08:11:03 | DEBUG    | logits_to_prob_map:180 | topk[2]: token_id=236789, text=''', logprob=-10.1304, prob=0.000040
2025-11-21 08:11:03 | DEBUG    | logits_to_prob_map:180 | topk[3]: token_id=35343, text='Bs', logprob=-10.7554, prob=0.000021
2025-11-21 08:11:03 | DEBUG    | logits_to_prob_map:180 | topk[4]: token_id=236763, text='b', logprob=-11.3804, prob=0.000011
2025-11-21 08:11:03 | DEBUG    | logits_to_prob_map:180 | topk[5]: token_id=107, text='
', logprob=-11.6304, prob=0.000009
2025-11-21 08:11:03 | DEBUG    | logits_to_prob_map:180 | topk[6]: token_id=236774, text='T', logprob=-12.0054, prob=0.000006
2025-11-21 08:11:03 | DEBUG    | logits_to_prob_map:180 | topk[7]: token_id=74314, text='Assistant', logprob=-12.8804, prob=0.000003
2025-11-21 08:11:03 | DEBUG    | logits_to_prob_map:180 | topk[8]: token_id=22186, text='Both', logprob=-13.0054, prob=0.000002
2025-11-21 08:11:03 | DEBUG    | logits_to_prob_map:180 | topk[9]: token_id=236775, text='"', logprob=-13.1304, prob=0.000002
2025-11-21 08:11:03 | DEBUG    | only_abt_probs:198 | only_abt_probs result: {'A': 0.005219501129190795, 'B': 0.9946609029652274, 'T': 6.111410417012905e-06}
2025-11-21 08:11:03 | DEBUG    | main:544 | Row 24 complete: JR={'A': 0.996934778565937, 'B': 0.002800184761789718, 'T': 2.6913038353275274e-07}, RJ={'A': 0.005219501129190795, 'B': 0.9946609029652274, 'T': 6.111410417012905e-06}, combined_norm={'A': 0.9959862076715472, 'B': 0.00401060145457526, 'T': 3.1908738775449118e-06}
2025-11-21 08:11:03 | DEBUG    | main:393 | ========== Row 25 ==========
2025-11-21 08:11:03 | DEBUG    | main:394 | Built msgs_jr with 2 messages
2025-11-21 08:11:03 | DEBUG    | main:396 | msgs_jr[0] role=system content=You are an impartial and unbiased judge.
2025-11-21 08:11:03 | DEBUG    | main:396 | msgs_jr[1] role=user content=You will be given answers from two assistants (Assistant A and Assistant B) to a user prompt. Please act as an impartial judge and evaluate the quality of their answers. You must output only one of the following choices:
'A' if Assistant A's answer is better.
'T' if both answers are relatively the s...<truncated 4865 chars>
2025-11-21 08:11:03 | DEBUG    | main:410 | JR prompt (truncated): <bos><start_of_turn>user
You are an impartial and unbiased judge.

You will be given answers from two assistants (Assistant A and Assistant B) to a user prompt. Please act as an impartial judge and evaluate the quality of their answers. You must output only one of the following choices:
'A' if Assistant A's answer is better.
'T' if both answers are relatively the same in quality.
'B' if Assistant B's answer is better.
Do not think or reason. Just choose which answer you prefer: A or B or T.
Outp...<truncated 5080 chars>
2025-11-21 08:11:03 | DEBUG    | main:440 | JR prompt length: 1659
2025-11-21 08:11:06 | DEBUG    | main:461 | JR: Generated 8 steps
2025-11-21 08:11:06 | DEBUG    | main:467 | JR: generated text='A's answer.

A<end_of_turn>'
2025-11-21 08:11:06 | DEBUG    | main:473 | JR step 0: token_id=236776, text='A'
2025-11-21 08:11:06 | DEBUG    | main:476 | JR: Found A/B/T at step 0
2025-11-21 08:11:06 | DEBUG    | main:483 | JR step 0: extracting probs from logits
2025-11-21 08:11:06 | DEBUG    | logits_to_prob_map:157 | logits_to_prob_map: input shape=torch.Size([262208]), dtype=torch.float32
2025-11-21 08:11:06 | DEBUG    | logits_to_prob_map:170 | Top-k extraction: k=50, top logprobs range=[-15.5114, -0.0114]
2025-11-21 08:11:06 | DEBUG    | logits_to_prob_map:180 | topk[0]: token_id=236776, text='A', logprob=-0.0114, prob=0.988707
2025-11-21 08:11:06 | DEBUG    | logits_to_prob_map:180 | topk[1]: token_id=236799, text='B', logprob=-4.5114, prob=0.010984
2025-11-21 08:11:06 | DEBUG    | logits_to_prob_map:180 | topk[2]: token_id=236789, text=''', logprob=-8.8864, prob=0.000138
2025-11-21 08:11:06 | DEBUG    | logits_to_prob_map:180 | topk[3]: token_id=2205, text='As', logprob=-9.5114, prob=0.000074
2025-11-21 08:11:06 | DEBUG    | logits_to_prob_map:180 | topk[4]: token_id=107, text='
', logprob=-11.0114, prob=0.000017
2025-11-21 08:11:06 | DEBUG    | logits_to_prob_map:180 | topk[5]: token_id=236746, text='a', logprob=-11.1364, prob=0.000015
2025-11-21 08:11:06 | DEBUG    | logits_to_prob_map:180 | topk[6]: token_id=236769, text='(', logprob=-11.5114, prob=0.000010
2025-11-21 08:11:06 | DEBUG    | logits_to_prob_map:180 | topk[7]: token_id=1018, text='**', logprob=-12.2614, prob=0.000005
2025-11-21 08:11:06 | DEBUG    | logits_to_prob_map:180 | topk[8]: token_id=236775, text='"', logprob=-12.5114, prob=0.000004
2025-11-21 08:11:06 | DEBUG    | logits_to_prob_map:180 | topk[9]: token_id=236858, text='’', logprob=-12.6364, prob=0.000003
2025-11-21 08:11:06 | DEBUG    | only_abt_probs:198 | only_abt_probs result: {'A': 0.9887070685429608, 'B': 0.010983542010605358, 'T': 2.3554654317984259e-07}
2025-11-21 08:11:06 | DEBUG    | main:410 | RJ prompt (truncated): <bos><start_of_turn>user
You are an impartial and unbiased judge.

You will be given answers from two assistants (Assistant A and Assistant B) to a user prompt. Please act as an impartial judge and evaluate the quality of their answers. You must output only one of the following choices:
'A' if Assistant A's answer is better.
'T' if both answers are relatively the same in quality.
'B' if Assistant B's answer is better.
Do not think or reason. Just choose which answer you prefer: A or B or T.
Outp...<truncated 5080 chars>
2025-11-21 08:11:06 | DEBUG    | main:440 | RJ prompt length: 1659
2025-11-21 08:11:09 | DEBUG    | main:461 | RJ: Generated 8 steps
2025-11-21 08:11:09 | DEBUG    | main:467 | RJ: generated text='B's answer.

B<end_of_turn>'
2025-11-21 08:11:09 | DEBUG    | main:473 | RJ step 0: token_id=236799, text='B'
2025-11-21 08:11:09 | DEBUG    | main:476 | RJ: Found A/B/T at step 0
2025-11-21 08:11:09 | DEBUG    | main:483 | RJ step 0: extracting probs from logits
2025-11-21 08:11:09 | DEBUG    | logits_to_prob_map:157 | logits_to_prob_map: input shape=torch.Size([262208]), dtype=torch.float32
2025-11-21 08:11:09 | DEBUG    | logits_to_prob_map:170 | Top-k extraction: k=50, top logprobs range=[-15.3804, -0.0054]
2025-11-21 08:11:09 | DEBUG    | logits_to_prob_map:180 | topk[0]: token_id=236799, text='B', logprob=-0.0054, prob=0.994580
2025-11-21 08:11:09 | DEBUG    | logits_to_prob_map:180 | topk[1]: token_id=236776, text='A', logprob=-5.2554, prob=0.005219
2025-11-21 08:11:09 | DEBUG    | logits_to_prob_map:180 | topk[2]: token_id=236789, text=''', logprob=-9.5054, prob=0.000074
2025-11-21 08:11:09 | DEBUG    | logits_to_prob_map:180 | topk[3]: token_id=35343, text='Bs', logprob=-10.7554, prob=0.000021
2025-11-21 08:11:09 | DEBUG    | logits_to_prob_map:180 | topk[4]: token_id=236763, text='b', logprob=-10.8804, prob=0.000019
2025-11-21 08:11:09 | DEBUG    | logits_to_prob_map:180 | topk[5]: token_id=107, text='
', logprob=-11.2554, prob=0.000013
2025-11-21 08:11:09 | DEBUG    | logits_to_prob_map:180 | topk[6]: token_id=236774, text='T', logprob=-11.7554, prob=0.000008
2025-11-21 08:11:09 | DEBUG    | logits_to_prob_map:180 | topk[7]: token_id=22186, text='Both', logprob=-12.2554, prob=0.000005
2025-11-21 08:11:09 | DEBUG    | logits_to_prob_map:180 | topk[8]: token_id=74314, text='Assistant', logprob=-12.2554, prob=0.000005
2025-11-21 08:11:09 | DEBUG    | logits_to_prob_map:180 | topk[9]: token_id=1018, text='**', logprob=-12.3804, prob=0.000004
2025-11-21 08:11:09 | DEBUG    | only_abt_probs:198 | only_abt_probs result: {'A': 0.005219078041484695, 'B': 0.9945800030015843, 'T': 7.84656273724315e-06}
2025-11-21 08:11:09 | DEBUG    | main:544 | Row 25 complete: JR={'A': 0.9887070685429608, 'B': 0.010983542010605358, 'T': 2.3554654317984259e-07}, RJ={'A': 0.005219078041484695, 'B': 0.9945800030015843, 'T': 7.84656273724315e-06}, combined_norm={'A': 0.9918926130478629, 'B': 0.008103344882480034, 'T': 4.04206965704364e-06}
2025-11-21 08:11:09 | DEBUG    | main:393 | ========== Row 26 ==========
2025-11-21 08:11:09 | DEBUG    | main:394 | Built msgs_jr with 2 messages
2025-11-21 08:11:09 | DEBUG    | main:396 | msgs_jr[0] role=system content=You are an impartial and unbiased judge.
2025-11-21 08:11:09 | DEBUG    | main:396 | msgs_jr[1] role=user content=You will be given answers from two assistants (Assistant A and Assistant B) to a user prompt. Please act as an impartial judge and evaluate the quality of their answers. You must output only one of the following choices:
'A' if Assistant A's answer is better.
'T' if both answers are relatively the s...<truncated 4413 chars>
2025-11-21 08:11:09 | DEBUG    | main:410 | JR prompt (truncated): <bos><start_of_turn>user
You are an impartial and unbiased judge.

You will be given answers from two assistants (Assistant A and Assistant B) to a user prompt. Please act as an impartial judge and evaluate the quality of their answers. You must output only one of the following choices:
'A' if Assistant A's answer is better.
'T' if both answers are relatively the same in quality.
'B' if Assistant B's answer is better.
Do not think or reason. Just choose which answer you prefer: A or B or T.
Outp...<truncated 4628 chars>
2025-11-21 08:11:09 | DEBUG    | main:440 | JR prompt length: 1377
2025-11-21 08:11:11 | DEBUG    | main:461 | JR: Generated 8 steps
2025-11-21 08:11:11 | DEBUG    | main:467 | JR: generated text='A's answer.

A<end_of_turn>'
2025-11-21 08:11:11 | DEBUG    | main:473 | JR step 0: token_id=236776, text='A'
2025-11-21 08:11:11 | DEBUG    | main:476 | JR: Found A/B/T at step 0
2025-11-21 08:11:11 | DEBUG    | main:483 | JR step 0: extracting probs from logits
2025-11-21 08:11:11 | DEBUG    | logits_to_prob_map:157 | logits_to_prob_map: input shape=torch.Size([262208]), dtype=torch.float32
2025-11-21 08:11:11 | DEBUG    | logits_to_prob_map:170 | Top-k extraction: k=50, top logprobs range=[-16.2236, -0.3486]
2025-11-21 08:11:11 | DEBUG    | logits_to_prob_map:180 | topk[0]: token_id=236776, text='A', logprob=-0.3486, prob=0.705702
2025-11-21 08:11:11 | DEBUG    | logits_to_prob_map:180 | topk[1]: token_id=236799, text='B', logprob=-1.2236, prob=0.294180
2025-11-21 08:11:11 | DEBUG    | logits_to_prob_map:180 | topk[2]: token_id=236789, text=''', logprob=-10.0986, prob=0.000041
2025-11-21 08:11:11 | DEBUG    | logits_to_prob_map:180 | topk[3]: token_id=2205, text='As', logprob=-10.7236, prob=0.000022
2025-11-21 08:11:11 | DEBUG    | logits_to_prob_map:180 | topk[4]: token_id=107, text='
', logprob=-11.0986, prob=0.000015
2025-11-21 08:11:11 | DEBUG    | logits_to_prob_map:180 | topk[5]: token_id=35343, text='Bs', logprob=-12.2236, prob=0.000005
2025-11-21 08:11:11 | DEBUG    | logits_to_prob_map:180 | topk[6]: token_id=236746, text='a', logprob=-12.3486, prob=0.000004
2025-11-21 08:11:11 | DEBUG    | logits_to_prob_map:180 | topk[7]: token_id=236769, text='(', logprob=-12.4736, prob=0.000004
2025-11-21 08:11:11 | DEBUG    | logits_to_prob_map:180 | topk[8]: token_id=236763, text='b', logprob=-12.5986, prob=0.000003
2025-11-21 08:11:11 | DEBUG    | logits_to_prob_map:180 | topk[9]: token_id=1018, text='**', logprob=-13.2236, prob=0.000002
2025-11-21 08:11:11 | DEBUG    | only_abt_probs:198 | only_abt_probs result: {'A': 0.7057016748679766, 'B': 0.294180216708717, 'T': 9.674885559377105e-07}
2025-11-21 08:11:11 | DEBUG    | main:410 | RJ prompt (truncated): <bos><start_of_turn>user
You are an impartial and unbiased judge.

You will be given answers from two assistants (Assistant A and Assistant B) to a user prompt. Please act as an impartial judge and evaluate the quality of their answers. You must output only one of the following choices:
'A' if Assistant A's answer is better.
'T' if both answers are relatively the same in quality.
'B' if Assistant B's answer is better.
Do not think or reason. Just choose which answer you prefer: A or B or T.
Outp...<truncated 4628 chars>
2025-11-21 08:11:11 | DEBUG    | main:440 | RJ prompt length: 1377
2025-11-21 08:11:13 | DEBUG    | main:461 | RJ: Generated 8 steps
2025-11-21 08:11:13 | DEBUG    | main:467 | RJ: generated text='B's answer.

B<end_of_turn>'
2025-11-21 08:11:13 | DEBUG    | main:473 | RJ step 0: token_id=236799, text='B'
2025-11-21 08:11:13 | DEBUG    | main:476 | RJ: Found A/B/T at step 0
2025-11-21 08:11:13 | DEBUG    | main:483 | RJ step 0: extracting probs from logits
2025-11-21 08:11:13 | DEBUG    | logits_to_prob_map:157 | logits_to_prob_map: input shape=torch.Size([262208]), dtype=torch.float32
2025-11-21 08:11:13 | DEBUG    | logits_to_prob_map:170 | Top-k extraction: k=50, top logprobs range=[-15.0752, -0.0127]
2025-11-21 08:11:13 | DEBUG    | logits_to_prob_map:180 | topk[0]: token_id=236799, text='B', logprob=-0.0127, prob=0.987350
2025-11-21 08:11:13 | DEBUG    | logits_to_prob_map:180 | topk[1]: token_id=236776, text='A', logprob=-4.3877, prob=0.012429
2025-11-21 08:11:13 | DEBUG    | logits_to_prob_map:180 | topk[2]: token_id=236789, text=''', logprob=-9.7627, prob=0.000058
2025-11-21 08:11:13 | DEBUG    | logits_to_prob_map:180 | topk[3]: token_id=35343, text='Bs', logprob=-10.3877, prob=0.000031
2025-11-21 08:11:13 | DEBUG    | logits_to_prob_map:180 | topk[4]: token_id=236763, text='b', logprob=-10.6377, prob=0.000024
2025-11-21 08:11:13 | DEBUG    | logits_to_prob_map:180 | topk[5]: token_id=236774, text='T', logprob=-11.2627, prob=0.000013
2025-11-21 08:11:13 | DEBUG    | logits_to_prob_map:180 | topk[6]: token_id=107, text='
', logprob=-11.3877, prob=0.000011
2025-11-21 08:11:13 | DEBUG    | logits_to_prob_map:180 | topk[7]: token_id=22186, text='Both', logprob=-11.7627, prob=0.000008
2025-11-21 08:11:13 | DEBUG    | logits_to_prob_map:180 | topk[8]: token_id=2205, text='As', logprob=-12.0127, prob=0.000006
2025-11-21 08:11:13 | DEBUG    | logits_to_prob_map:180 | topk[9]: token_id=1018, text='**', logprob=-12.2627, prob=0.000005
2025-11-21 08:11:13 | DEBUG    | only_abt_probs:198 | only_abt_probs result: {'A': 0.012428897485184328, 'B': 0.987349703873699, 'T': 1.2842756546336595e-05}
2025-11-21 08:11:13 | DEBUG    | main:544 | Row 26 complete: JR={'A': 0.7057016748679766, 'B': 0.294180216708717, 'T': 9.674885559377105e-07}, RJ={'A': 0.012428897485184328, 'B': 0.987349703873699, 'T': 1.2842756546336595e-05}, combined_norm={'A': 0.8466635671862716, 'B': 0.15332952656650603, 'T': 6.9062472225140605e-06}
2025-11-21 08:11:13 | DEBUG    | main:393 | ========== Row 27 ==========
2025-11-21 08:11:13 | DEBUG    | main:394 | Built msgs_jr with 2 messages
2025-11-21 08:11:13 | DEBUG    | main:396 | msgs_jr[0] role=system content=You are an impartial and unbiased judge.
2025-11-21 08:11:13 | DEBUG    | main:396 | msgs_jr[1] role=user content=You will be given answers from two assistants (Assistant A and Assistant B) to a user prompt. Please act as an impartial judge and evaluate the quality of their answers. You must output only one of the following choices:
'A' if Assistant A's answer is better.
'T' if both answers are relatively the s...<truncated 4840 chars>
2025-11-21 08:11:13 | DEBUG    | main:410 | JR prompt (truncated): <bos><start_of_turn>user
You are an impartial and unbiased judge.

You will be given answers from two assistants (Assistant A and Assistant B) to a user prompt. Please act as an impartial judge and evaluate the quality of their answers. You must output only one of the following choices:
'A' if Assistant A's answer is better.
'T' if both answers are relatively the same in quality.
'B' if Assistant B's answer is better.
Do not think or reason. Just choose which answer you prefer: A or B or T.
Outp...<truncated 5055 chars>
2025-11-21 08:11:13 | DEBUG    | main:440 | JR prompt length: 1983
2025-11-21 08:11:17 | DEBUG    | main:461 | JR: Generated 8 steps
2025-11-21 08:11:17 | DEBUG    | main:467 | JR: generated text='B's answer.

B<end_of_turn>'
2025-11-21 08:11:17 | DEBUG    | main:473 | JR step 0: token_id=236799, text='B'
2025-11-21 08:11:17 | DEBUG    | main:476 | JR: Found A/B/T at step 0
2025-11-21 08:11:17 | DEBUG    | main:483 | JR step 0: extracting probs from logits
2025-11-21 08:11:17 | DEBUG    | logits_to_prob_map:157 | logits_to_prob_map: input shape=torch.Size([262208]), dtype=torch.float32
2025-11-21 08:11:17 | DEBUG    | logits_to_prob_map:170 | Top-k extraction: k=50, top logprobs range=[-16.6548, -0.0298]
2025-11-21 08:11:17 | DEBUG    | logits_to_prob_map:180 | topk[0]: token_id=236799, text='B', logprob=-0.0298, prob=0.970642
2025-11-21 08:11:17 | DEBUG    | logits_to_prob_map:180 | topk[1]: token_id=236776, text='A', logprob=-3.5298, prob=0.029311
2025-11-21 08:11:17 | DEBUG    | logits_to_prob_map:180 | topk[2]: token_id=236789, text=''', logprob=-11.2798, prob=0.000013
2025-11-21 08:11:17 | DEBUG    | logits_to_prob_map:180 | topk[3]: token_id=107, text='
', logprob=-12.0298, prob=0.000006
2025-11-21 08:11:17 | DEBUG    | logits_to_prob_map:180 | topk[4]: token_id=236763, text='b', logprob=-12.2798, prob=0.000005
2025-11-21 08:11:17 | DEBUG    | logits_to_prob_map:180 | topk[5]: token_id=1018, text='**', logprob=-13.0298, prob=0.000002
2025-11-21 08:11:17 | DEBUG    | logits_to_prob_map:180 | topk[6]: token_id=236774, text='T', logprob=-13.1548, prob=0.000002
2025-11-21 08:11:17 | DEBUG    | logits_to_prob_map:180 | topk[7]: token_id=7925, text='Answer', logprob=-13.2798, prob=0.000002
2025-11-21 08:11:17 | DEBUG    | logits_to_prob_map:180 | topk[8]: token_id=35343, text='Bs', logprob=-13.2798, prob=0.000002
2025-11-21 08:11:17 | DEBUG    | logits_to_prob_map:180 | topk[9]: token_id=236769, text='(', logprob=-13.5298, prob=0.000001
2025-11-21 08:11:17 | DEBUG    | only_abt_probs:198 | only_abt_probs result: {'A': 0.029310856118380385, 'B': 0.9706421699140023, 'T': 1.936172340891906e-06}
2025-11-21 08:11:17 | DEBUG    | main:410 | RJ prompt (truncated): <bos><start_of_turn>user
You are an impartial and unbiased judge.

You will be given answers from two assistants (Assistant A and Assistant B) to a user prompt. Please act as an impartial judge and evaluate the quality of their answers. You must output only one of the following choices:
'A' if Assistant A's answer is better.
'T' if both answers are relatively the same in quality.
'B' if Assistant B's answer is better.
Do not think or reason. Just choose which answer you prefer: A or B or T.
Outp...<truncated 5055 chars>
2025-11-21 08:11:17 | DEBUG    | main:440 | RJ prompt length: 1983
2025-11-21 08:11:20 | DEBUG    | main:461 | RJ: Generated 8 steps
2025-11-21 08:11:20 | DEBUG    | main:467 | RJ: generated text='A's answer.

A<end_of_turn>'
2025-11-21 08:11:20 | DEBUG    | main:473 | RJ step 0: token_id=236776, text='A'
2025-11-21 08:11:20 | DEBUG    | main:476 | RJ: Found A/B/T at step 0
2025-11-21 08:11:20 | DEBUG    | main:483 | RJ step 0: extracting probs from logits
2025-11-21 08:11:20 | DEBUG    | logits_to_prob_map:157 | logits_to_prob_map: input shape=torch.Size([262208]), dtype=torch.float32
2025-11-21 08:11:20 | DEBUG    | logits_to_prob_map:170 | Top-k extraction: k=50, top logprobs range=[-16.1912, -0.0037]
2025-11-21 08:11:20 | DEBUG    | logits_to_prob_map:180 | topk[0]: token_id=236776, text='A', logprob=-0.0037, prob=0.996278
2025-11-21 08:11:20 | DEBUG    | logits_to_prob_map:180 | topk[1]: token_id=236799, text='B', logprob=-5.6287, prob=0.003593
2025-11-21 08:11:20 | DEBUG    | logits_to_prob_map:180 | topk[2]: token_id=236789, text=''', logprob=-9.8787, prob=0.000051
2025-11-21 08:11:20 | DEBUG    | logits_to_prob_map:180 | topk[3]: token_id=2205, text='As', logprob=-10.1287, prob=0.000040
2025-11-21 08:11:20 | DEBUG    | logits_to_prob_map:180 | topk[4]: token_id=107, text='
', logprob=-12.0037, prob=0.000006
2025-11-21 08:11:20 | DEBUG    | logits_to_prob_map:180 | topk[5]: token_id=236746, text='a', logprob=-12.3787, prob=0.000004
2025-11-21 08:11:20 | DEBUG    | logits_to_prob_map:180 | topk[6]: token_id=236769, text='(', logprob=-12.6287, prob=0.000003
2025-11-21 08:11:20 | DEBUG    | logits_to_prob_map:180 | topk[7]: token_id=236858, text='’', logprob=-13.3787, prob=0.000002
2025-11-21 08:11:20 | DEBUG    | logits_to_prob_map:180 | topk[8]: token_id=237095, text='‘', logprob=-13.6287, prob=0.000001
2025-11-21 08:11:20 | DEBUG    | logits_to_prob_map:180 | topk[9]: token_id=1018, text='**', logprob=-13.7537, prob=0.000001
2025-11-21 08:11:20 | DEBUG    | only_abt_probs:198 | only_abt_probs result: {'A': 0.9962781234053865, 'B': 0.003593139785774184, 'T': 1.2704444303115266e-07}
2025-11-21 08:11:20 | DEBUG    | main:544 | Row 27 complete: JR={'A': 0.029310856118380385, 'B': 0.9706421699140023, 'T': 1.936172340891906e-06}, RJ={'A': 0.9962781234053865, 'B': 0.003593139785774184, 'T': 1.2704444303115266e-07}, combined_norm={'A': 0.01645342650075734, 'B': 0.9835455418012748, 'T': 1.0316979678787502e-06}
2025-11-21 08:11:20 | DEBUG    | main:393 | ========== Row 28 ==========
2025-11-21 08:11:20 | DEBUG    | main:394 | Built msgs_jr with 2 messages
2025-11-21 08:11:20 | DEBUG    | main:396 | msgs_jr[0] role=system content=You are an impartial and unbiased judge.
2025-11-21 08:11:20 | DEBUG    | main:396 | msgs_jr[1] role=user content=You will be given answers from two assistants (Assistant A and Assistant B) to a user prompt. Please act as an impartial judge and evaluate the quality of their answers. You must output only one of the following choices:
'A' if Assistant A's answer is better.
'T' if both answers are relatively the s...<truncated 4617 chars>
2025-11-21 08:11:20 | DEBUG    | main:410 | JR prompt (truncated): <bos><start_of_turn>user
You are an impartial and unbiased judge.

You will be given answers from two assistants (Assistant A and Assistant B) to a user prompt. Please act as an impartial judge and evaluate the quality of their answers. You must output only one of the following choices:
'A' if Assistant A's answer is better.
'T' if both answers are relatively the same in quality.
'B' if Assistant B's answer is better.
Do not think or reason. Just choose which answer you prefer: A or B or T.
Outp...<truncated 4832 chars>
2025-11-21 08:11:20 | DEBUG    | main:440 | JR prompt length: 1610
2025-11-21 08:11:23 | DEBUG    | main:461 | JR: Generated 8 steps
2025-11-21 08:11:23 | DEBUG    | main:467 | JR: generated text='A's answer.

A<end_of_turn>'
2025-11-21 08:11:23 | DEBUG    | main:473 | JR step 0: token_id=236776, text='A'
2025-11-21 08:11:23 | DEBUG    | main:476 | JR: Found A/B/T at step 0
2025-11-21 08:11:23 | DEBUG    | main:483 | JR step 0: extracting probs from logits
2025-11-21 08:11:23 | DEBUG    | logits_to_prob_map:157 | logits_to_prob_map: input shape=torch.Size([262208]), dtype=torch.float32
2025-11-21 08:11:23 | DEBUG    | logits_to_prob_map:170 | Top-k extraction: k=50, top logprobs range=[-16.2766, -0.0891]
2025-11-21 08:11:23 | DEBUG    | logits_to_prob_map:180 | topk[0]: token_id=236776, text='A', logprob=-0.0891, prob=0.914780
2025-11-21 08:11:23 | DEBUG    | logits_to_prob_map:180 | topk[1]: token_id=236799, text='B', logprob=-2.4641, prob=0.085088
2025-11-21 08:11:23 | DEBUG    | logits_to_prob_map:180 | topk[2]: token_id=236789, text=''', logprob=-9.8391, prob=0.000053
2025-11-21 08:11:23 | DEBUG    | logits_to_prob_map:180 | topk[3]: token_id=2205, text='As', logprob=-10.5891, prob=0.000025
2025-11-21 08:11:23 | DEBUG    | logits_to_prob_map:180 | topk[4]: token_id=107, text='
', logprob=-11.2141, prob=0.000013
2025-11-21 08:11:23 | DEBUG    | logits_to_prob_map:180 | topk[5]: token_id=236746, text='a', logprob=-11.8391, prob=0.000007
2025-11-21 08:11:23 | DEBUG    | logits_to_prob_map:180 | topk[6]: token_id=236769, text='(', logprob=-12.0891, prob=0.000006
2025-11-21 08:11:23 | DEBUG    | logits_to_prob_map:180 | topk[7]: token_id=236763, text='b', logprob=-12.8391, prob=0.000003
2025-11-21 08:11:23 | DEBUG    | logits_to_prob_map:180 | topk[8]: token_id=35343, text='Bs', logprob=-12.9641, prob=0.000002
2025-11-21 08:11:23 | DEBUG    | logits_to_prob_map:180 | topk[9]: token_id=1018, text='**', logprob=-13.2141, prob=0.000002
2025-11-21 08:11:23 | DEBUG    | only_abt_probs:198 | only_abt_probs result: {'A': 0.9147799419887203, 'B': 0.08508778841028776, 'T': 2.628791874007277e-07}
2025-11-21 08:11:23 | DEBUG    | main:410 | RJ prompt (truncated): <bos><start_of_turn>user
You are an impartial and unbiased judge.

You will be given answers from two assistants (Assistant A and Assistant B) to a user prompt. Please act as an impartial judge and evaluate the quality of their answers. You must output only one of the following choices:
'A' if Assistant A's answer is better.
'T' if both answers are relatively the same in quality.
'B' if Assistant B's answer is better.
Do not think or reason. Just choose which answer you prefer: A or B or T.
Outp...<truncated 4832 chars>
2025-11-21 08:11:23 | DEBUG    | main:440 | RJ prompt length: 1610
2025-11-21 08:11:25 | DEBUG    | main:461 | RJ: Generated 8 steps
2025-11-21 08:11:25 | DEBUG    | main:467 | RJ: generated text='B's answer.

B<end_of_turn>'
2025-11-21 08:11:25 | DEBUG    | main:473 | RJ step 0: token_id=236799, text='B'
2025-11-21 08:11:25 | DEBUG    | main:476 | RJ: Found A/B/T at step 0
2025-11-21 08:11:25 | DEBUG    | main:483 | RJ step 0: extracting probs from logits
2025-11-21 08:11:25 | DEBUG    | logits_to_prob_map:157 | logits_to_prob_map: input shape=torch.Size([262208]), dtype=torch.float32
2025-11-21 08:11:25 | DEBUG    | logits_to_prob_map:170 | Top-k extraction: k=50, top logprobs range=[-15.4255, -0.1130]
2025-11-21 08:11:25 | DEBUG    | logits_to_prob_map:180 | topk[0]: token_id=236799, text='B', logprob=-0.1130, prob=0.893157
2025-11-21 08:11:25 | DEBUG    | logits_to_prob_map:180 | topk[1]: token_id=236776, text='A', logprob=-2.2380, prob=0.106672
2025-11-21 08:11:25 | DEBUG    | logits_to_prob_map:180 | topk[2]: token_id=236789, text=''', logprob=-9.9880, prob=0.000046
2025-11-21 08:11:25 | DEBUG    | logits_to_prob_map:180 | topk[3]: token_id=236763, text='b', logprob=-10.8630, prob=0.000019
2025-11-21 08:11:25 | DEBUG    | logits_to_prob_map:180 | topk[4]: token_id=107, text='
', logprob=-11.1130, prob=0.000015
2025-11-21 08:11:25 | DEBUG    | logits_to_prob_map:180 | topk[5]: token_id=35343, text='Bs', logprob=-11.1130, prob=0.000015
2025-11-21 08:11:25 | DEBUG    | logits_to_prob_map:180 | topk[6]: token_id=22186, text='Both', logprob=-11.4880, prob=0.000010
2025-11-21 08:11:25 | DEBUG    | logits_to_prob_map:180 | topk[7]: token_id=2205, text='As', logprob=-11.6130, prob=0.000009
2025-11-21 08:11:25 | DEBUG    | logits_to_prob_map:180 | topk[8]: token_id=236774, text='T', logprob=-11.8630, prob=0.000007
2025-11-21 08:11:25 | DEBUG    | logits_to_prob_map:180 | topk[9]: token_id=236769, text='(', logprob=-11.9880, prob=0.000006
2025-11-21 08:11:25 | DEBUG    | only_abt_probs:198 | only_abt_probs result: {'A': 0.10667235551169908, 'B': 0.8931567840254955, 'T': 7.046403308297272e-06}
2025-11-21 08:11:25 | DEBUG    | main:544 | Row 28 complete: JR={'A': 0.9147799419887203, 'B': 0.08508778841028776, 'T': 2.628791874007277e-07}, RJ={'A': 0.10667235551169908, 'B': 0.8931567840254955, 'T': 7.046403308297272e-06}, combined_norm={'A': 0.9041020891002949, 'B': 0.09589425571781782, 'T': 3.6551818872298396e-06}
2025-11-21 08:11:25 | DEBUG    | main:393 | ========== Row 29 ==========
2025-11-21 08:11:25 | DEBUG    | main:394 | Built msgs_jr with 2 messages
2025-11-21 08:11:25 | DEBUG    | main:396 | msgs_jr[0] role=system content=You are an impartial and unbiased judge.
2025-11-21 08:11:25 | DEBUG    | main:396 | msgs_jr[1] role=user content=You will be given answers from two assistants (Assistant A and Assistant B) to a user prompt. Please act as an impartial judge and evaluate the quality of their answers. You must output only one of the following choices:
'A' if Assistant A's answer is better.
'T' if both answers are relatively the s...<truncated 20292 chars>
2025-11-21 08:11:25 | DEBUG    | main:410 | JR prompt (truncated): <bos><start_of_turn>user
You are an impartial and unbiased judge.

You will be given answers from two assistants (Assistant A and Assistant B) to a user prompt. Please act as an impartial judge and evaluate the quality of their answers. You must output only one of the following choices:
'A' if Assistant A's answer is better.
'T' if both answers are relatively the same in quality.
'B' if Assistant B's answer is better.
Do not think or reason. Just choose which answer you prefer: A or B or T.
Outp...<truncated 20507 chars>
2025-11-21 08:11:25 | DEBUG    | main:440 | JR prompt length: 9256
2025-11-21 08:11:43 | DEBUG    | main:461 | JR: Generated 8 steps
2025-11-21 08:11:43 | DEBUG    | main:467 | JR: generated text='B's answer.

B<end_of_turn>'
2025-11-21 08:11:43 | DEBUG    | main:473 | JR step 0: token_id=236799, text='B'
2025-11-21 08:11:43 | DEBUG    | main:476 | JR: Found A/B/T at step 0
2025-11-21 08:11:43 | DEBUG    | main:483 | JR step 0: extracting probs from logits
2025-11-21 08:11:43 | DEBUG    | logits_to_prob_map:157 | logits_to_prob_map: input shape=torch.Size([262208]), dtype=torch.float32
2025-11-21 08:11:43 | DEBUG    | logits_to_prob_map:170 | Top-k extraction: k=50, top logprobs range=[-12.0055, -0.3180]
2025-11-21 08:11:43 | DEBUG    | logits_to_prob_map:180 | topk[0]: token_id=236799, text='B', logprob=-0.3180, prob=0.727611
2025-11-21 08:11:43 | DEBUG    | logits_to_prob_map:180 | topk[1]: token_id=236776, text='A', logprob=-1.3180, prob=0.267673
2025-11-21 08:11:43 | DEBUG    | logits_to_prob_map:180 | topk[2]: token_id=1018, text='**', logprob=-6.5680, prob=0.001405
2025-11-21 08:11:43 | DEBUG    | logits_to_prob_map:180 | topk[3]: token_id=107, text='
', logprob=-7.3180, prob=0.000663
2025-11-21 08:11:43 | DEBUG    | logits_to_prob_map:180 | topk[4]: token_id=236789, text=''', logprob=-7.4430, prob=0.000586
2025-11-21 08:11:43 | DEBUG    | logits_to_prob_map:180 | topk[5]: token_id=108, text='

', logprob=-8.3180, prob=0.000244
2025-11-21 08:11:43 | DEBUG    | logits_to_prob_map:180 | topk[6]: token_id=236775, text='"', logprob=-8.6305, prob=0.000179
2025-11-21 08:11:43 | DEBUG    | logits_to_prob_map:180 | topk[7]: token_id=236763, text='b', logprob=-9.0055, prob=0.000123
2025-11-21 08:11:43 | DEBUG    | logits_to_prob_map:180 | topk[8]: token_id=236785, text='\', logprob=-9.0680, prob=0.000115
2025-11-21 08:11:43 | DEBUG    | logits_to_prob_map:180 | topk[9]: token_id=236929, text='`', logprob=-9.2555, prob=0.000096
2025-11-21 08:11:43 | DEBUG    | only_abt_probs:198 | only_abt_probs result: {'A': 0.2676730218866897, 'B': 0.7276107113633089, 'T': 8.979427393208974e-05}
2025-11-21 08:11:43 | DEBUG    | main:410 | RJ prompt (truncated): <bos><start_of_turn>user
You are an impartial and unbiased judge.

You will be given answers from two assistants (Assistant A and Assistant B) to a user prompt. Please act as an impartial judge and evaluate the quality of their answers. You must output only one of the following choices:
'A' if Assistant A's answer is better.
'T' if both answers are relatively the same in quality.
'B' if Assistant B's answer is better.
Do not think or reason. Just choose which answer you prefer: A or B or T.
Outp...<truncated 20507 chars>
2025-11-21 08:11:43 | DEBUG    | main:440 | RJ prompt length: 9256
2025-11-21 08:12:02 | DEBUG    | main:461 | RJ: Generated 8 steps
2025-11-21 08:12:02 | DEBUG    | main:467 | RJ: generated text='B's answer.

B<end_of_turn>'
2025-11-21 08:12:02 | DEBUG    | main:473 | RJ step 0: token_id=236799, text='B'
2025-11-21 08:12:02 | DEBUG    | main:476 | RJ: Found A/B/T at step 0
2025-11-21 08:12:02 | DEBUG    | main:483 | RJ step 0: extracting probs from logits
2025-11-21 08:12:02 | DEBUG    | logits_to_prob_map:157 | logits_to_prob_map: input shape=torch.Size([262208]), dtype=torch.float32
2025-11-21 08:12:02 | DEBUG    | logits_to_prob_map:170 | Top-k extraction: k=50, top logprobs range=[-13.3836, -0.0086]
2025-11-21 08:12:02 | DEBUG    | logits_to_prob_map:180 | topk[0]: token_id=236799, text='B', logprob=-0.0086, prob=0.991482
2025-11-21 08:12:02 | DEBUG    | logits_to_prob_map:180 | topk[1]: token_id=236776, text='A', logprob=-4.8836, prob=0.007570
2025-11-21 08:12:02 | DEBUG    | logits_to_prob_map:180 | topk[2]: token_id=236789, text=''', logprob=-8.3836, prob=0.000229
2025-11-21 08:12:02 | DEBUG    | logits_to_prob_map:180 | topk[3]: token_id=35343, text='Bs', logprob=-9.1336, prob=0.000108
2025-11-21 08:12:02 | DEBUG    | logits_to_prob_map:180 | topk[4]: token_id=236763, text='b', logprob=-9.6336, prob=0.000065
2025-11-21 08:12:02 | DEBUG    | logits_to_prob_map:180 | topk[5]: token_id=107, text='
', logprob=-9.8836, prob=0.000051
2025-11-21 08:12:02 | DEBUG    | logits_to_prob_map:180 | topk[6]: token_id=74314, text='Assistant', logprob=-10.0086, prob=0.000045
2025-11-21 08:12:02 | DEBUG    | logits_to_prob_map:180 | topk[7]: token_id=236774, text='T', logprob=-10.0086, prob=0.000045
2025-11-21 08:12:02 | DEBUG    | logits_to_prob_map:180 | topk[8]: token_id=236795, text='$', logprob=-10.5711, prob=0.000026
2025-11-21 08:12:02 | DEBUG    | logits_to_prob_map:180 | topk[9]: token_id=7925, text='Answer', logprob=-10.8836, prob=0.000019
2025-11-21 08:12:02 | DEBUG    | only_abt_probs:198 | only_abt_probs result: {'A': 0.007570058689791148, 'B': 0.9914821217607273, 'T': 4.5013214370748526e-05}
2025-11-21 08:12:02 | DEBUG    | main:544 | Row 29 complete: JR={'A': 0.2676730218866897, 'B': 0.7276107113633089, 'T': 8.979427393208974e-05}, RJ={'A': 0.007570058689791148, 'B': 0.9914821217607273, 'T': 4.5013214370748526e-05}, combined_norm={'A': 0.6313229521348339, 'B': 0.3686094572573569, 'T': 6.759060780921628e-05}
2025-11-21 08:12:02 | INFO     | main:391 | Processing row 30/970
2025-11-21 08:12:02 | DEBUG    | main:393 | ========== Row 30 ==========
2025-11-21 08:12:02 | DEBUG    | main:394 | Built msgs_jr with 2 messages
2025-11-21 08:12:02 | DEBUG    | main:396 | msgs_jr[0] role=system content=You are an impartial and unbiased judge.
2025-11-21 08:12:02 | DEBUG    | main:396 | msgs_jr[1] role=user content=You will be given answers from two assistants (Assistant A and Assistant B) to a user prompt. Please act as an impartial judge and evaluate the quality of their answers. You must output only one of the following choices:
'A' if Assistant A's answer is better.
'T' if both answers are relatively the s...<truncated 5937 chars>
2025-11-21 08:12:02 | DEBUG    | main:410 | JR prompt (truncated): <bos><start_of_turn>user
You are an impartial and unbiased judge.

You will be given answers from two assistants (Assistant A and Assistant B) to a user prompt. Please act as an impartial judge and evaluate the quality of their answers. You must output only one of the following choices:
'A' if Assistant A's answer is better.
'T' if both answers are relatively the same in quality.
'B' if Assistant B's answer is better.
Do not think or reason. Just choose which answer you prefer: A or B or T.
Outp...<truncated 6152 chars>
2025-11-21 08:12:02 | DEBUG    | main:440 | JR prompt length: 2504
2025-11-21 08:12:06 | DEBUG    | main:461 | JR: Generated 8 steps
2025-11-21 08:12:06 | DEBUG    | main:467 | JR: generated text='B's answer.

B<end_of_turn>'
2025-11-21 08:12:06 | DEBUG    | main:473 | JR step 0: token_id=236799, text='B'
2025-11-21 08:12:06 | DEBUG    | main:476 | JR: Found A/B/T at step 0
2025-11-21 08:12:06 | DEBUG    | main:483 | JR step 0: extracting probs from logits
2025-11-21 08:12:06 | DEBUG    | logits_to_prob_map:157 | logits_to_prob_map: input shape=torch.Size([262208]), dtype=torch.float32
2025-11-21 08:12:06 | DEBUG    | logits_to_prob_map:170 | Top-k extraction: k=50, top logprobs range=[-16.2523, -0.0023]
2025-11-21 08:12:06 | DEBUG    | logits_to_prob_map:180 | topk[0]: token_id=236799, text='B', logprob=-0.0023, prob=0.997733
2025-11-21 08:12:06 | DEBUG    | logits_to_prob_map:180 | topk[1]: token_id=236776, text='A', logprob=-6.1273, prob=0.002183
2025-11-21 08:12:06 | DEBUG    | logits_to_prob_map:180 | topk[2]: token_id=236789, text=''', logprob=-10.6273, prob=0.000024
2025-11-21 08:12:06 | DEBUG    | logits_to_prob_map:180 | topk[3]: token_id=35343, text='Bs', logprob=-11.2523, prob=0.000013
2025-11-21 08:12:06 | DEBUG    | logits_to_prob_map:180 | topk[4]: token_id=236763, text='b', logprob=-11.7523, prob=0.000008
2025-11-21 08:12:06 | DEBUG    | logits_to_prob_map:180 | topk[5]: token_id=74314, text='Assistant', logprob=-12.0023, prob=0.000006
2025-11-21 08:12:06 | DEBUG    | logits_to_prob_map:180 | topk[6]: token_id=107, text='
', logprob=-12.0023, prob=0.000006
2025-11-21 08:12:06 | DEBUG    | logits_to_prob_map:180 | topk[7]: token_id=236775, text='"', logprob=-13.0023, prob=0.000002
2025-11-21 08:12:06 | DEBUG    | logits_to_prob_map:180 | topk[8]: token_id=7925, text='Answer', logprob=-13.0023, prob=0.000002
2025-11-21 08:12:06 | DEBUG    | logits_to_prob_map:180 | topk[9]: token_id=14433, text='answer', logprob=-13.3773, prob=0.000002
2025-11-21 08:12:06 | DEBUG    | only_abt_probs:198 | only_abt_probs result: {'A': 0.002182532742579031, 'B': 0.9977331405681685, 'T': 7.321578201887006e-07}
2025-11-21 08:12:06 | DEBUG    | main:410 | RJ prompt (truncated): <bos><start_of_turn>user
You are an impartial and unbiased judge.

You will be given answers from two assistants (Assistant A and Assistant B) to a user prompt. Please act as an impartial judge and evaluate the quality of their answers. You must output only one of the following choices:
'A' if Assistant A's answer is better.
'T' if both answers are relatively the same in quality.
'B' if Assistant B's answer is better.
Do not think or reason. Just choose which answer you prefer: A or B or T.
Outp...<truncated 6152 chars>
2025-11-21 08:12:06 | DEBUG    | main:440 | RJ prompt length: 2504
2025-11-21 08:12:10 | DEBUG    | main:461 | RJ: Generated 8 steps
2025-11-21 08:12:10 | DEBUG    | main:467 | RJ: generated text='A's answer.

A<end_of_turn>'
2025-11-21 08:12:10 | DEBUG    | main:473 | RJ step 0: token_id=236776, text='A'
2025-11-21 08:12:10 | DEBUG    | main:476 | RJ: Found A/B/T at step 0
2025-11-21 08:12:10 | DEBUG    | main:483 | RJ step 0: extracting probs from logits
2025-11-21 08:12:10 | DEBUG    | logits_to_prob_map:157 | logits_to_prob_map: input shape=torch.Size([262208]), dtype=torch.float32
2025-11-21 08:12:10 | DEBUG    | logits_to_prob_map:170 | Top-k extraction: k=50, top logprobs range=[-15.8770, -0.0020]
2025-11-21 08:12:10 | DEBUG    | logits_to_prob_map:180 | topk[0]: token_id=236776, text='A', logprob=-0.0020, prob=0.998011
2025-11-21 08:12:10 | DEBUG    | logits_to_prob_map:180 | topk[1]: token_id=236799, text='B', logprob=-6.3770, prob=0.001700
2025-11-21 08:12:10 | DEBUG    | logits_to_prob_map:180 | topk[2]: token_id=236789, text=''', logprob=-8.7520, prob=0.000158
2025-11-21 08:12:10 | DEBUG    | logits_to_prob_map:180 | topk[3]: token_id=2205, text='As', logprob=-9.6270, prob=0.000066
2025-11-21 08:12:10 | DEBUG    | logits_to_prob_map:180 | topk[4]: token_id=236746, text='a', logprob=-11.5020, prob=0.000010
2025-11-21 08:12:10 | DEBUG    | logits_to_prob_map:180 | topk[5]: token_id=236769, text='(', logprob=-12.0020, prob=0.000006
2025-11-21 08:12:10 | DEBUG    | logits_to_prob_map:180 | topk[6]: token_id=107, text='
', logprob=-12.1270, prob=0.000005
2025-11-21 08:12:10 | DEBUG    | logits_to_prob_map:180 | topk[7]: token_id=236858, text='’', logprob=-12.3770, prob=0.000004
2025-11-21 08:12:10 | DEBUG    | logits_to_prob_map:180 | topk[8]: token_id=237095, text='‘', logprob=-12.8770, prob=0.000003
2025-11-21 08:12:10 | DEBUG    | logits_to_prob_map:180 | topk[9]: token_id=1018, text='**', logprob=-12.8770, prob=0.000003
2025-11-21 08:12:10 | DEBUG    | only_abt_probs:198 | only_abt_probs result: {'A': 0.9980105480310646, 'B': 0.0017002308007763622, 'T': 1.8517004498224816e-07}
2025-11-21 08:12:10 | DEBUG    | main:544 | Row 30 complete: JR={'A': 0.002182532742579031, 'B': 0.9977331405681685, 'T': 7.321578201887006e-07}, RJ={'A': 0.9980105480310646, 'B': 0.0017002308007763622, 'T': 1.8517004498224816e-07}, combined_norm={'A': 0.0019417435481409897, 'B': 0.9980577977024544, 'T': 4.587494046022573e-07}
2025-11-21 08:12:10 | DEBUG    | main:393 | ========== Row 31 ==========
2025-11-21 08:12:10 | DEBUG    | main:394 | Built msgs_jr with 2 messages
2025-11-21 08:12:10 | DEBUG    | main:396 | msgs_jr[0] role=system content=You are an impartial and unbiased judge.
2025-11-21 08:12:10 | DEBUG    | main:396 | msgs_jr[1] role=user content=You will be given answers from two assistants (Assistant A and Assistant B) to a user prompt. Please act as an impartial judge and evaluate the quality of their answers. You must output only one of the following choices:
'A' if Assistant A's answer is better.
'T' if both answers are relatively the s...<truncated 7438 chars>
2025-11-21 08:12:10 | DEBUG    | main:410 | JR prompt (truncated): <bos><start_of_turn>user
You are an impartial and unbiased judge.

You will be given answers from two assistants (Assistant A and Assistant B) to a user prompt. Please act as an impartial judge and evaluate the quality of their answers. You must output only one of the following choices:
'A' if Assistant A's answer is better.
'T' if both answers are relatively the same in quality.
'B' if Assistant B's answer is better.
Do not think or reason. Just choose which answer you prefer: A or B or T.
Outp...<truncated 7653 chars>
2025-11-21 08:12:10 | DEBUG    | main:440 | JR prompt length: 3981
2025-11-21 08:12:16 | DEBUG    | main:461 | JR: Generated 8 steps
2025-11-21 08:12:16 | DEBUG    | main:467 | JR: generated text='B's answer.

B<end_of_turn>'
2025-11-21 08:12:16 | DEBUG    | main:473 | JR step 0: token_id=236799, text='B'
2025-11-21 08:12:16 | DEBUG    | main:476 | JR: Found A/B/T at step 0
2025-11-21 08:12:16 | DEBUG    | main:483 | JR step 0: extracting probs from logits
2025-11-21 08:12:16 | DEBUG    | logits_to_prob_map:157 | logits_to_prob_map: input shape=torch.Size([262208]), dtype=torch.float32
2025-11-21 08:12:16 | DEBUG    | logits_to_prob_map:170 | Top-k extraction: k=50, top logprobs range=[-15.6923, -0.0048]
2025-11-21 08:12:16 | DEBUG    | logits_to_prob_map:180 | topk[0]: token_id=236799, text='B', logprob=-0.0048, prob=0.995244
2025-11-21 08:12:16 | DEBUG    | logits_to_prob_map:180 | topk[1]: token_id=236776, text='A', logprob=-5.3798, prob=0.004609
2025-11-21 08:12:16 | DEBUG    | logits_to_prob_map:180 | topk[2]: token_id=236789, text=''', logprob=-10.1298, prob=0.000040
2025-11-21 08:12:16 | DEBUG    | logits_to_prob_map:180 | topk[3]: token_id=35343, text='Bs', logprob=-10.3798, prob=0.000031
2025-11-21 08:12:16 | DEBUG    | logits_to_prob_map:180 | topk[4]: token_id=107, text='
', logprob=-11.1298, prob=0.000015
2025-11-21 08:12:16 | DEBUG    | logits_to_prob_map:180 | topk[5]: token_id=236763, text='b', logprob=-11.2548, prob=0.000013
2025-11-21 08:12:16 | DEBUG    | logits_to_prob_map:180 | topk[6]: token_id=22186, text='Both', logprob=-12.1298, prob=0.000005
2025-11-21 08:12:16 | DEBUG    | logits_to_prob_map:180 | topk[7]: token_id=236795, text='$', logprob=-12.6298, prob=0.000003
2025-11-21 08:12:16 | DEBUG    | logits_to_prob_map:180 | topk[8]: token_id=74314, text='Assistant', logprob=-12.8798, prob=0.000003
2025-11-21 08:12:16 | DEBUG    | logits_to_prob_map:180 | topk[9]: token_id=236858, text='’', logprob=-13.1298, prob=0.000002
2025-11-21 08:12:16 | DEBUG    | only_abt_probs:198 | only_abt_probs result: {'A': 0.004608895949188842, 'B': 0.9952444574474679, 'T': 1.3644400077532856e-06}
2025-11-21 08:12:16 | DEBUG    | main:410 | RJ prompt (truncated): <bos><start_of_turn>user
You are an impartial and unbiased judge.

You will be given answers from two assistants (Assistant A and Assistant B) to a user prompt. Please act as an impartial judge and evaluate the quality of their answers. You must output only one of the following choices:
'A' if Assistant A's answer is better.
'T' if both answers are relatively the same in quality.
'B' if Assistant B's answer is better.
Do not think or reason. Just choose which answer you prefer: A or B or T.
Outp...<truncated 7653 chars>
2025-11-21 08:12:16 | DEBUG    | main:440 | RJ prompt length: 3981
2025-11-21 08:12:21 | DEBUG    | main:461 | RJ: Generated 8 steps
2025-11-21 08:12:21 | DEBUG    | main:467 | RJ: generated text='A's answer.

A<end_of_turn>'
2025-11-21 08:12:21 | DEBUG    | main:473 | RJ step 0: token_id=236776, text='A'
2025-11-21 08:12:21 | DEBUG    | main:476 | RJ: Found A/B/T at step 0
2025-11-21 08:12:21 | DEBUG    | main:483 | RJ step 0: extracting probs from logits
2025-11-21 08:12:21 | DEBUG    | logits_to_prob_map:157 | logits_to_prob_map: input shape=torch.Size([262208]), dtype=torch.float32
2025-11-21 08:12:21 | DEBUG    | logits_to_prob_map:170 | Top-k extraction: k=50, top logprobs range=[-15.7011, -0.5761]
2025-11-21 08:12:21 | DEBUG    | logits_to_prob_map:180 | topk[0]: token_id=236776, text='A', logprob=-0.5761, prob=0.562096
2025-11-21 08:12:21 | DEBUG    | logits_to_prob_map:180 | topk[1]: token_id=236799, text='B', logprob=-0.8261, prob=0.437761
2025-11-21 08:12:21 | DEBUG    | logits_to_prob_map:180 | topk[2]: token_id=236789, text=''', logprob=-9.8261, prob=0.000054
2025-11-21 08:12:21 | DEBUG    | logits_to_prob_map:180 | topk[3]: token_id=107, text='
', logprob=-11.2011, prob=0.000014
2025-11-21 08:12:21 | DEBUG    | logits_to_prob_map:180 | topk[4]: token_id=2205, text='As', logprob=-11.3261, prob=0.000012
2025-11-21 08:12:21 | DEBUG    | logits_to_prob_map:180 | topk[5]: token_id=236769, text='(', logprob=-11.9511, prob=0.000006
2025-11-21 08:12:21 | DEBUG    | logits_to_prob_map:180 | topk[6]: token_id=236763, text='b', logprob=-12.0761, prob=0.000006
2025-11-21 08:12:21 | DEBUG    | logits_to_prob_map:180 | topk[7]: token_id=236795, text='$', logprob=-12.0761, prob=0.000006
2025-11-21 08:12:21 | DEBUG    | logits_to_prob_map:180 | topk[8]: token_id=236746, text='a', logprob=-12.2011, prob=0.000005
2025-11-21 08:12:21 | DEBUG    | logits_to_prob_map:180 | topk[9]: token_id=35343, text='Bs', logprob=-12.3261, prob=0.000004
2025-11-21 08:12:21 | DEBUG    | only_abt_probs:198 | only_abt_probs result: {'A': 0.5620957532914223, 'B': 0.4377606128244708, 'T': 5.637904577532492e-07}
2025-11-21 08:12:21 | DEBUG    | main:544 | Row 31 complete: JR={'A': 0.004608895949188842, 'B': 0.9952444574474679, 'T': 1.3644400077532856e-06}, RJ={'A': 0.5620957532914223, 'B': 0.4377606128244708, 'T': 5.637904577532492e-07}, combined_norm={'A': 0.22121664854677534, 'B': 0.7787823871989694, 'T': 9.642542551986642e-07}
2025-11-21 08:12:21 | DEBUG    | main:393 | ========== Row 32 ==========
2025-11-21 08:12:21 | DEBUG    | main:394 | Built msgs_jr with 2 messages
2025-11-21 08:12:21 | DEBUG    | main:396 | msgs_jr[0] role=system content=You are an impartial and unbiased judge.
2025-11-21 08:12:21 | DEBUG    | main:396 | msgs_jr[1] role=user content=You will be given answers from two assistants (Assistant A and Assistant B) to a user prompt. Please act as an impartial judge and evaluate the quality of their answers. You must output only one of the following choices:
'A' if Assistant A's answer is better.
'T' if both answers are relatively the s...<truncated 8151 chars>
2025-11-21 08:12:21 | DEBUG    | main:410 | JR prompt (truncated): <bos><start_of_turn>user
You are an impartial and unbiased judge.

You will be given answers from two assistants (Assistant A and Assistant B) to a user prompt. Please act as an impartial judge and evaluate the quality of their answers. You must output only one of the following choices:
'A' if Assistant A's answer is better.
'T' if both answers are relatively the same in quality.
'B' if Assistant B's answer is better.
Do not think or reason. Just choose which answer you prefer: A or B or T.
Outp...<truncated 8366 chars>
2025-11-21 08:12:21 | DEBUG    | main:440 | JR prompt length: 3430
2025-11-21 08:12:26 | DEBUG    | main:461 | JR: Generated 8 steps
2025-11-21 08:12:26 | DEBUG    | main:467 | JR: generated text='B's answer.

B<end_of_turn>'
2025-11-21 08:12:26 | DEBUG    | main:473 | JR step 0: token_id=236799, text='B'
2025-11-21 08:12:26 | DEBUG    | main:476 | JR: Found A/B/T at step 0
2025-11-21 08:12:26 | DEBUG    | main:483 | JR step 0: extracting probs from logits
2025-11-21 08:12:26 | DEBUG    | logits_to_prob_map:157 | logits_to_prob_map: input shape=torch.Size([262208]), dtype=torch.float32
2025-11-21 08:12:26 | DEBUG    | logits_to_prob_map:170 | Top-k extraction: k=50, top logprobs range=[-15.8798, -0.0048]
2025-11-21 08:12:26 | DEBUG    | logits_to_prob_map:180 | topk[0]: token_id=236799, text='B', logprob=-0.0048, prob=0.995252
2025-11-21 08:12:26 | DEBUG    | logits_to_prob_map:180 | topk[1]: token_id=236776, text='A', logprob=-5.3798, prob=0.004609
2025-11-21 08:12:26 | DEBUG    | logits_to_prob_map:180 | topk[2]: token_id=236789, text=''', logprob=-10.2548, prob=0.000035
2025-11-21 08:12:26 | DEBUG    | logits_to_prob_map:180 | topk[3]: token_id=35343, text='Bs', logprob=-10.3798, prob=0.000031
2025-11-21 08:12:26 | DEBUG    | logits_to_prob_map:180 | topk[4]: token_id=236763, text='b', logprob=-10.8798, prob=0.000019
2025-11-21 08:12:26 | DEBUG    | logits_to_prob_map:180 | topk[5]: token_id=107, text='
', logprob=-11.3798, prob=0.000011
2025-11-21 08:12:26 | DEBUG    | logits_to_prob_map:180 | topk[6]: token_id=236775, text='"', logprob=-12.5048, prob=0.000004
2025-11-21 08:12:26 | DEBUG    | logits_to_prob_map:180 | topk[7]: token_id=1018, text='**', logprob=-12.8798, prob=0.000003
2025-11-21 08:12:26 | DEBUG    | logits_to_prob_map:180 | topk[8]: token_id=7925, text='Answer', logprob=-13.0048, prob=0.000002
2025-11-21 08:12:26 | DEBUG    | logits_to_prob_map:180 | topk[9]: token_id=74314, text='Assistant', logprob=-13.0048, prob=0.000002
2025-11-21 08:12:26 | DEBUG    | only_abt_probs:198 | only_abt_probs result: {'A': 0.004608931112408529, 'B': 0.9952518962600994, 'T': 1.3644491164034307e-06}
2025-11-21 08:12:26 | DEBUG    | main:410 | RJ prompt (truncated): <bos><start_of_turn>user
You are an impartial and unbiased judge.

You will be given answers from two assistants (Assistant A and Assistant B) to a user prompt. Please act as an impartial judge and evaluate the quality of their answers. You must output only one of the following choices:
'A' if Assistant A's answer is better.
'T' if both answers are relatively the same in quality.
'B' if Assistant B's answer is better.
Do not think or reason. Just choose which answer you prefer: A or B or T.
Outp...<truncated 8366 chars>
2025-11-21 08:12:26 | DEBUG    | main:440 | RJ prompt length: 3430
2025-11-21 08:12:31 | DEBUG    | main:461 | RJ: Generated 8 steps
2025-11-21 08:12:31 | DEBUG    | main:467 | RJ: generated text='A's answer.

A<end_of_turn>'
2025-11-21 08:12:31 | DEBUG    | main:473 | RJ step 0: token_id=236776, text='A'
2025-11-21 08:12:31 | DEBUG    | main:476 | RJ: Found A/B/T at step 0
2025-11-21 08:12:31 | DEBUG    | main:483 | RJ step 0: extracting probs from logits
2025-11-21 08:12:31 | DEBUG    | logits_to_prob_map:157 | logits_to_prob_map: input shape=torch.Size([262208]), dtype=torch.float32
2025-11-21 08:12:31 | DEBUG    | logits_to_prob_map:170 | Top-k extraction: k=50, top logprobs range=[-15.8130, -0.0005]
2025-11-21 08:12:31 | DEBUG    | logits_to_prob_map:180 | topk[0]: token_id=236776, text='A', logprob=-0.0005, prob=0.999475
2025-11-21 08:12:31 | DEBUG    | logits_to_prob_map:180 | topk[1]: token_id=236799, text='B', logprob=-8.3755, prob=0.000230
2025-11-21 08:12:31 | DEBUG    | logits_to_prob_map:180 | topk[2]: token_id=236789, text=''', logprob=-9.0005, prob=0.000123
2025-11-21 08:12:31 | DEBUG    | logits_to_prob_map:180 | topk[3]: token_id=2205, text='As', logprob=-9.1255, prob=0.000109
2025-11-21 08:12:31 | DEBUG    | logits_to_prob_map:180 | topk[4]: token_id=236746, text='a', logprob=-11.2505, prob=0.000013
2025-11-21 08:12:31 | DEBUG    | logits_to_prob_map:180 | topk[5]: token_id=236769, text='(', logprob=-12.0005, prob=0.000006
2025-11-21 08:12:31 | DEBUG    | logits_to_prob_map:180 | topk[6]: token_id=236858, text='’', logprob=-12.5005, prob=0.000004
2025-11-21 08:12:31 | DEBUG    | logits_to_prob_map:180 | topk[7]: token_id=236775, text='"', logprob=-12.6255, prob=0.000003
2025-11-21 08:12:31 | DEBUG    | logits_to_prob_map:180 | topk[8]: token_id=107, text='
', logprob=-12.7505, prob=0.000003
2025-11-21 08:12:31 | DEBUG    | logits_to_prob_map:180 | topk[9]: token_id=1018, text='**', logprob=-13.1255, prob=0.000002
2025-11-21 08:12:31 | DEBUG    | only_abt_probs:198 | only_abt_probs result: {'A': 0.999475277781232, 'B': 0.00023043896583969573, 'T': 0.0}
2025-11-21 08:12:31 | DEBUG    | main:544 | Row 32 complete: JR={'A': 0.004608931112408529, 'B': 0.9952518962600994, 'T': 1.3644491164034307e-06}, RJ={'A': 0.999475277781232, 'B': 0.00023043896583969573, 'T': 0.0}, combined_norm={'A': 0.002420207914675065, 'B': 0.9975791097133432, 'T': 6.823719817448523e-07}
2025-11-21 08:12:31 | DEBUG    | main:393 | ========== Row 33 ==========
2025-11-21 08:12:31 | DEBUG    | main:394 | Built msgs_jr with 2 messages
2025-11-21 08:12:31 | DEBUG    | main:396 | msgs_jr[0] role=system content=You are an impartial and unbiased judge.
2025-11-21 08:12:31 | DEBUG    | main:396 | msgs_jr[1] role=user content=You will be given answers from two assistants (Assistant A and Assistant B) to a user prompt. Please act as an impartial judge and evaluate the quality of their answers. You must output only one of the following choices:
'A' if Assistant A's answer is better.
'T' if both answers are relatively the s...<truncated 8512 chars>
2025-11-21 08:12:31 | DEBUG    | main:410 | JR prompt (truncated): <bos><start_of_turn>user
You are an impartial and unbiased judge.

You will be given answers from two assistants (Assistant A and Assistant B) to a user prompt. Please act as an impartial judge and evaluate the quality of their answers. You must output only one of the following choices:
'A' if Assistant A's answer is better.
'T' if both answers are relatively the same in quality.
'B' if Assistant B's answer is better.
Do not think or reason. Just choose which answer you prefer: A or B or T.
Outp...<truncated 8727 chars>
2025-11-21 08:12:31 | DEBUG    | main:440 | JR prompt length: 4149
2025-11-21 08:12:37 | DEBUG    | main:461 | JR: Generated 8 steps
2025-11-21 08:12:37 | DEBUG    | main:467 | JR: generated text='B's answer.

B<end_of_turn>'
2025-11-21 08:12:37 | DEBUG    | main:473 | JR step 0: token_id=236799, text='B'
2025-11-21 08:12:37 | DEBUG    | main:476 | JR: Found A/B/T at step 0
2025-11-21 08:12:37 | DEBUG    | main:483 | JR step 0: extracting probs from logits
2025-11-21 08:12:37 | DEBUG    | logits_to_prob_map:157 | logits_to_prob_map: input shape=torch.Size([262208]), dtype=torch.float32
2025-11-21 08:12:37 | DEBUG    | logits_to_prob_map:170 | Top-k extraction: k=50, top logprobs range=[-14.4465, -0.0090]
2025-11-21 08:12:37 | DEBUG    | logits_to_prob_map:180 | topk[0]: token_id=236799, text='B', logprob=-0.0090, prob=0.991061
2025-11-21 08:12:37 | DEBUG    | logits_to_prob_map:180 | topk[1]: token_id=236776, text='A', logprob=-4.7590, prob=0.008574
2025-11-21 08:12:37 | DEBUG    | logits_to_prob_map:180 | topk[2]: token_id=236789, text=''', logprob=-9.0090, prob=0.000122
2025-11-21 08:12:37 | DEBUG    | logits_to_prob_map:180 | topk[3]: token_id=35343, text='Bs', logprob=-10.3840, prob=0.000031
2025-11-21 08:12:37 | DEBUG    | logits_to_prob_map:180 | topk[4]: token_id=236763, text='b', logprob=-10.7590, prob=0.000021
2025-11-21 08:12:37 | DEBUG    | logits_to_prob_map:180 | topk[5]: token_id=74314, text='Assistant', logprob=-10.8840, prob=0.000019
2025-11-21 08:12:37 | DEBUG    | logits_to_prob_map:180 | topk[6]: token_id=1018, text='**', logprob=-11.1340, prob=0.000015
2025-11-21 08:12:37 | DEBUG    | logits_to_prob_map:180 | topk[7]: token_id=22186, text='Both', logprob=-11.2590, prob=0.000013
2025-11-21 08:12:37 | DEBUG    | logits_to_prob_map:180 | topk[8]: token_id=107, text='
', logprob=-11.2590, prob=0.000013
2025-11-21 08:12:37 | DEBUG    | logits_to_prob_map:180 | topk[9]: token_id=7925, text='Answer', logprob=-12.0715, prob=0.000006
2025-11-21 08:12:37 | DEBUG    | only_abt_probs:198 | only_abt_probs result: {'A': 0.008574352513907367, 'B': 0.9910605445914065, 'T': 3.061885064982314e-06}
2025-11-21 08:12:37 | DEBUG    | main:410 | RJ prompt (truncated): <bos><start_of_turn>user
You are an impartial and unbiased judge.

You will be given answers from two assistants (Assistant A and Assistant B) to a user prompt. Please act as an impartial judge and evaluate the quality of their answers. You must output only one of the following choices:
'A' if Assistant A's answer is better.
'T' if both answers are relatively the same in quality.
'B' if Assistant B's answer is better.
Do not think or reason. Just choose which answer you prefer: A or B or T.
Outp...<truncated 8727 chars>
2025-11-21 08:12:37 | DEBUG    | main:440 | RJ prompt length: 4149
2025-11-21 08:12:43 | DEBUG    | main:461 | RJ: Generated 8 steps
2025-11-21 08:12:43 | DEBUG    | main:467 | RJ: generated text='A's answer.

A<end_of_turn>'
2025-11-21 08:12:43 | DEBUG    | main:473 | RJ step 0: token_id=236776, text='A'
2025-11-21 08:12:43 | DEBUG    | main:476 | RJ: Found A/B/T at step 0
2025-11-21 08:12:43 | DEBUG    | main:483 | RJ step 0: extracting probs from logits
2025-11-21 08:12:43 | DEBUG    | logits_to_prob_map:157 | logits_to_prob_map: input shape=torch.Size([262208]), dtype=torch.float32
2025-11-21 08:12:43 | DEBUG    | logits_to_prob_map:170 | Top-k extraction: k=50, top logprobs range=[-14.5754, -0.0129]
2025-11-21 08:12:43 | DEBUG    | logits_to_prob_map:180 | topk[0]: token_id=236776, text='A', logprob=-0.0129, prob=0.987169
2025-11-21 08:12:43 | DEBUG    | logits_to_prob_map:180 | topk[1]: token_id=236799, text='B', logprob=-4.3879, prob=0.012427
2025-11-21 08:12:43 | DEBUG    | logits_to_prob_map:180 | topk[2]: token_id=236789, text=''', logprob=-8.5129, prob=0.000201
2025-11-21 08:12:43 | DEBUG    | logits_to_prob_map:180 | topk[3]: token_id=2205, text='As', logprob=-10.1379, prob=0.000040
2025-11-21 08:12:43 | DEBUG    | logits_to_prob_map:180 | topk[4]: token_id=107, text='
', logprob=-11.0129, prob=0.000016
2025-11-21 08:12:43 | DEBUG    | logits_to_prob_map:180 | topk[5]: token_id=236746, text='a', logprob=-11.1379, prob=0.000015
2025-11-21 08:12:43 | DEBUG    | logits_to_prob_map:180 | topk[6]: token_id=236769, text='(', logprob=-11.2629, prob=0.000013
2025-11-21 08:12:43 | DEBUG    | logits_to_prob_map:180 | topk[7]: token_id=1018, text='**', logprob=-11.2629, prob=0.000013
2025-11-21 08:12:43 | DEBUG    | logits_to_prob_map:180 | topk[8]: token_id=236795, text='$', logprob=-11.3879, prob=0.000011
2025-11-21 08:12:43 | DEBUG    | logits_to_prob_map:180 | topk[9]: token_id=236858, text='’', logprob=-11.8879, prob=0.000007
2025-11-21 08:12:43 | DEBUG    | only_abt_probs:198 | only_abt_probs result: {'A': 0.9871690269088467, 'B': 0.012426621894427172, 'T': 6.39286130700142e-07}
2025-11-21 08:12:43 | DEBUG    | main:544 | Row 33 complete: JR={'A': 0.008574352513907367, 'B': 0.9910605445914065, 'T': 3.061885064982314e-06}, RJ={'A': 0.9871690269088467, 'B': 0.012426621894427172, 'T': 6.39286130700142e-07}, combined_norm={'A': 0.010504509133439456, 'B': 0.9894936395721456, 'T': 1.8512944148934207e-06}
2025-11-21 08:12:43 | DEBUG    | main:393 | ========== Row 34 ==========
2025-11-21 08:12:43 | DEBUG    | main:394 | Built msgs_jr with 2 messages
2025-11-21 08:12:43 | DEBUG    | main:396 | msgs_jr[0] role=system content=You are an impartial and unbiased judge.
2025-11-21 08:12:43 | DEBUG    | main:396 | msgs_jr[1] role=user content=You will be given answers from two assistants (Assistant A and Assistant B) to a user prompt. Please act as an impartial judge and evaluate the quality of their answers. You must output only one of the following choices:
'A' if Assistant A's answer is better.
'T' if both answers are relatively the s...<truncated 7934 chars>
2025-11-21 08:12:43 | DEBUG    | main:410 | JR prompt (truncated): <bos><start_of_turn>user
You are an impartial and unbiased judge.

You will be given answers from two assistants (Assistant A and Assistant B) to a user prompt. Please act as an impartial judge and evaluate the quality of their answers. You must output only one of the following choices:
'A' if Assistant A's answer is better.
'T' if both answers are relatively the same in quality.
'B' if Assistant B's answer is better.
Do not think or reason. Just choose which answer you prefer: A or B or T.
Outp...<truncated 8149 chars>
2025-11-21 08:12:43 | DEBUG    | main:440 | JR prompt length: 3397
2025-11-21 08:12:48 | DEBUG    | main:461 | JR: Generated 8 steps
2025-11-21 08:12:48 | DEBUG    | main:467 | JR: generated text='B's answer.

B<end_of_turn>'
2025-11-21 08:12:48 | DEBUG    | main:473 | JR step 0: token_id=236799, text='B'
2025-11-21 08:12:48 | DEBUG    | main:476 | JR: Found A/B/T at step 0
2025-11-21 08:12:48 | DEBUG    | main:483 | JR step 0: extracting probs from logits
2025-11-21 08:12:48 | DEBUG    | logits_to_prob_map:157 | logits_to_prob_map: input shape=torch.Size([262208]), dtype=torch.float32
2025-11-21 08:12:48 | DEBUG    | logits_to_prob_map:170 | Top-k extraction: k=50, top logprobs range=[-15.4736, -0.3486]
2025-11-21 08:12:48 | DEBUG    | logits_to_prob_map:180 | topk[0]: token_id=236799, text='B', logprob=-0.3486, prob=0.705658
2025-11-21 08:12:48 | DEBUG    | logits_to_prob_map:180 | topk[1]: token_id=236776, text='A', logprob=-1.2236, prob=0.294162
2025-11-21 08:12:48 | DEBUG    | logits_to_prob_map:180 | topk[2]: token_id=236789, text=''', logprob=-9.5986, prob=0.000068
2025-11-21 08:12:48 | DEBUG    | logits_to_prob_map:180 | topk[3]: token_id=236763, text='b', logprob=-10.8486, prob=0.000019
2025-11-21 08:12:48 | DEBUG    | logits_to_prob_map:180 | topk[4]: token_id=107, text='
', logprob=-11.3486, prob=0.000012
2025-11-21 08:12:48 | DEBUG    | logits_to_prob_map:180 | topk[5]: token_id=2205, text='As', logprob=-11.7236, prob=0.000008
2025-11-21 08:12:48 | DEBUG    | logits_to_prob_map:180 | topk[6]: token_id=236746, text='a', logprob=-11.7236, prob=0.000008
2025-11-21 08:12:48 | DEBUG    | logits_to_prob_map:180 | topk[7]: token_id=236769, text='(', logprob=-11.8486, prob=0.000007
2025-11-21 08:12:48 | DEBUG    | logits_to_prob_map:180 | topk[8]: token_id=22186, text='Both', logprob=-12.2236, prob=0.000005
2025-11-21 08:12:48 | DEBUG    | logits_to_prob_map:180 | topk[9]: token_id=1018, text='**', logprob=-12.4736, prob=0.000004
2025-11-21 08:12:48 | DEBUG    | only_abt_probs:198 | only_abt_probs result: {'A': 0.2941621216537032, 'B': 0.7056582670862673, 'T': 2.3207405295844528e-06}
2025-11-21 08:12:48 | DEBUG    | main:410 | RJ prompt (truncated): <bos><start_of_turn>user
You are an impartial and unbiased judge.

You will be given answers from two assistants (Assistant A and Assistant B) to a user prompt. Please act as an impartial judge and evaluate the quality of their answers. You must output only one of the following choices:
'A' if Assistant A's answer is better.
'T' if both answers are relatively the same in quality.
'B' if Assistant B's answer is better.
Do not think or reason. Just choose which answer you prefer: A or B or T.
Outp...<truncated 8149 chars>
2025-11-21 08:12:48 | DEBUG    | main:440 | RJ prompt length: 3397
2025-11-21 08:12:52 | DEBUG    | main:461 | RJ: Generated 8 steps
2025-11-21 08:12:52 | DEBUG    | main:467 | RJ: generated text='B's answer.

B<end_of_turn>'
2025-11-21 08:12:52 | DEBUG    | main:473 | RJ step 0: token_id=236799, text='B'
2025-11-21 08:12:52 | DEBUG    | main:476 | RJ: Found A/B/T at step 0
2025-11-21 08:12:52 | DEBUG    | main:483 | RJ step 0: extracting probs from logits
2025-11-21 08:12:52 | DEBUG    | logits_to_prob_map:157 | logits_to_prob_map: input shape=torch.Size([262208]), dtype=torch.float32
2025-11-21 08:12:52 | DEBUG    | logits_to_prob_map:170 | Top-k extraction: k=50, top logprobs range=[-14.3987, -0.0237]
2025-11-21 08:12:52 | DEBUG    | logits_to_prob_map:180 | topk[0]: token_id=236799, text='B', logprob=-0.0237, prob=0.976605
2025-11-21 08:12:52 | DEBUG    | logits_to_prob_map:180 | topk[1]: token_id=236776, text='A', logprob=-3.7737, prob=0.022968
2025-11-21 08:12:52 | DEBUG    | logits_to_prob_map:180 | topk[2]: token_id=236789, text=''', logprob=-8.7737, prob=0.000155
2025-11-21 08:12:52 | DEBUG    | logits_to_prob_map:180 | topk[3]: token_id=236763, text='b', logprob=-10.1487, prob=0.000039
2025-11-21 08:12:52 | DEBUG    | logits_to_prob_map:180 | topk[4]: token_id=107, text='
', logprob=-10.6487, prob=0.000024
2025-11-21 08:12:52 | DEBUG    | logits_to_prob_map:180 | topk[5]: token_id=35343, text='Bs', logprob=-10.6487, prob=0.000024
2025-11-21 08:12:52 | DEBUG    | logits_to_prob_map:180 | topk[6]: token_id=236774, text='T', logprob=-11.2737, prob=0.000013
2025-11-21 08:12:52 | DEBUG    | logits_to_prob_map:180 | topk[7]: token_id=7925, text='Answer', logprob=-11.5237, prob=0.000010
2025-11-21 08:12:52 | DEBUG    | logits_to_prob_map:180 | topk[8]: token_id=236775, text='"', logprob=-11.6487, prob=0.000009
2025-11-21 08:12:52 | DEBUG    | logits_to_prob_map:180 | topk[9]: token_id=236769, text='(', logprob=-11.7112, prob=0.000008
2025-11-21 08:12:52 | DEBUG    | only_abt_probs:198 | only_abt_probs result: {'A': 0.022967541567627873, 'B': 0.9766047474420445, 'T': 1.2702991290404422e-05}
2025-11-21 08:12:52 | DEBUG    | main:544 | Row 34 complete: JR={'A': 0.2941621216537032, 'B': 0.7056582670862673, 'T': 2.3207405295844528e-06}, RJ={'A': 0.022967541567627873, 'B': 0.9766047474420445, 'T': 1.2702991290404422e-05}, combined_norm={'A': 0.6355716586237874, 'B': 0.36442082728501013, 'T': 7.514091202538145e-06}
2025-11-21 08:12:53 | DEBUG    | main:393 | ========== Row 35 ==========
2025-11-21 08:12:53 | DEBUG    | main:394 | Built msgs_jr with 2 messages
2025-11-21 08:12:53 | DEBUG    | main:396 | msgs_jr[0] role=system content=You are an impartial and unbiased judge.
2025-11-21 08:12:53 | DEBUG    | main:396 | msgs_jr[1] role=user content=You will be given answers from two assistants (Assistant A and Assistant B) to a user prompt. Please act as an impartial judge and evaluate the quality of their answers. You must output only one of the following choices:
'A' if Assistant A's answer is better.
'T' if both answers are relatively the s...<truncated 7975 chars>
2025-11-21 08:12:53 | DEBUG    | main:410 | JR prompt (truncated): <bos><start_of_turn>user
You are an impartial and unbiased judge.

You will be given answers from two assistants (Assistant A and Assistant B) to a user prompt. Please act as an impartial judge and evaluate the quality of their answers. You must output only one of the following choices:
'A' if Assistant A's answer is better.
'T' if both answers are relatively the same in quality.
'B' if Assistant B's answer is better.
Do not think or reason. Just choose which answer you prefer: A or B or T.
Outp...<truncated 8190 chars>
2025-11-21 08:12:53 | DEBUG    | main:440 | JR prompt length: 3107
2025-11-21 08:12:57 | DEBUG    | main:461 | JR: Generated 8 steps
2025-11-21 08:12:57 | DEBUG    | main:467 | JR: generated text='B's answer.

B<end_of_turn>'
2025-11-21 08:12:57 | DEBUG    | main:473 | JR step 0: token_id=236799, text='B'
2025-11-21 08:12:57 | DEBUG    | main:476 | JR: Found A/B/T at step 0
2025-11-21 08:12:57 | DEBUG    | main:483 | JR step 0: extracting probs from logits
2025-11-21 08:12:57 | DEBUG    | logits_to_prob_map:157 | logits_to_prob_map: input shape=torch.Size([262208]), dtype=torch.float32
2025-11-21 08:12:57 | DEBUG    | logits_to_prob_map:170 | Top-k extraction: k=50, top logprobs range=[-16.5037, -0.0037]
2025-11-21 08:12:57 | DEBUG    | logits_to_prob_map:180 | topk[0]: token_id=236799, text='B', logprob=-0.0037, prob=0.996336
2025-11-21 08:12:57 | DEBUG    | logits_to_prob_map:180 | topk[1]: token_id=236776, text='A', logprob=-5.6287, prob=0.003593
2025-11-21 08:12:57 | DEBUG    | logits_to_prob_map:180 | topk[2]: token_id=236789, text=''', logprob=-10.7537, prob=0.000021
2025-11-21 08:12:57 | DEBUG    | logits_to_prob_map:180 | topk[3]: token_id=236763, text='b', logprob=-11.6287, prob=0.000009
2025-11-21 08:12:57 | DEBUG    | logits_to_prob_map:180 | topk[4]: token_id=35343, text='Bs', logprob=-11.7537, prob=0.000008
2025-11-21 08:12:57 | DEBUG    | logits_to_prob_map:180 | topk[5]: token_id=74314, text='Assistant', logprob=-12.2537, prob=0.000005
2025-11-21 08:12:57 | DEBUG    | logits_to_prob_map:180 | topk[6]: token_id=107, text='
', logprob=-12.2537, prob=0.000005
2025-11-21 08:12:57 | DEBUG    | logits_to_prob_map:180 | topk[7]: token_id=7925, text='Answer', logprob=-12.7537, prob=0.000003
2025-11-21 08:12:57 | DEBUG    | logits_to_prob_map:180 | topk[8]: token_id=236775, text='"', logprob=-13.1287, prob=0.000002
2025-11-21 08:12:57 | DEBUG    | logits_to_prob_map:180 | topk[9]: token_id=14433, text='answer', logprob=-13.1287, prob=0.000002
2025-11-21 08:12:57 | DEBUG    | only_abt_probs:198 | only_abt_probs result: {'A': 0.003593348819647173, 'B': 0.9963358685923165, 'T': 1.3659359420739473e-06}
2025-11-21 08:12:57 | DEBUG    | main:410 | RJ prompt (truncated): <bos><start_of_turn>user
You are an impartial and unbiased judge.

You will be given answers from two assistants (Assistant A and Assistant B) to a user prompt. Please act as an impartial judge and evaluate the quality of their answers. You must output only one of the following choices:
'A' if Assistant A's answer is better.
'T' if both answers are relatively the same in quality.
'B' if Assistant B's answer is better.
Do not think or reason. Just choose which answer you prefer: A or B or T.
Outp...<truncated 8190 chars>
2025-11-21 08:12:57 | DEBUG    | main:440 | RJ prompt length: 3107
2025-11-21 08:13:01 | DEBUG    | main:461 | RJ: Generated 8 steps
2025-11-21 08:13:01 | DEBUG    | main:467 | RJ: generated text='A's answer.

A<end_of_turn>'
2025-11-21 08:13:01 | DEBUG    | main:473 | RJ step 0: token_id=236776, text='A'
2025-11-21 08:13:01 | DEBUG    | main:476 | RJ: Found A/B/T at step 0
2025-11-21 08:13:01 | DEBUG    | main:483 | RJ step 0: extracting probs from logits
2025-11-21 08:13:01 | DEBUG    | logits_to_prob_map:157 | logits_to_prob_map: input shape=torch.Size([262208]), dtype=torch.float32
2025-11-21 08:13:01 | DEBUG    | logits_to_prob_map:170 | Top-k extraction: k=50, top logprobs range=[-16.1298, -0.0048]
2025-11-21 08:13:01 | DEBUG    | logits_to_prob_map:180 | topk[0]: token_id=236776, text='A', logprob=-0.0048, prob=0.995198
2025-11-21 08:13:01 | DEBUG    | logits_to_prob_map:180 | topk[1]: token_id=236799, text='B', logprob=-5.3798, prob=0.004609
2025-11-21 08:13:01 | DEBUG    | logits_to_prob_map:180 | topk[2]: token_id=236789, text=''', logprob=-9.5048, prob=0.000074
2025-11-21 08:13:01 | DEBUG    | logits_to_prob_map:180 | topk[3]: token_id=2205, text='As', logprob=-9.6298, prob=0.000066
2025-11-21 08:13:01 | DEBUG    | logits_to_prob_map:180 | topk[4]: token_id=236746, text='a', logprob=-11.5048, prob=0.000010
2025-11-21 08:13:01 | DEBUG    | logits_to_prob_map:180 | topk[5]: token_id=107, text='
', logprob=-12.3798, prob=0.000004
2025-11-21 08:13:01 | DEBUG    | logits_to_prob_map:180 | topk[6]: token_id=236769, text='(', logprob=-12.5048, prob=0.000004
2025-11-21 08:13:01 | DEBUG    | logits_to_prob_map:180 | topk[7]: token_id=236775, text='"', logprob=-12.6298, prob=0.000003
2025-11-21 08:13:01 | DEBUG    | logits_to_prob_map:180 | topk[8]: token_id=1018, text='**', logprob=-13.0048, prob=0.000002
2025-11-21 08:13:01 | DEBUG    | logits_to_prob_map:180 | topk[9]: token_id=236858, text='’', logprob=-13.1298, prob=0.000002
2025-11-21 08:13:01 | DEBUG    | only_abt_probs:198 | only_abt_probs result: {'A': 0.995198054526545, 'B': 0.004608680580321986, 'T': 3.4496833929869395e-07}
2025-11-21 08:13:01 | DEBUG    | main:544 | Row 35 complete: JR={'A': 0.003593348819647173, 'B': 0.9963358685923165, 'T': 1.3659359420739473e-06}, RJ={'A': 0.995198054526545, 'B': 0.004608680580321986, 'T': 3.4496833929869395e-07}, combined_norm={'A': 0.004101552693631366, 'B': 0.995897591742005, 'T': 8.555643635995477e-07}
2025-11-21 08:13:01 | DEBUG    | main:393 | ========== Row 36 ==========
2025-11-21 08:13:01 | DEBUG    | main:394 | Built msgs_jr with 2 messages
2025-11-21 08:13:01 | DEBUG    | main:396 | msgs_jr[0] role=system content=You are an impartial and unbiased judge.
2025-11-21 08:13:01 | DEBUG    | main:396 | msgs_jr[1] role=user content=You will be given answers from two assistants (Assistant A and Assistant B) to a user prompt. Please act as an impartial judge and evaluate the quality of their answers. You must output only one of the following choices:
'A' if Assistant A's answer is better.
'T' if both answers are relatively the s...<truncated 2952 chars>
2025-11-21 08:13:01 | DEBUG    | main:410 | JR prompt (truncated): <bos><start_of_turn>user
You are an impartial and unbiased judge.

You will be given answers from two assistants (Assistant A and Assistant B) to a user prompt. Please act as an impartial judge and evaluate the quality of their answers. You must output only one of the following choices:
'A' if Assistant A's answer is better.
'T' if both answers are relatively the same in quality.
'B' if Assistant B's answer is better.
Do not think or reason. Just choose which answer you prefer: A or B or T.
Outp...<truncated 3167 chars>
2025-11-21 08:13:01 | DEBUG    | main:440 | JR prompt length: 1026
2025-11-21 08:13:03 | DEBUG    | main:461 | JR: Generated 8 steps
2025-11-21 08:13:03 | DEBUG    | main:467 | JR: generated text='A's answer.

A<end_of_turn>'
2025-11-21 08:13:03 | DEBUG    | main:473 | JR step 0: token_id=236776, text='A'
2025-11-21 08:13:03 | DEBUG    | main:476 | JR: Found A/B/T at step 0
2025-11-21 08:13:03 | DEBUG    | main:483 | JR step 0: extracting probs from logits
2025-11-21 08:13:03 | DEBUG    | logits_to_prob_map:157 | logits_to_prob_map: input shape=torch.Size([262208]), dtype=torch.float32
2025-11-21 08:13:03 | DEBUG    | logits_to_prob_map:170 | Top-k extraction: k=50, top logprobs range=[-16.1516, -0.0891]
2025-11-21 08:13:03 | DEBUG    | logits_to_prob_map:180 | topk[0]: token_id=236776, text='A', logprob=-0.0891, prob=0.914769
2025-11-21 08:13:03 | DEBUG    | logits_to_prob_map:180 | topk[1]: token_id=236799, text='B', logprob=-2.4641, prob=0.085087
2025-11-21 08:13:03 | DEBUG    | logits_to_prob_map:180 | topk[2]: token_id=236789, text=''', logprob=-9.5891, prob=0.000068
2025-11-21 08:13:03 | DEBUG    | logits_to_prob_map:180 | topk[3]: token_id=2205, text='As', logprob=-10.9641, prob=0.000017
2025-11-21 08:13:03 | DEBUG    | logits_to_prob_map:180 | topk[4]: token_id=107, text='
', logprob=-11.3391, prob=0.000012
2025-11-21 08:13:03 | DEBUG    | logits_to_prob_map:180 | topk[5]: token_id=236746, text='a', logprob=-11.7141, prob=0.000008
2025-11-21 08:13:03 | DEBUG    | logits_to_prob_map:180 | topk[6]: token_id=236769, text='(', logprob=-12.3391, prob=0.000004
2025-11-21 08:13:03 | DEBUG    | logits_to_prob_map:180 | topk[7]: token_id=22186, text='Both', logprob=-12.3391, prob=0.000004
2025-11-21 08:13:03 | DEBUG    | logits_to_prob_map:180 | topk[8]: token_id=1018, text='**', logprob=-12.9641, prob=0.000002
2025-11-21 08:13:03 | DEBUG    | logits_to_prob_map:180 | topk[9]: token_id=236763, text='b', logprob=-12.9641, prob=0.000002
2025-11-21 08:13:03 | DEBUG    | only_abt_probs:198 | only_abt_probs result: {'A': 0.9147693709895435, 'B': 0.08508681466339824, 'T': 5.924000491590976e-07}
2025-11-21 08:13:03 | DEBUG    | main:410 | RJ prompt (truncated): <bos><start_of_turn>user
You are an impartial and unbiased judge.

You will be given answers from two assistants (Assistant A and Assistant B) to a user prompt. Please act as an impartial judge and evaluate the quality of their answers. You must output only one of the following choices:
'A' if Assistant A's answer is better.
'T' if both answers are relatively the same in quality.
'B' if Assistant B's answer is better.
Do not think or reason. Just choose which answer you prefer: A or B or T.
Outp...<truncated 3167 chars>
2025-11-21 08:13:03 | DEBUG    | main:440 | RJ prompt length: 1026
2025-11-21 08:13:05 | DEBUG    | main:461 | RJ: Generated 8 steps
2025-11-21 08:13:05 | DEBUG    | main:467 | RJ: generated text='B's answer.

B<end_of_turn>'
2025-11-21 08:13:05 | DEBUG    | main:473 | RJ step 0: token_id=236799, text='B'
2025-11-21 08:13:05 | DEBUG    | main:476 | RJ: Found A/B/T at step 0
2025-11-21 08:13:05 | DEBUG    | main:483 | RJ step 0: extracting probs from logits
2025-11-21 08:13:05 | DEBUG    | logits_to_prob_map:157 | logits_to_prob_map: input shape=torch.Size([262208]), dtype=torch.float32
2025-11-21 08:13:05 | DEBUG    | logits_to_prob_map:170 | Top-k extraction: k=50, top logprobs range=[-15.9712, -0.0337]
2025-11-21 08:13:05 | DEBUG    | logits_to_prob_map:180 | topk[0]: token_id=236799, text='B', logprob=-0.0337, prob=0.966820
2025-11-21 08:13:05 | DEBUG    | logits_to_prob_map:180 | topk[1]: token_id=236776, text='A', logprob=-3.4087, prob=0.033083
2025-11-21 08:13:05 | DEBUG    | logits_to_prob_map:180 | topk[2]: token_id=236789, text=''', logprob=-10.4087, prob=0.000030
2025-11-21 08:13:05 | DEBUG    | logits_to_prob_map:180 | topk[3]: token_id=236763, text='b', logprob=-11.4087, prob=0.000011
2025-11-21 08:13:05 | DEBUG    | logits_to_prob_map:180 | topk[4]: token_id=35343, text='Bs', logprob=-11.6587, prob=0.000009
2025-11-21 08:13:05 | DEBUG    | logits_to_prob_map:180 | topk[5]: token_id=107, text='
', logprob=-11.7837, prob=0.000008
2025-11-21 08:13:05 | DEBUG    | logits_to_prob_map:180 | topk[6]: token_id=22186, text='Both', logprob=-11.9087, prob=0.000007
2025-11-21 08:13:05 | DEBUG    | logits_to_prob_map:180 | topk[7]: token_id=2205, text='As', logprob=-12.5337, prob=0.000004
2025-11-21 08:13:05 | DEBUG    | logits_to_prob_map:180 | topk[8]: token_id=27413, text='both', logprob=-12.6587, prob=0.000003
2025-11-21 08:13:05 | DEBUG    | logits_to_prob_map:180 | topk[9]: token_id=1018, text='**', logprob=-13.0337, prob=0.000002
2025-11-21 08:13:05 | DEBUG    | only_abt_probs:198 | only_abt_probs result: {'A': 0.033082754545522036, 'B': 0.9668197854931697, 'T': 1.9285485113238196e-06}
2025-11-21 08:13:05 | DEBUG    | main:544 | Row 36 complete: JR={'A': 0.9147693709895435, 'B': 0.08508681466339824, 'T': 5.924000491590976e-07}, RJ={'A': 0.033082754545522036, 'B': 0.9668197854931697, 'T': 1.9285485113238196e-06}, combined_norm={'A': 0.9409069005832461, 'B': 0.059091838791984486, 'T': 1.260624769441038e-06}
2025-11-21 08:13:05 | DEBUG    | main:393 | ========== Row 37 ==========
2025-11-21 08:13:05 | DEBUG    | main:394 | Built msgs_jr with 2 messages
2025-11-21 08:13:05 | DEBUG    | main:396 | msgs_jr[0] role=system content=You are an impartial and unbiased judge.
2025-11-21 08:13:05 | DEBUG    | main:396 | msgs_jr[1] role=user content=You will be given answers from two assistants (Assistant A and Assistant B) to a user prompt. Please act as an impartial judge and evaluate the quality of their answers. You must output only one of the following choices:
'A' if Assistant A's answer is better.
'T' if both answers are relatively the s...<truncated 3792 chars>
2025-11-21 08:13:05 | DEBUG    | main:410 | JR prompt (truncated): <bos><start_of_turn>user
You are an impartial and unbiased judge.

You will be given answers from two assistants (Assistant A and Assistant B) to a user prompt. Please act as an impartial judge and evaluate the quality of their answers. You must output only one of the following choices:
'A' if Assistant A's answer is better.
'T' if both answers are relatively the same in quality.
'B' if Assistant B's answer is better.
Do not think or reason. Just choose which answer you prefer: A or B or T.
Outp...<truncated 4007 chars>
2025-11-21 08:13:05 | DEBUG    | main:440 | JR prompt length: 1190
2025-11-21 08:13:07 | DEBUG    | main:461 | JR: Generated 8 steps
2025-11-21 08:13:07 | DEBUG    | main:467 | JR: generated text='B's answer.

B<end_of_turn>'
2025-11-21 08:13:07 | DEBUG    | main:473 | JR step 0: token_id=236799, text='B'
2025-11-21 08:13:07 | DEBUG    | main:476 | JR: Found A/B/T at step 0
2025-11-21 08:13:07 | DEBUG    | main:483 | JR step 0: extracting probs from logits
2025-11-21 08:13:07 | DEBUG    | logits_to_prob_map:157 | logits_to_prob_map: input shape=torch.Size([262208]), dtype=torch.float32
2025-11-21 08:13:07 | DEBUG    | logits_to_prob_map:170 | Top-k extraction: k=50, top logprobs range=[-16.6514, -0.0264]
2025-11-21 08:13:07 | DEBUG    | logits_to_prob_map:180 | topk[0]: token_id=236799, text='B', logprob=-0.0264, prob=0.973985
2025-11-21 08:13:07 | DEBUG    | logits_to_prob_map:180 | topk[1]: token_id=236776, text='A', logprob=-3.6514, prob=0.025956
2025-11-21 08:13:07 | DEBUG    | logits_to_prob_map:180 | topk[2]: token_id=236789, text=''', logprob=-11.0264, prob=0.000016
2025-11-21 08:13:07 | DEBUG    | logits_to_prob_map:180 | topk[3]: token_id=35343, text='Bs', logprob=-11.4014, prob=0.000011
2025-11-21 08:13:07 | DEBUG    | logits_to_prob_map:180 | topk[4]: token_id=236763, text='b', logprob=-11.7764, prob=0.000008
2025-11-21 08:13:07 | DEBUG    | logits_to_prob_map:180 | topk[5]: token_id=107, text='
', logprob=-12.0264, prob=0.000006
2025-11-21 08:13:07 | DEBUG    | logits_to_prob_map:180 | topk[6]: token_id=2205, text='As', logprob=-12.6514, prob=0.000003
2025-11-21 08:13:07 | DEBUG    | logits_to_prob_map:180 | topk[7]: token_id=236775, text='"', logprob=-13.7764, prob=0.000001
2025-11-21 08:13:07 | DEBUG    | logits_to_prob_map:180 | topk[8]: token_id=236769, text='(', logprob=-13.7764, prob=0.000001
2025-11-21 08:13:07 | DEBUG    | logits_to_prob_map:180 | topk[9]: token_id=74314, text='Assistant', logprob=-13.7764, prob=0.000001
2025-11-21 08:13:07 | DEBUG    | only_abt_probs:198 | only_abt_probs result: {'A': 0.025955828715750657, 'B': 0.9739852851223764, 'T': 3.8256794781664594e-07}
2025-11-21 08:13:07 | DEBUG    | main:410 | RJ prompt (truncated): <bos><start_of_turn>user
You are an impartial and unbiased judge.

You will be given answers from two assistants (Assistant A and Assistant B) to a user prompt. Please act as an impartial judge and evaluate the quality of their answers. You must output only one of the following choices:
'A' if Assistant A's answer is better.
'T' if both answers are relatively the same in quality.
'B' if Assistant B's answer is better.
Do not think or reason. Just choose which answer you prefer: A or B or T.
Outp...<truncated 4007 chars>
2025-11-21 08:13:07 | DEBUG    | main:440 | RJ prompt length: 1190
2025-11-21 08:13:09 | DEBUG    | main:461 | RJ: Generated 8 steps
2025-11-21 08:13:09 | DEBUG    | main:467 | RJ: generated text='B's answer.

B<end_of_turn>'
2025-11-21 08:13:09 | DEBUG    | main:473 | RJ step 0: token_id=236799, text='B'
2025-11-21 08:13:09 | DEBUG    | main:476 | RJ: Found A/B/T at step 0
2025-11-21 08:13:09 | DEBUG    | main:483 | RJ step 0: extracting probs from logits
2025-11-21 08:13:09 | DEBUG    | logits_to_prob_map:157 | logits_to_prob_map: input shape=torch.Size([262208]), dtype=torch.float32
2025-11-21 08:13:09 | DEBUG    | logits_to_prob_map:170 | Top-k extraction: k=50, top logprobs range=[-16.5126, -0.0126]
2025-11-21 08:13:09 | DEBUG    | logits_to_prob_map:180 | topk[0]: token_id=236799, text='B', logprob=-0.0126, prob=0.987494
2025-11-21 08:13:09 | DEBUG    | logits_to_prob_map:180 | topk[1]: token_id=236776, text='A', logprob=-4.3876, prob=0.012431
2025-11-21 08:13:09 | DEBUG    | logits_to_prob_map:180 | topk[2]: token_id=236789, text=''', logprob=-10.7626, prob=0.000021
2025-11-21 08:13:09 | DEBUG    | logits_to_prob_map:180 | topk[3]: token_id=35343, text='Bs', logprob=-11.2626, prob=0.000013
2025-11-21 08:13:09 | DEBUG    | logits_to_prob_map:180 | topk[4]: token_id=236763, text='b', logprob=-11.2626, prob=0.000013
2025-11-21 08:13:09 | DEBUG    | logits_to_prob_map:180 | topk[5]: token_id=107, text='
', logprob=-12.1376, prob=0.000005
2025-11-21 08:13:09 | DEBUG    | logits_to_prob_map:180 | topk[6]: token_id=236769, text='(', logprob=-13.2626, prob=0.000002
2025-11-21 08:13:09 | DEBUG    | logits_to_prob_map:180 | topk[7]: token_id=236774, text='T', logprob=-13.2626, prob=0.000002
2025-11-21 08:13:09 | DEBUG    | logits_to_prob_map:180 | topk[8]: token_id=2205, text='As', logprob=-13.3876, prob=0.000002
2025-11-21 08:13:09 | DEBUG    | logits_to_prob_map:180 | topk[9]: token_id=236775, text='"', logprob=-13.5126, prob=0.000001
2025-11-21 08:13:09 | DEBUG    | only_abt_probs:198 | only_abt_probs result: {'A': 0.012430711144906492, 'B': 0.9874937126670061, 'T': 1.7383317199875258e-06}
2025-11-21 08:13:09 | DEBUG    | main:544 | Row 37 complete: JR={'A': 0.025955828715750657, 'B': 0.9739852851223764, 'T': 3.8256794781664594e-07}, RJ={'A': 0.012430711144906492, 'B': 0.9874937126670061, 'T': 1.7383317199875258e-06}, combined_norm={'A': 0.5067583032557788, 'B': 0.49324063622421194, 'T': 1.060520009280132e-06}
2025-11-21 08:13:09 | DEBUG    | main:393 | ========== Row 38 ==========
2025-11-21 08:13:09 | DEBUG    | main:394 | Built msgs_jr with 2 messages
2025-11-21 08:13:09 | DEBUG    | main:396 | msgs_jr[0] role=system content=You are an impartial and unbiased judge.
2025-11-21 08:13:09 | DEBUG    | main:396 | msgs_jr[1] role=user content=You will be given answers from two assistants (Assistant A and Assistant B) to a user prompt. Please act as an impartial judge and evaluate the quality of their answers. You must output only one of the following choices:
'A' if Assistant A's answer is better.
'T' if both answers are relatively the s...<truncated 4780 chars>
2025-11-21 08:13:09 | DEBUG    | main:410 | JR prompt (truncated): <bos><start_of_turn>user
You are an impartial and unbiased judge.

You will be given answers from two assistants (Assistant A and Assistant B) to a user prompt. Please act as an impartial judge and evaluate the quality of their answers. You must output only one of the following choices:
'A' if Assistant A's answer is better.
'T' if both answers are relatively the same in quality.
'B' if Assistant B's answer is better.
Do not think or reason. Just choose which answer you prefer: A or B or T.
Outp...<truncated 4995 chars>
2025-11-21 08:13:09 | DEBUG    | main:440 | JR prompt length: 1632
2025-11-21 08:13:11 | DEBUG    | main:461 | JR: Generated 8 steps
2025-11-21 08:13:11 | DEBUG    | main:467 | JR: generated text='A's answer.

A<end_of_turn>'
2025-11-21 08:13:11 | DEBUG    | main:473 | JR step 0: token_id=236776, text='A'
2025-11-21 08:13:11 | DEBUG    | main:476 | JR: Found A/B/T at step 0
2025-11-21 08:13:11 | DEBUG    | main:483 | JR step 0: extracting probs from logits
2025-11-21 08:13:11 | DEBUG    | logits_to_prob_map:157 | logits_to_prob_map: input shape=torch.Size([262208]), dtype=torch.float32
2025-11-21 08:13:11 | DEBUG    | logits_to_prob_map:170 | Top-k extraction: k=50, top logprobs range=[-15.8984, -0.0234]
2025-11-21 08:13:11 | DEBUG    | logits_to_prob_map:180 | topk[0]: token_id=236776, text='A', logprob=-0.0234, prob=0.976863
2025-11-21 08:13:11 | DEBUG    | logits_to_prob_map:180 | topk[1]: token_id=236799, text='B', logprob=-3.7734, prob=0.022974
2025-11-21 08:13:11 | DEBUG    | logits_to_prob_map:180 | topk[2]: token_id=236789, text=''', logprob=-9.5234, prob=0.000073
2025-11-21 08:13:11 | DEBUG    | logits_to_prob_map:180 | topk[3]: token_id=2205, text='As', logprob=-10.5234, prob=0.000027
2025-11-21 08:13:11 | DEBUG    | logits_to_prob_map:180 | topk[4]: token_id=107, text='
', logprob=-11.1484, prob=0.000014
2025-11-21 08:13:11 | DEBUG    | logits_to_prob_map:180 | topk[5]: token_id=236746, text='a', logprob=-11.8984, prob=0.000007
2025-11-21 08:13:11 | DEBUG    | logits_to_prob_map:180 | topk[6]: token_id=236769, text='(', logprob=-11.8984, prob=0.000007
2025-11-21 08:13:11 | DEBUG    | logits_to_prob_map:180 | topk[7]: token_id=1018, text='**', logprob=-12.7734, prob=0.000003
2025-11-21 08:13:11 | DEBUG    | logits_to_prob_map:180 | topk[8]: token_id=236795, text='$', logprob=-13.1484, prob=0.000002
2025-11-21 08:13:11 | DEBUG    | logits_to_prob_map:180 | topk[9]: token_id=432, text='�', logprob=-13.2734, prob=0.000002
2025-11-21 08:13:11 | DEBUG    | only_abt_probs:198 | only_abt_probs result: {'A': 0.9768629073203329, 'B': 0.022973615131022657, 'T': 3.1809718432511965e-07}
2025-11-21 08:13:11 | DEBUG    | main:410 | RJ prompt (truncated): <bos><start_of_turn>user
You are an impartial and unbiased judge.

You will be given answers from two assistants (Assistant A and Assistant B) to a user prompt. Please act as an impartial judge and evaluate the quality of their answers. You must output only one of the following choices:
'A' if Assistant A's answer is better.
'T' if both answers are relatively the same in quality.
'B' if Assistant B's answer is better.
Do not think or reason. Just choose which answer you prefer: A or B or T.
Outp...<truncated 4995 chars>
2025-11-21 08:13:11 | DEBUG    | main:440 | RJ prompt length: 1632
2025-11-21 08:13:14 | DEBUG    | main:461 | RJ: Generated 8 steps
2025-11-21 08:13:14 | DEBUG    | main:467 | RJ: generated text='B's answer.

B<end_of_turn>'
2025-11-21 08:13:14 | DEBUG    | main:473 | RJ step 0: token_id=236799, text='B'
2025-11-21 08:13:14 | DEBUG    | main:476 | RJ: Found A/B/T at step 0
2025-11-21 08:13:14 | DEBUG    | main:483 | RJ step 0: extracting probs from logits
2025-11-21 08:13:14 | DEBUG    | logits_to_prob_map:157 | logits_to_prob_map: input shape=torch.Size([262208]), dtype=torch.float32
2025-11-21 08:13:14 | DEBUG    | logits_to_prob_map:170 | Top-k extraction: k=50, top logprobs range=[-14.6435, -0.0185]
2025-11-21 08:13:14 | DEBUG    | logits_to_prob_map:180 | topk[0]: token_id=236799, text='B', logprob=-0.0185, prob=0.981664
2025-11-21 08:13:14 | DEBUG    | logits_to_prob_map:180 | topk[1]: token_id=236776, text='A', logprob=-4.0185, prob=0.017980
2025-11-21 08:13:14 | DEBUG    | logits_to_prob_map:180 | topk[2]: token_id=236789, text=''', logprob=-9.1435, prob=0.000107
2025-11-21 08:13:14 | DEBUG    | logits_to_prob_map:180 | topk[3]: token_id=35343, text='Bs', logprob=-10.2685, prob=0.000035
2025-11-21 08:13:14 | DEBUG    | logits_to_prob_map:180 | topk[4]: token_id=236763, text='b', logprob=-10.2685, prob=0.000035
2025-11-21 08:13:14 | DEBUG    | logits_to_prob_map:180 | topk[5]: token_id=236774, text='T', logprob=-10.5185, prob=0.000027
2025-11-21 08:13:14 | DEBUG    | logits_to_prob_map:180 | topk[6]: token_id=107, text='
', logprob=-10.6435, prob=0.000024
2025-11-21 08:13:14 | DEBUG    | logits_to_prob_map:180 | topk[7]: token_id=22186, text='Both', logprob=-11.5185, prob=0.000010
2025-11-21 08:13:14 | DEBUG    | logits_to_prob_map:180 | topk[8]: token_id=1018, text='**', logprob=-11.6435, prob=0.000009
2025-11-21 08:13:14 | DEBUG    | logits_to_prob_map:180 | topk[9]: token_id=2205, text='As', logprob=-11.7685, prob=0.000008
2025-11-21 08:13:14 | DEBUG    | only_abt_probs:198 | only_abt_probs result: {'A': 0.01797981438741199, 'B': 0.9816644041863091, 'T': 2.7031544742849183e-05}
2025-11-21 08:13:14 | DEBUG    | main:544 | Row 38 complete: JR={'A': 0.9768629073203329, 'B': 0.022973615131022657, 'T': 3.1809718432511965e-07}, RJ={'A': 0.01797981438741199, 'B': 0.9816644041863091, 'T': 2.7031544742849183e-05}, combined_norm={'A': 0.9795045694730391, 'B': 0.020481752341783847, 'T': 1.3678185177060675e-05}
2025-11-21 08:13:14 | DEBUG    | main:393 | ========== Row 39 ==========
2025-11-21 08:13:14 | DEBUG    | main:394 | Built msgs_jr with 2 messages
2025-11-21 08:13:14 | DEBUG    | main:396 | msgs_jr[0] role=system content=You are an impartial and unbiased judge.
2025-11-21 08:13:14 | DEBUG    | main:396 | msgs_jr[1] role=user content=You will be given answers from two assistants (Assistant A and Assistant B) to a user prompt. Please act as an impartial judge and evaluate the quality of their answers. You must output only one of the following choices:
'A' if Assistant A's answer is better.
'T' if both answers are relatively the s...<truncated 4055 chars>
2025-11-21 08:13:14 | DEBUG    | main:410 | JR prompt (truncated): <bos><start_of_turn>user
You are an impartial and unbiased judge.

You will be given answers from two assistants (Assistant A and Assistant B) to a user prompt. Please act as an impartial judge and evaluate the quality of their answers. You must output only one of the following choices:
'A' if Assistant A's answer is better.
'T' if both answers are relatively the same in quality.
'B' if Assistant B's answer is better.
Do not think or reason. Just choose which answer you prefer: A or B or T.
Outp...<truncated 4270 chars>
2025-11-21 08:13:14 | DEBUG    | main:440 | JR prompt length: 1504
2025-11-21 08:13:16 | DEBUG    | main:461 | JR: Generated 8 steps
2025-11-21 08:13:16 | DEBUG    | main:467 | JR: generated text='A's answer.

A<end_of_turn>'
2025-11-21 08:13:16 | DEBUG    | main:473 | JR step 0: token_id=236776, text='A'
2025-11-21 08:13:16 | DEBUG    | main:476 | JR: Found A/B/T at step 0
2025-11-21 08:13:16 | DEBUG    | main:483 | JR step 0: extracting probs from logits
2025-11-21 08:13:16 | DEBUG    | logits_to_prob_map:157 | logits_to_prob_map: input shape=torch.Size([262208]), dtype=torch.float32
2025-11-21 08:13:16 | DEBUG    | logits_to_prob_map:170 | Top-k extraction: k=50, top logprobs range=[-16.3746, -0.0621]
2025-11-21 08:13:16 | DEBUG    | logits_to_prob_map:180 | topk[0]: token_id=236776, text='A', logprob=-0.0621, prob=0.939785
2025-11-21 08:13:16 | DEBUG    | logits_to_prob_map:180 | topk[1]: token_id=236799, text='B', logprob=-2.8121, prob=0.060078
2025-11-21 08:13:16 | DEBUG    | logits_to_prob_map:180 | topk[2]: token_id=236789, text=''', logprob=-9.5621, prob=0.000070
2025-11-21 08:13:16 | DEBUG    | logits_to_prob_map:180 | topk[3]: token_id=2205, text='As', logprob=-10.8121, prob=0.000020
2025-11-21 08:13:16 | DEBUG    | logits_to_prob_map:180 | topk[4]: token_id=107, text='
', logprob=-11.6871, prob=0.000008
2025-11-21 08:13:16 | DEBUG    | logits_to_prob_map:180 | topk[5]: token_id=236746, text='a', logprob=-11.9371, prob=0.000007
2025-11-21 08:13:16 | DEBUG    | logits_to_prob_map:180 | topk[6]: token_id=236769, text='(', logprob=-12.1871, prob=0.000005
2025-11-21 08:13:16 | DEBUG    | logits_to_prob_map:180 | topk[7]: token_id=236763, text='b', logprob=-12.8121, prob=0.000003
2025-11-21 08:13:16 | DEBUG    | logits_to_prob_map:180 | topk[8]: token_id=236775, text='"', logprob=-13.1871, prob=0.000002
2025-11-21 08:13:16 | DEBUG    | logits_to_prob_map:180 | topk[9]: token_id=35343, text='Bs', logprob=-13.1871, prob=0.000002
2025-11-21 08:13:16 | DEBUG    | only_abt_probs:198 | only_abt_probs result: {'A': 0.9397853875792338, 'B': 0.06007846937363766, 'T': 2.7006497156116394e-07}
2025-11-21 08:13:16 | DEBUG    | main:410 | RJ prompt (truncated): <bos><start_of_turn>user
You are an impartial and unbiased judge.

You will be given answers from two assistants (Assistant A and Assistant B) to a user prompt. Please act as an impartial judge and evaluate the quality of their answers. You must output only one of the following choices:
'A' if Assistant A's answer is better.
'T' if both answers are relatively the same in quality.
'B' if Assistant B's answer is better.
Do not think or reason. Just choose which answer you prefer: A or B or T.
Outp...<truncated 4270 chars>
2025-11-21 08:13:16 | DEBUG    | main:440 | RJ prompt length: 1504
2025-11-21 08:13:19 | DEBUG    | main:461 | RJ: Generated 8 steps
2025-11-21 08:13:19 | DEBUG    | main:467 | RJ: generated text='B's answer.

B<end_of_turn>'
2025-11-21 08:13:19 | DEBUG    | main:473 | RJ step 0: token_id=236799, text='B'
2025-11-21 08:13:19 | DEBUG    | main:476 | RJ: Found A/B/T at step 0
2025-11-21 08:13:19 | DEBUG    | main:483 | RJ step 0: extracting probs from logits
2025-11-21 08:13:19 | DEBUG    | logits_to_prob_map:157 | logits_to_prob_map: input shape=torch.Size([262208]), dtype=torch.float32
2025-11-21 08:13:19 | DEBUG    | logits_to_prob_map:170 | Top-k extraction: k=50, top logprobs range=[-15.8675, -0.0550]
2025-11-21 08:13:19 | DEBUG    | logits_to_prob_map:180 | topk[0]: token_id=236799, text='B', logprob=-0.0550, prob=0.946452
2025-11-21 08:13:19 | DEBUG    | logits_to_prob_map:180 | topk[1]: token_id=236776, text='A', logprob=-2.9300, prob=0.053395
2025-11-21 08:13:19 | DEBUG    | logits_to_prob_map:180 | topk[2]: token_id=236789, text=''', logprob=-9.6800, prob=0.000063
2025-11-21 08:13:19 | DEBUG    | logits_to_prob_map:180 | topk[3]: token_id=236763, text='b', logprob=-10.9300, prob=0.000018
2025-11-21 08:13:19 | DEBUG    | logits_to_prob_map:180 | topk[4]: token_id=35343, text='Bs', logprob=-11.1800, prob=0.000014
2025-11-21 08:13:19 | DEBUG    | logits_to_prob_map:180 | topk[5]: token_id=107, text='
', logprob=-11.8050, prob=0.000007
2025-11-21 08:13:19 | DEBUG    | logits_to_prob_map:180 | topk[6]: token_id=236774, text='T', logprob=-12.0550, prob=0.000006
2025-11-21 08:13:19 | DEBUG    | logits_to_prob_map:180 | topk[7]: token_id=22186, text='Both', logprob=-12.0550, prob=0.000006
2025-11-21 08:13:19 | DEBUG    | logits_to_prob_map:180 | topk[8]: token_id=2205, text='As', logprob=-12.3050, prob=0.000005
2025-11-21 08:13:19 | DEBUG    | logits_to_prob_map:180 | topk[9]: token_id=236769, text='(', logprob=-12.6800, prob=0.000003
2025-11-21 08:13:19 | DEBUG    | only_abt_probs:198 | only_abt_probs result: {'A': 0.05339518863992687, 'B': 0.9464524775140751, 'T': 5.815204310953654e-06}
2025-11-21 08:13:19 | DEBUG    | main:544 | Row 39 complete: JR={'A': 0.9397853875792338, 'B': 0.06007846937363766, 'T': 2.7006497156116394e-07}, RJ={'A': 0.05339518863992687, 'B': 0.9464524775140751, 'T': 5.815204310953654e-06}, combined_norm={'A': 0.9432521157949914, 'B': 0.05674484114069951, 'T': 3.043064309193276e-06}
2025-11-21 08:13:19 | INFO     | main:391 | Processing row 40/970
2025-11-21 08:13:19 | DEBUG    | main:393 | ========== Row 40 ==========
2025-11-21 08:13:19 | DEBUG    | main:394 | Built msgs_jr with 2 messages
2025-11-21 08:13:19 | DEBUG    | main:396 | msgs_jr[0] role=system content=You are an impartial and unbiased judge.
2025-11-21 08:13:19 | DEBUG    | main:396 | msgs_jr[1] role=user content=You will be given answers from two assistants (Assistant A and Assistant B) to a user prompt. Please act as an impartial judge and evaluate the quality of their answers. You must output only one of the following choices:
'A' if Assistant A's answer is better.
'T' if both answers are relatively the s...<truncated 7708 chars>
2025-11-21 08:13:19 | DEBUG    | main:410 | JR prompt (truncated): <bos><start_of_turn>user
You are an impartial and unbiased judge.

You will be given answers from two assistants (Assistant A and Assistant B) to a user prompt. Please act as an impartial judge and evaluate the quality of their answers. You must output only one of the following choices:
'A' if Assistant A's answer is better.
'T' if both answers are relatively the same in quality.
'B' if Assistant B's answer is better.
Do not think or reason. Just choose which answer you prefer: A or B or T.
Outp...<truncated 7923 chars>
2025-11-21 08:13:19 | DEBUG    | main:440 | JR prompt length: 3233
2025-11-21 08:13:23 | DEBUG    | main:461 | JR: Generated 8 steps
2025-11-21 08:13:23 | DEBUG    | main:467 | JR: generated text='B's answer.

B<end_of_turn>'
2025-11-21 08:13:23 | DEBUG    | main:473 | JR step 0: token_id=236799, text='B'
2025-11-21 08:13:23 | DEBUG    | main:476 | JR: Found A/B/T at step 0
2025-11-21 08:13:23 | DEBUG    | main:483 | JR step 0: extracting probs from logits
2025-11-21 08:13:23 | DEBUG    | logits_to_prob_map:157 | logits_to_prob_map: input shape=torch.Size([262208]), dtype=torch.float32
2025-11-21 08:13:23 | DEBUG    | logits_to_prob_map:170 | Top-k extraction: k=50, top logprobs range=[-14.6269, -0.0019]
2025-11-21 08:13:23 | DEBUG    | logits_to_prob_map:180 | topk[0]: token_id=236799, text='B', logprob=-0.0019, prob=0.998128
2025-11-21 08:13:23 | DEBUG    | logits_to_prob_map:180 | topk[1]: token_id=236776, text='A', logprob=-6.5019, prob=0.001501
2025-11-21 08:13:23 | DEBUG    | logits_to_prob_map:180 | topk[2]: token_id=236789, text=''', logprob=-9.2519, prob=0.000096
2025-11-21 08:13:23 | DEBUG    | logits_to_prob_map:180 | topk[3]: token_id=35343, text='Bs', logprob=-9.5019, prob=0.000075
2025-11-21 08:13:23 | DEBUG    | logits_to_prob_map:180 | topk[4]: token_id=236763, text='b', logprob=-10.5019, prob=0.000027
2025-11-21 08:13:23 | DEBUG    | logits_to_prob_map:180 | topk[5]: token_id=74314, text='Assistant', logprob=-10.8769, prob=0.000019
2025-11-21 08:13:23 | DEBUG    | logits_to_prob_map:180 | topk[6]: token_id=107, text='
', logprob=-10.8769, prob=0.000019
2025-11-21 08:13:23 | DEBUG    | logits_to_prob_map:180 | topk[7]: token_id=7925, text='Answer', logprob=-11.1269, prob=0.000015
2025-11-21 08:13:23 | DEBUG    | logits_to_prob_map:180 | topk[8]: token_id=14433, text='answer', logprob=-11.1269, prob=0.000015
2025-11-21 08:13:23 | DEBUG    | logits_to_prob_map:180 | topk[9]: token_id=111457, text='assistant', logprob=-12.1894, prob=0.000005
2025-11-21 08:13:23 | DEBUG    | only_abt_probs:198 | only_abt_probs result: {'A': 0.001500624431198733, 'B': 0.9981278724828081, 'T': 1.5505916812546044e-06}
2025-11-21 08:13:23 | DEBUG    | main:410 | RJ prompt (truncated): <bos><start_of_turn>user
You are an impartial and unbiased judge.

You will be given answers from two assistants (Assistant A and Assistant B) to a user prompt. Please act as an impartial judge and evaluate the quality of their answers. You must output only one of the following choices:
'A' if Assistant A's answer is better.
'T' if both answers are relatively the same in quality.
'B' if Assistant B's answer is better.
Do not think or reason. Just choose which answer you prefer: A or B or T.
Outp...<truncated 7923 chars>
2025-11-21 08:13:23 | DEBUG    | main:440 | RJ prompt length: 3233
2025-11-21 08:13:28 | DEBUG    | main:461 | RJ: Generated 8 steps
2025-11-21 08:13:28 | DEBUG    | main:467 | RJ: generated text='A's answer.

A<end_of_turn>'
2025-11-21 08:13:28 | DEBUG    | main:473 | RJ step 0: token_id=236776, text='A'
2025-11-21 08:13:28 | DEBUG    | main:476 | RJ: Found A/B/T at step 0
2025-11-21 08:13:28 | DEBUG    | main:483 | RJ step 0: extracting probs from logits
2025-11-21 08:13:28 | DEBUG    | logits_to_prob_map:157 | logits_to_prob_map: input shape=torch.Size([262208]), dtype=torch.float32
2025-11-21 08:13:28 | DEBUG    | logits_to_prob_map:170 | Top-k extraction: k=50, top logprobs range=[-15.1340, -0.0090]
2025-11-21 08:13:28 | DEBUG    | logits_to_prob_map:180 | topk[0]: token_id=236776, text='A', logprob=-0.0090, prob=0.991019
2025-11-21 08:13:28 | DEBUG    | logits_to_prob_map:180 | topk[1]: token_id=236799, text='B', logprob=-4.7590, prob=0.008574
2025-11-21 08:13:28 | DEBUG    | logits_to_prob_map:180 | topk[2]: token_id=236789, text=''', logprob=-8.7590, prob=0.000157
2025-11-21 08:13:28 | DEBUG    | logits_to_prob_map:180 | topk[3]: token_id=2205, text='As', logprob=-8.8840, prob=0.000139
2025-11-21 08:13:28 | DEBUG    | logits_to_prob_map:180 | topk[4]: token_id=236746, text='a', logprob=-10.8840, prob=0.000019
2025-11-21 08:13:28 | DEBUG    | logits_to_prob_map:180 | topk[5]: token_id=107, text='
', logprob=-11.3840, prob=0.000011
2025-11-21 08:13:28 | DEBUG    | logits_to_prob_map:180 | topk[6]: token_id=236769, text='(', logprob=-11.7590, prob=0.000008
2025-11-21 08:13:28 | DEBUG    | logits_to_prob_map:180 | topk[7]: token_id=236775, text='"', logprob=-12.3215, prob=0.000004
2025-11-21 08:13:28 | DEBUG    | logits_to_prob_map:180 | topk[8]: token_id=236858, text='’', logprob=-12.3840, prob=0.000004
2025-11-21 08:13:28 | DEBUG    | logits_to_prob_map:180 | topk[9]: token_id=1018, text='**', logprob=-12.5090, prob=0.000004
2025-11-21 08:13:28 | DEBUG    | only_abt_probs:198 | only_abt_probs result: {'A': 0.9910185121967399, 'B': 0.008573988638908708, 'T': 9.337830006771892e-07}
2025-11-21 08:13:28 | DEBUG    | main:544 | Row 40 complete: JR={'A': 0.001500624431198733, 'B': 0.9981278724828081, 'T': 1.5505916812546044e-06}, RJ={'A': 0.9910185121967399, 'B': 0.008573988638908708, 'T': 9.337830006771892e-07}, combined_norm={'A': 0.005039263073982277, 'B': 0.994959494256199, 'T': 1.2426698186297529e-06}
2025-11-21 08:13:28 | DEBUG    | main:393 | ========== Row 41 ==========
2025-11-21 08:13:28 | DEBUG    | main:394 | Built msgs_jr with 2 messages
2025-11-21 08:13:28 | DEBUG    | main:396 | msgs_jr[0] role=system content=You are an impartial and unbiased judge.
2025-11-21 08:13:28 | DEBUG    | main:396 | msgs_jr[1] role=user content=You will be given answers from two assistants (Assistant A and Assistant B) to a user prompt. Please act as an impartial judge and evaluate the quality of their answers. You must output only one of the following choices:
'A' if Assistant A's answer is better.
'T' if both answers are relatively the s...<truncated 4524 chars>
2025-11-21 08:13:28 | DEBUG    | main:410 | JR prompt (truncated): <bos><start_of_turn>user
You are an impartial and unbiased judge.

You will be given answers from two assistants (Assistant A and Assistant B) to a user prompt. Please act as an impartial judge and evaluate the quality of their answers. You must output only one of the following choices:
'A' if Assistant A's answer is better.
'T' if both answers are relatively the same in quality.
'B' if Assistant B's answer is better.
Do not think or reason. Just choose which answer you prefer: A or B or T.
Outp...<truncated 4739 chars>
2025-11-21 08:13:28 | DEBUG    | main:440 | JR prompt length: 1769
2025-11-21 08:13:30 | DEBUG    | main:461 | JR: Generated 8 steps
2025-11-21 08:13:30 | DEBUG    | main:467 | JR: generated text='A's answer.

A<end_of_turn>'
2025-11-21 08:13:30 | DEBUG    | main:473 | JR step 0: token_id=236776, text='A'
2025-11-21 08:13:30 | DEBUG    | main:476 | JR: Found A/B/T at step 0
2025-11-21 08:13:30 | DEBUG    | main:483 | JR step 0: extracting probs from logits
2025-11-21 08:13:30 | DEBUG    | logits_to_prob_map:157 | logits_to_prob_map: input shape=torch.Size([262208]), dtype=torch.float32
2025-11-21 08:13:30 | DEBUG    | logits_to_prob_map:170 | Top-k extraction: k=50, top logprobs range=[-16.6175, -0.0550]
2025-11-21 08:13:30 | DEBUG    | logits_to_prob_map:180 | topk[0]: token_id=236776, text='A', logprob=-0.0550, prob=0.946498
2025-11-21 08:13:30 | DEBUG    | logits_to_prob_map:180 | topk[1]: token_id=236799, text='B', logprob=-2.9300, prob=0.053398
2025-11-21 08:13:30 | DEBUG    | logits_to_prob_map:180 | topk[2]: token_id=236789, text=''', logprob=-9.9300, prob=0.000049
2025-11-21 08:13:30 | DEBUG    | logits_to_prob_map:180 | topk[3]: token_id=2205, text='As', logprob=-11.0550, prob=0.000016
2025-11-21 08:13:30 | DEBUG    | logits_to_prob_map:180 | topk[4]: token_id=107, text='
', logprob=-11.8050, prob=0.000007
2025-11-21 08:13:30 | DEBUG    | logits_to_prob_map:180 | topk[5]: token_id=236746, text='a', logprob=-12.0550, prob=0.000006
2025-11-21 08:13:30 | DEBUG    | logits_to_prob_map:180 | topk[6]: token_id=236769, text='(', logprob=-12.3050, prob=0.000005
2025-11-21 08:13:30 | DEBUG    | logits_to_prob_map:180 | topk[7]: token_id=1018, text='**', logprob=-13.0550, prob=0.000002
2025-11-21 08:13:30 | DEBUG    | logits_to_prob_map:180 | topk[8]: token_id=22186, text='Both', logprob=-13.1800, prob=0.000002
2025-11-21 08:13:30 | DEBUG    | logits_to_prob_map:180 | topk[9]: token_id=236763, text='b', logprob=-13.4300, prob=0.000001
2025-11-21 08:13:30 | DEBUG    | only_abt_probs:198 | only_abt_probs result: {'A': 0.9464983952545603, 'B': 0.053397785705704914, 'T': 4.2127247648553495e-07}
2025-11-21 08:13:30 | DEBUG    | main:410 | RJ prompt (truncated): <bos><start_of_turn>user
You are an impartial and unbiased judge.

You will be given answers from two assistants (Assistant A and Assistant B) to a user prompt. Please act as an impartial judge and evaluate the quality of their answers. You must output only one of the following choices:
'A' if Assistant A's answer is better.
'T' if both answers are relatively the same in quality.
'B' if Assistant B's answer is better.
Do not think or reason. Just choose which answer you prefer: A or B or T.
Outp...<truncated 4739 chars>
2025-11-21 08:13:30 | DEBUG    | main:440 | RJ prompt length: 1769
2025-11-21 08:13:33 | DEBUG    | main:461 | RJ: Generated 8 steps
2025-11-21 08:13:33 | DEBUG    | main:467 | RJ: generated text='B's answer.

B<end_of_turn>'
2025-11-21 08:13:33 | DEBUG    | main:473 | RJ step 0: token_id=236799, text='B'
2025-11-21 08:13:33 | DEBUG    | main:476 | RJ: Found A/B/T at step 0
2025-11-21 08:13:33 | DEBUG    | main:483 | RJ step 0: extracting probs from logits
2025-11-21 08:13:33 | DEBUG    | logits_to_prob_map:157 | logits_to_prob_map: input shape=torch.Size([262208]), dtype=torch.float32
2025-11-21 08:13:33 | DEBUG    | logits_to_prob_map:170 | Top-k extraction: k=50, top logprobs range=[-15.6588, -0.0338]
2025-11-21 08:13:33 | DEBUG    | logits_to_prob_map:180 | topk[0]: token_id=236799, text='B', logprob=-0.0338, prob=0.966786
2025-11-21 08:13:33 | DEBUG    | logits_to_prob_map:180 | topk[1]: token_id=236776, text='A', logprob=-3.4088, prob=0.033082
2025-11-21 08:13:33 | DEBUG    | logits_to_prob_map:180 | topk[2]: token_id=236789, text=''', logprob=-10.1588, prob=0.000039
2025-11-21 08:13:33 | DEBUG    | logits_to_prob_map:180 | topk[3]: token_id=236763, text='b', logprob=-10.9088, prob=0.000018
2025-11-21 08:13:33 | DEBUG    | logits_to_prob_map:180 | topk[4]: token_id=107, text='
', logprob=-11.2838, prob=0.000013
2025-11-21 08:13:33 | DEBUG    | logits_to_prob_map:180 | topk[5]: token_id=35343, text='Bs', logprob=-11.9088, prob=0.000007
2025-11-21 08:13:33 | DEBUG    | logits_to_prob_map:180 | topk[6]: token_id=22186, text='Both', logprob=-12.1588, prob=0.000005
2025-11-21 08:13:33 | DEBUG    | logits_to_prob_map:180 | topk[7]: token_id=236774, text='T', logprob=-12.2838, prob=0.000005
2025-11-21 08:13:33 | DEBUG    | logits_to_prob_map:180 | topk[8]: token_id=236769, text='(', logprob=-12.4088, prob=0.000004
2025-11-21 08:13:33 | DEBUG    | logits_to_prob_map:180 | topk[9]: token_id=2205, text='As', logprob=-12.5338, prob=0.000004
2025-11-21 08:13:33 | DEBUG    | only_abt_probs:198 | only_abt_probs result: {'A': 0.033081595096970326, 'B': 0.9667860238934067, 'T': 4.626184134850958e-06}
2025-11-21 08:13:33 | DEBUG    | main:544 | Row 41 complete: JR={'A': 0.9464983952545603, 'B': 0.053397785705704914, 'T': 4.2127247648553495e-07}, RJ={'A': 0.033081595096970326, 'B': 0.9667860238934067, 'T': 4.626184134850958e-06}, combined_norm={'A': 0.9567527875177095, 'B': 0.04324468846226791, 'T': 2.5240200225544253e-06}
2025-11-21 08:13:33 | DEBUG    | main:393 | ========== Row 42 ==========
2025-11-21 08:13:33 | DEBUG    | main:394 | Built msgs_jr with 2 messages
2025-11-21 08:13:33 | DEBUG    | main:396 | msgs_jr[0] role=system content=You are an impartial and unbiased judge.
2025-11-21 08:13:33 | DEBUG    | main:396 | msgs_jr[1] role=user content=You will be given answers from two assistants (Assistant A and Assistant B) to a user prompt. Please act as an impartial judge and evaluate the quality of their answers. You must output only one of the following choices:
'A' if Assistant A's answer is better.
'T' if both answers are relatively the s...<truncated 4231 chars>
2025-11-21 08:13:33 | DEBUG    | main:410 | JR prompt (truncated): <bos><start_of_turn>user
You are an impartial and unbiased judge.

You will be given answers from two assistants (Assistant A and Assistant B) to a user prompt. Please act as an impartial judge and evaluate the quality of their answers. You must output only one of the following choices:
'A' if Assistant A's answer is better.
'T' if both answers are relatively the same in quality.
'B' if Assistant B's answer is better.
Do not think or reason. Just choose which answer you prefer: A or B or T.
Outp...<truncated 4446 chars>
2025-11-21 08:13:33 | DEBUG    | main:440 | JR prompt length: 1598
2025-11-21 08:13:36 | DEBUG    | main:461 | JR: Generated 8 steps
2025-11-21 08:13:36 | DEBUG    | main:467 | JR: generated text='A's answer.

A<end_of_turn>'
2025-11-21 08:13:36 | DEBUG    | main:473 | JR step 0: token_id=236776, text='A'
2025-11-21 08:13:36 | DEBUG    | main:476 | JR: Found A/B/T at step 0
2025-11-21 08:13:36 | DEBUG    | main:483 | JR step 0: extracting probs from logits
2025-11-21 08:13:36 | DEBUG    | logits_to_prob_map:157 | logits_to_prob_map: input shape=torch.Size([262208]), dtype=torch.float32
2025-11-21 08:13:36 | DEBUG    | logits_to_prob_map:170 | Top-k extraction: k=50, top logprobs range=[-15.7882, -0.0382]
2025-11-21 08:13:36 | DEBUG    | logits_to_prob_map:180 | topk[0]: token_id=236776, text='A', logprob=-0.0382, prob=0.962521
2025-11-21 08:13:36 | DEBUG    | logits_to_prob_map:180 | topk[1]: token_id=236799, text='B', logprob=-3.2882, prob=0.037321
2025-11-21 08:13:36 | DEBUG    | logits_to_prob_map:180 | topk[2]: token_id=236789, text=''', logprob=-9.6632, prob=0.000064
2025-11-21 08:13:36 | DEBUG    | logits_to_prob_map:180 | topk[3]: token_id=2205, text='As', logprob=-10.5382, prob=0.000027
2025-11-21 08:13:36 | DEBUG    | logits_to_prob_map:180 | topk[4]: token_id=107, text='
', logprob=-11.4132, prob=0.000011
2025-11-21 08:13:36 | DEBUG    | logits_to_prob_map:180 | topk[5]: token_id=236746, text='a', logprob=-11.4132, prob=0.000011
2025-11-21 08:13:36 | DEBUG    | logits_to_prob_map:180 | topk[6]: token_id=236769, text='(', logprob=-12.4132, prob=0.000004
2025-11-21 08:13:36 | DEBUG    | logits_to_prob_map:180 | topk[7]: token_id=236763, text='b', logprob=-12.9132, prob=0.000002
2025-11-21 08:13:36 | DEBUG    | logits_to_prob_map:180 | topk[8]: token_id=35343, text='Bs', logprob=-13.0382, prob=0.000002
2025-11-21 08:13:36 | DEBUG    | logits_to_prob_map:180 | topk[9]: token_id=236795, text='$', logprob=-13.1632, prob=0.000002
2025-11-21 08:13:36 | DEBUG    | only_abt_probs:198 | only_abt_probs result: {'A': 0.9625213011338356, 'B': 0.03732099707973927, 'T': 1.027687500748479e-06}
2025-11-21 08:13:36 | DEBUG    | main:410 | RJ prompt (truncated): <bos><start_of_turn>user
You are an impartial and unbiased judge.

You will be given answers from two assistants (Assistant A and Assistant B) to a user prompt. Please act as an impartial judge and evaluate the quality of their answers. You must output only one of the following choices:
'A' if Assistant A's answer is better.
'T' if both answers are relatively the same in quality.
'B' if Assistant B's answer is better.
Do not think or reason. Just choose which answer you prefer: A or B or T.
Outp...<truncated 4446 chars>
2025-11-21 08:13:36 | DEBUG    | main:440 | RJ prompt length: 1598
2025-11-21 08:13:38 | DEBUG    | main:461 | RJ: Generated 8 steps
2025-11-21 08:13:38 | DEBUG    | main:467 | RJ: generated text='B's answer.

B<end_of_turn>'
2025-11-21 08:13:38 | DEBUG    | main:473 | RJ step 0: token_id=236799, text='B'
2025-11-21 08:13:38 | DEBUG    | main:476 | RJ: Found A/B/T at step 0
2025-11-21 08:13:38 | DEBUG    | main:483 | RJ step 0: extracting probs from logits
2025-11-21 08:13:38 | DEBUG    | logits_to_prob_map:157 | logits_to_prob_map: input shape=torch.Size([262208]), dtype=torch.float32
2025-11-21 08:13:39 | DEBUG    | logits_to_prob_map:170 | Top-k extraction: k=50, top logprobs range=[-15.7683, -0.0183]
2025-11-21 08:13:39 | DEBUG    | logits_to_prob_map:180 | topk[0]: token_id=236799, text='B', logprob=-0.0183, prob=0.981885
2025-11-21 08:13:39 | DEBUG    | logits_to_prob_map:180 | topk[1]: token_id=236776, text='A', logprob=-4.0183, prob=0.017984
2025-11-21 08:13:39 | DEBUG    | logits_to_prob_map:180 | topk[2]: token_id=236789, text=''', logprob=-9.8933, prob=0.000051
2025-11-21 08:13:39 | DEBUG    | logits_to_prob_map:180 | topk[3]: token_id=236763, text='b', logprob=-11.1433, prob=0.000014
2025-11-21 08:13:39 | DEBUG    | logits_to_prob_map:180 | topk[4]: token_id=35343, text='Bs', logprob=-11.3933, prob=0.000011
2025-11-21 08:13:39 | DEBUG    | logits_to_prob_map:180 | topk[5]: token_id=107, text='
', logprob=-11.7683, prob=0.000008
2025-11-21 08:13:39 | DEBUG    | logits_to_prob_map:180 | topk[6]: token_id=74314, text='Assistant', logprob=-12.2683, prob=0.000005
2025-11-21 08:13:39 | DEBUG    | logits_to_prob_map:180 | topk[7]: token_id=236775, text='"', logprob=-12.6433, prob=0.000003
2025-11-21 08:13:39 | DEBUG    | logits_to_prob_map:180 | topk[8]: token_id=7925, text='Answer', logprob=-12.7683, prob=0.000003
2025-11-21 08:13:39 | DEBUG    | logits_to_prob_map:180 | topk[9]: token_id=2205, text='As', logprob=-13.0183, prob=0.000002
2025-11-21 08:13:39 | DEBUG    | only_abt_probs:198 | only_abt_probs result: {'A': 0.017983852932838513, 'B': 0.9818851335213821, 'T': 1.7284578158042678e-06}
2025-11-21 08:13:39 | DEBUG    | main:544 | Row 42 complete: JR={'A': 0.9625213011338356, 'B': 0.03732099707973927, 'T': 1.027687500748479e-06}, RJ={'A': 0.017983852932838513, 'B': 0.9818851335213821, 'T': 1.7284578158042678e-06}, combined_norm={'A': 0.9723422424261192, 'B': 0.027656379304157933, 'T': 1.3782697227209841e-06}
2025-11-21 08:13:39 | DEBUG    | main:393 | ========== Row 43 ==========
2025-11-21 08:13:39 | DEBUG    | main:394 | Built msgs_jr with 2 messages
2025-11-21 08:13:39 | DEBUG    | main:396 | msgs_jr[0] role=system content=You are an impartial and unbiased judge.
2025-11-21 08:13:39 | DEBUG    | main:396 | msgs_jr[1] role=user content=You will be given answers from two assistants (Assistant A and Assistant B) to a user prompt. Please act as an impartial judge and evaluate the quality of their answers. You must output only one of the following choices:
'A' if Assistant A's answer is better.
'T' if both answers are relatively the s...<truncated 18478 chars>
2025-11-21 08:13:39 | DEBUG    | main:410 | JR prompt (truncated): <bos><start_of_turn>user
You are an impartial and unbiased judge.

You will be given answers from two assistants (Assistant A and Assistant B) to a user prompt. Please act as an impartial judge and evaluate the quality of their answers. You must output only one of the following choices:
'A' if Assistant A's answer is better.
'T' if both answers are relatively the same in quality.
'B' if Assistant B's answer is better.
Do not think or reason. Just choose which answer you prefer: A or B or T.
Outp...<truncated 18693 chars>
2025-11-21 08:13:39 | DEBUG    | main:440 | JR prompt length: 6416
2025-11-21 08:13:49 | DEBUG    | main:461 | JR: Generated 8 steps
2025-11-21 08:13:49 | DEBUG    | main:467 | JR: generated text='A's answer.

A<end_of_turn>'
2025-11-21 08:13:49 | DEBUG    | main:473 | JR step 0: token_id=236776, text='A'
2025-11-21 08:13:49 | DEBUG    | main:476 | JR: Found A/B/T at step 0
2025-11-21 08:13:49 | DEBUG    | main:483 | JR step 0: extracting probs from logits
2025-11-21 08:13:49 | DEBUG    | logits_to_prob_map:157 | logits_to_prob_map: input shape=torch.Size([262208]), dtype=torch.float32
2025-11-21 08:13:49 | DEBUG    | logits_to_prob_map:170 | Top-k extraction: k=50, top logprobs range=[-12.5204, -0.0204]
2025-11-21 08:13:49 | DEBUG    | logits_to_prob_map:180 | topk[0]: token_id=236776, text='A', logprob=-0.0204, prob=0.979772
2025-11-21 08:13:49 | DEBUG    | logits_to_prob_map:180 | topk[1]: token_id=236799, text='B', logprob=-4.0204, prob=0.017945
2025-11-21 08:13:49 | DEBUG    | logits_to_prob_map:180 | topk[2]: token_id=236789, text=''', logprob=-7.1454, prob=0.000788
2025-11-21 08:13:49 | DEBUG    | logits_to_prob_map:180 | topk[3]: token_id=2205, text='As', logprob=-7.8954, prob=0.000372
2025-11-21 08:13:49 | DEBUG    | logits_to_prob_map:180 | topk[4]: token_id=236746, text='a', logprob=-8.8954, prob=0.000137
2025-11-21 08:13:49 | DEBUG    | logits_to_prob_map:180 | topk[5]: token_id=107, text='
', logprob=-9.5204, prob=0.000073
2025-11-21 08:13:49 | DEBUG    | logits_to_prob_map:180 | topk[6]: token_id=236769, text='(', logprob=-9.8954, prob=0.000050
2025-11-21 08:13:49 | DEBUG    | logits_to_prob_map:180 | topk[7]: token_id=236858, text='’', logprob=-10.0829, prob=0.000042
2025-11-21 08:13:49 | DEBUG    | logits_to_prob_map:180 | topk[8]: token_id=236775, text='"', logprob=-10.2079, prob=0.000037
2025-11-21 08:13:49 | DEBUG    | logits_to_prob_map:180 | topk[9]: token_id=1071, text='to', logprob=-10.2704, prob=0.000035
2025-11-21 08:13:49 | DEBUG    | only_abt_probs:198 | only_abt_probs result: {'A': 0.9797722301203426, 'B': 0.01794515111782515, 'T': 9.925182603210012e-06}
2025-11-21 08:13:49 | DEBUG    | main:410 | RJ prompt (truncated): <bos><start_of_turn>user
You are an impartial and unbiased judge.

You will be given answers from two assistants (Assistant A and Assistant B) to a user prompt. Please act as an impartial judge and evaluate the quality of their answers. You must output only one of the following choices:
'A' if Assistant A's answer is better.
'T' if both answers are relatively the same in quality.
'B' if Assistant B's answer is better.
Do not think or reason. Just choose which answer you prefer: A or B or T.
Outp...<truncated 18693 chars>
2025-11-21 08:13:49 | DEBUG    | main:440 | RJ prompt length: 6416
2025-11-21 08:13:59 | DEBUG    | main:461 | RJ: Generated 8 steps
2025-11-21 08:13:59 | DEBUG    | main:467 | RJ: generated text='B's answer.

B<end_of_turn>'
2025-11-21 08:13:59 | DEBUG    | main:473 | RJ step 0: token_id=236799, text='B'
2025-11-21 08:13:59 | DEBUG    | main:476 | RJ: Found A/B/T at step 0
2025-11-21 08:13:59 | DEBUG    | main:483 | RJ step 0: extracting probs from logits
2025-11-21 08:13:59 | DEBUG    | logits_to_prob_map:157 | logits_to_prob_map: input shape=torch.Size([262208]), dtype=torch.float32
2025-11-21 08:13:59 | DEBUG    | logits_to_prob_map:170 | Top-k extraction: k=50, top logprobs range=[-13.6119, -0.0494]
2025-11-21 08:13:59 | DEBUG    | logits_to_prob_map:180 | topk[0]: token_id=236799, text='B', logprob=-0.0494, prob=0.951783
2025-11-21 08:13:59 | DEBUG    | logits_to_prob_map:180 | topk[1]: token_id=236776, text='A', logprob=-3.0494, prob=0.047387
2025-11-21 08:13:59 | DEBUG    | logits_to_prob_map:180 | topk[2]: token_id=236789, text=''', logprob=-8.5494, prob=0.000194
2025-11-21 08:13:59 | DEBUG    | logits_to_prob_map:180 | topk[3]: token_id=236763, text='b', logprob=-9.2994, prob=0.000091
2025-11-21 08:13:59 | DEBUG    | logits_to_prob_map:180 | topk[4]: token_id=35343, text='Bs', logprob=-9.7994, prob=0.000055
2025-11-21 08:13:59 | DEBUG    | logits_to_prob_map:180 | topk[5]: token_id=74314, text='Assistant', logprob=-9.9244, prob=0.000049
2025-11-21 08:13:59 | DEBUG    | logits_to_prob_map:180 | topk[6]: token_id=236774, text='T', logprob=-10.0494, prob=0.000043
2025-11-21 08:13:59 | DEBUG    | logits_to_prob_map:180 | topk[7]: token_id=107, text='
', logprob=-10.1744, prob=0.000038
2025-11-21 08:13:59 | DEBUG    | logits_to_prob_map:180 | topk[8]: token_id=2205, text='As', logprob=-10.6744, prob=0.000023
2025-11-21 08:13:59 | DEBUG    | logits_to_prob_map:180 | topk[9]: token_id=22186, text='Both', logprob=-10.7369, prob=0.000022
2025-11-21 08:13:59 | DEBUG    | only_abt_probs:198 | only_abt_probs result: {'A': 0.047386507905380376, 'B': 0.9517834329204241, 'T': 4.321091227180596e-05}
2025-11-21 08:13:59 | DEBUG    | main:544 | Row 43 complete: JR={'A': 0.9797722301203426, 'B': 0.01794515111782515, 'T': 9.925182603210012e-06}, RJ={'A': 0.047386507905380376, 'B': 0.9517834329204241, 'T': 4.321091227180596e-05}, combined_norm={'A': 0.9672575139379146, 'B': 0.03271587730935175, 'T': 2.6608752733672763e-05}
2025-11-21 08:13:59 | DEBUG    | main:393 | ========== Row 44 ==========
2025-11-21 08:13:59 | DEBUG    | main:394 | Built msgs_jr with 2 messages
2025-11-21 08:13:59 | DEBUG    | main:396 | msgs_jr[0] role=system content=You are an impartial and unbiased judge.
2025-11-21 08:13:59 | DEBUG    | main:396 | msgs_jr[1] role=user content=You will be given answers from two assistants (Assistant A and Assistant B) to a user prompt. Please act as an impartial judge and evaluate the quality of their answers. You must output only one of the following choices:
'A' if Assistant A's answer is better.
'T' if both answers are relatively the s...<truncated 7108 chars>
2025-11-21 08:13:59 | DEBUG    | main:410 | JR prompt (truncated): <bos><start_of_turn>user
You are an impartial and unbiased judge.

You will be given answers from two assistants (Assistant A and Assistant B) to a user prompt. Please act as an impartial judge and evaluate the quality of their answers. You must output only one of the following choices:
'A' if Assistant A's answer is better.
'T' if both answers are relatively the same in quality.
'B' if Assistant B's answer is better.
Do not think or reason. Just choose which answer you prefer: A or B or T.
Outp...<truncated 7323 chars>
2025-11-21 08:13:59 | DEBUG    | main:440 | JR prompt length: 2599
2025-11-21 08:14:03 | DEBUG    | main:461 | JR: Generated 8 steps
2025-11-21 08:14:03 | DEBUG    | main:467 | JR: generated text='A's answer.

A<end_of_turn>'
2025-11-21 08:14:03 | DEBUG    | main:473 | JR step 0: token_id=236776, text='A'
2025-11-21 08:14:03 | DEBUG    | main:476 | JR: Found A/B/T at step 0
2025-11-21 08:14:03 | DEBUG    | main:483 | JR step 0: extracting probs from logits
2025-11-21 08:14:03 | DEBUG    | logits_to_prob_map:157 | logits_to_prob_map: input shape=torch.Size([262208]), dtype=torch.float32
2025-11-21 08:14:03 | DEBUG    | logits_to_prob_map:170 | Top-k extraction: k=50, top logprobs range=[-15.4433, -0.6933]
2025-11-21 08:14:03 | DEBUG    | logits_to_prob_map:180 | topk[0]: token_id=236799, text='B', logprob=-0.6933, prob=0.499900
2025-11-21 08:14:03 | DEBUG    | logits_to_prob_map:180 | topk[1]: token_id=236776, text='A', logprob=-0.6933, prob=0.499900
2025-11-21 08:14:03 | DEBUG    | logits_to_prob_map:180 | topk[2]: token_id=236789, text=''', logprob=-9.4433, prob=0.000079
2025-11-21 08:14:03 | DEBUG    | logits_to_prob_map:180 | topk[3]: token_id=107, text='
', logprob=-10.6933, prob=0.000023
2025-11-21 08:14:03 | DEBUG    | logits_to_prob_map:180 | topk[4]: token_id=2205, text='As', logprob=-11.1933, prob=0.000014
2025-11-21 08:14:03 | DEBUG    | logits_to_prob_map:180 | topk[5]: token_id=236763, text='b', logprob=-11.1933, prob=0.000014
2025-11-21 08:14:03 | DEBUG    | logits_to_prob_map:180 | topk[6]: token_id=236746, text='a', logprob=-11.6933, prob=0.000008
2025-11-21 08:14:03 | DEBUG    | logits_to_prob_map:180 | topk[7]: token_id=236769, text='(', logprob=-11.8183, prob=0.000007
2025-11-21 08:14:03 | DEBUG    | logits_to_prob_map:180 | topk[8]: token_id=35343, text='Bs', logprob=-11.8183, prob=0.000007
2025-11-21 08:14:03 | DEBUG    | logits_to_prob_map:180 | topk[9]: token_id=22186, text='Both', logprob=-12.1933, prob=0.000005
2025-11-21 08:14:03 | DEBUG    | only_abt_probs:198 | only_abt_probs result: {'A': 0.4999004691985932, 'B': 0.4999004691985932, 'T': 2.3920829998126025e-06}
2025-11-21 08:14:03 | DEBUG    | main:410 | RJ prompt (truncated): <bos><start_of_turn>user
You are an impartial and unbiased judge.

You will be given answers from two assistants (Assistant A and Assistant B) to a user prompt. Please act as an impartial judge and evaluate the quality of their answers. You must output only one of the following choices:
'A' if Assistant A's answer is better.
'T' if both answers are relatively the same in quality.
'B' if Assistant B's answer is better.
Do not think or reason. Just choose which answer you prefer: A or B or T.
Outp...<truncated 7323 chars>
2025-11-21 08:14:03 | DEBUG    | main:440 | RJ prompt length: 2599
2025-11-21 08:14:07 | DEBUG    | main:461 | RJ: Generated 8 steps
2025-11-21 08:14:07 | DEBUG    | main:467 | RJ: generated text='B's answer.

B<end_of_turn>'
2025-11-21 08:14:07 | DEBUG    | main:473 | RJ step 0: token_id=236799, text='B'
2025-11-21 08:14:07 | DEBUG    | main:476 | RJ: Found A/B/T at step 0
2025-11-21 08:14:07 | DEBUG    | main:483 | RJ step 0: extracting probs from logits
2025-11-21 08:14:07 | DEBUG    | logits_to_prob_map:157 | logits_to_prob_map: input shape=torch.Size([262208]), dtype=torch.float32
2025-11-21 08:14:07 | DEBUG    | logits_to_prob_map:170 | Top-k extraction: k=50, top logprobs range=[-14.5926, -0.0301]
2025-11-21 08:14:07 | DEBUG    | logits_to_prob_map:180 | topk[0]: token_id=236799, text='B', logprob=-0.0301, prob=0.970374
2025-11-21 08:14:07 | DEBUG    | logits_to_prob_map:180 | topk[1]: token_id=236776, text='A', logprob=-3.5301, prob=0.029303
2025-11-21 08:14:07 | DEBUG    | logits_to_prob_map:180 | topk[2]: token_id=236789, text=''', logprob=-9.6551, prob=0.000064
2025-11-21 08:14:07 | DEBUG    | logits_to_prob_map:180 | topk[3]: token_id=236774, text='T', logprob=-9.9051, prob=0.000050
2025-11-21 08:14:07 | DEBUG    | logits_to_prob_map:180 | topk[4]: token_id=236763, text='b', logprob=-10.1551, prob=0.000039
2025-11-21 08:14:07 | DEBUG    | logits_to_prob_map:180 | topk[5]: token_id=107, text='
', logprob=-11.0301, prob=0.000016
2025-11-21 08:14:07 | DEBUG    | logits_to_prob_map:180 | topk[6]: token_id=35343, text='Bs', logprob=-11.1551, prob=0.000014
2025-11-21 08:14:07 | DEBUG    | logits_to_prob_map:180 | topk[7]: token_id=74314, text='Assistant', logprob=-11.2801, prob=0.000013
2025-11-21 08:14:07 | DEBUG    | logits_to_prob_map:180 | topk[8]: token_id=22186, text='Both', logprob=-11.4051, prob=0.000011
2025-11-21 08:14:07 | DEBUG    | logits_to_prob_map:180 | topk[9]: token_id=1018, text='**', logprob=-11.6551, prob=0.000009
2025-11-21 08:14:07 | DEBUG    | only_abt_probs:198 | only_abt_probs result: {'A': 0.029302743879834562, 'B': 0.9703737048134629, 'T': 4.9920734545018875e-05}
2025-11-21 08:14:07 | WARNING  | main:510 | JR probs A and B are TOO CLOSE: {'A': 0.4999004691985932, 'B': 0.4999004691985932, 'T': 2.3920829998126025e-06}
2025-11-21 08:14:07 | DEBUG    | main:544 | Row 44 complete: JR={'A': 0.4999004691985932, 'B': 0.4999004691985932, 'T': 2.3920829998126025e-06}, RJ={'A': 0.029302743879834562, 'B': 0.9703737048134629, 'T': 4.9920734545018875e-05}, combined_norm={'A': 0.7353099951852096, 'B': 0.2646638422538906, 'T': 2.6162560899814433e-05}
2025-11-21 08:14:07 | DEBUG    | main:393 | ========== Row 45 ==========
2025-11-21 08:14:07 | DEBUG    | main:394 | Built msgs_jr with 2 messages
2025-11-21 08:14:07 | DEBUG    | main:396 | msgs_jr[0] role=system content=You are an impartial and unbiased judge.
2025-11-21 08:14:07 | DEBUG    | main:396 | msgs_jr[1] role=user content=You will be given answers from two assistants (Assistant A and Assistant B) to a user prompt. Please act as an impartial judge and evaluate the quality of their answers. You must output only one of the following choices:
'A' if Assistant A's answer is better.
'T' if both answers are relatively the s...<truncated 8540 chars>
2025-11-21 08:14:07 | DEBUG    | main:410 | JR prompt (truncated): <bos><start_of_turn>user
You are an impartial and unbiased judge.

You will be given answers from two assistants (Assistant A and Assistant B) to a user prompt. Please act as an impartial judge and evaluate the quality of their answers. You must output only one of the following choices:
'A' if Assistant A's answer is better.
'T' if both answers are relatively the same in quality.
'B' if Assistant B's answer is better.
Do not think or reason. Just choose which answer you prefer: A or B or T.
Outp...<truncated 8755 chars>
2025-11-21 08:14:07 | DEBUG    | main:440 | JR prompt length: 3656
2025-11-21 08:14:12 | DEBUG    | main:461 | JR: Generated 8 steps
2025-11-21 08:14:12 | DEBUG    | main:467 | JR: generated text='B's answer.

B<end_of_turn>'
2025-11-21 08:14:12 | DEBUG    | main:473 | JR step 0: token_id=236799, text='B'
2025-11-21 08:14:12 | DEBUG    | main:476 | JR: Found A/B/T at step 0
2025-11-21 08:14:12 | DEBUG    | main:483 | JR step 0: extracting probs from logits
2025-11-21 08:14:12 | DEBUG    | logits_to_prob_map:157 | logits_to_prob_map: input shape=torch.Size([262208]), dtype=torch.float32
2025-11-21 08:14:12 | DEBUG    | logits_to_prob_map:170 | Top-k extraction: k=50, top logprobs range=[-14.8811, -0.0061]
2025-11-21 08:14:12 | DEBUG    | logits_to_prob_map:180 | topk[0]: token_id=236799, text='B', logprob=-0.0061, prob=0.993881
2025-11-21 08:14:12 | DEBUG    | logits_to_prob_map:180 | topk[1]: token_id=236776, text='A', logprob=-5.1311, prob=0.005910
2025-11-21 08:14:12 | DEBUG    | logits_to_prob_map:180 | topk[2]: token_id=236789, text=''', logprob=-10.1311, prob=0.000040
2025-11-21 08:14:12 | DEBUG    | logits_to_prob_map:180 | topk[3]: token_id=107, text='
', logprob=-10.1311, prob=0.000040
2025-11-21 08:14:12 | DEBUG    | logits_to_prob_map:180 | topk[4]: token_id=35343, text='Bs', logprob=-10.8811, prob=0.000019
2025-11-21 08:14:12 | DEBUG    | logits_to_prob_map:180 | topk[5]: token_id=236763, text='b', logprob=-10.8811, prob=0.000019
2025-11-21 08:14:12 | DEBUG    | logits_to_prob_map:180 | topk[6]: token_id=22186, text='Both', logprob=-12.0061, prob=0.000006
2025-11-21 08:14:12 | DEBUG    | logits_to_prob_map:180 | topk[7]: token_id=7925, text='Answer', logprob=-12.0061, prob=0.000006
2025-11-21 08:14:12 | DEBUG    | logits_to_prob_map:180 | topk[8]: token_id=1018, text='**', logprob=-12.2561, prob=0.000005
2025-11-21 08:14:12 | DEBUG    | logits_to_prob_map:180 | topk[9]: token_id=74314, text='Assistant', logprob=-12.2561, prob=0.000005
2025-11-21 08:14:12 | DEBUG    | only_abt_probs:198 | only_abt_probs result: {'A': 0.005909829338369221, 'B': 0.9938805188678113, 'T': 2.884560965558673e-06}
2025-11-21 08:14:12 | DEBUG    | main:410 | RJ prompt (truncated): <bos><start_of_turn>user
You are an impartial and unbiased judge.

You will be given answers from two assistants (Assistant A and Assistant B) to a user prompt. Please act as an impartial judge and evaluate the quality of their answers. You must output only one of the following choices:
'A' if Assistant A's answer is better.
'T' if both answers are relatively the same in quality.
'B' if Assistant B's answer is better.
Do not think or reason. Just choose which answer you prefer: A or B or T.
Outp...<truncated 8755 chars>
2025-11-21 08:14:12 | DEBUG    | main:440 | RJ prompt length: 3656
2025-11-21 08:14:18 | DEBUG    | main:461 | RJ: Generated 8 steps
2025-11-21 08:14:18 | DEBUG    | main:467 | RJ: generated text='A's answer.

A<end_of_turn>'
2025-11-21 08:14:18 | DEBUG    | main:473 | RJ step 0: token_id=236776, text='A'
2025-11-21 08:14:18 | DEBUG    | main:476 | RJ: Found A/B/T at step 0
2025-11-21 08:14:18 | DEBUG    | main:483 | RJ step 0: extracting probs from logits
2025-11-21 08:14:18 | DEBUG    | logits_to_prob_map:157 | logits_to_prob_map: input shape=torch.Size([262208]), dtype=torch.float32
2025-11-21 08:14:18 | DEBUG    | logits_to_prob_map:170 | Top-k extraction: k=50, top logprobs range=[-14.8614, -0.0489]
2025-11-21 08:14:18 | DEBUG    | logits_to_prob_map:180 | topk[0]: token_id=236776, text='A', logprob=-0.0489, prob=0.952279
2025-11-21 08:14:18 | DEBUG    | logits_to_prob_map:180 | topk[1]: token_id=236799, text='B', logprob=-3.0489, prob=0.047411
2025-11-21 08:14:18 | DEBUG    | logits_to_prob_map:180 | topk[2]: token_id=236789, text=''', logprob=-9.0489, prob=0.000118
2025-11-21 08:14:18 | DEBUG    | logits_to_prob_map:180 | topk[3]: token_id=2205, text='As', logprob=-10.4239, prob=0.000030
2025-11-21 08:14:18 | DEBUG    | logits_to_prob_map:180 | topk[4]: token_id=107, text='
', logprob=-10.5489, prob=0.000026
2025-11-21 08:14:18 | DEBUG    | logits_to_prob_map:180 | topk[5]: token_id=236746, text='a', logprob=-10.6739, prob=0.000023
2025-11-21 08:14:18 | DEBUG    | logits_to_prob_map:180 | topk[6]: token_id=236769, text='(', logprob=-11.1739, prob=0.000014
2025-11-21 08:14:18 | DEBUG    | logits_to_prob_map:180 | topk[7]: token_id=236775, text='"', logprob=-11.6739, prob=0.000009
2025-11-21 08:14:18 | DEBUG    | logits_to_prob_map:180 | topk[8]: token_id=1018, text='**', logprob=-11.6739, prob=0.000009
2025-11-21 08:14:18 | DEBUG    | logits_to_prob_map:180 | topk[9]: token_id=236763, text='b', logprob=-12.0489, prob=0.000006
2025-11-21 08:14:18 | DEBUG    | only_abt_probs:198 | only_abt_probs result: {'A': 0.9522785016483366, 'B': 0.04741115486681277, 'T': 1.0823264175556005e-06}
2025-11-21 08:14:18 | DEBUG    | main:544 | Row 45 complete: JR={'A': 0.005909829338369221, 'B': 0.9938805188678113, 'T': 2.884560965558673e-06}, RJ={'A': 0.9522785016483366, 'B': 0.04741115486681277, 'T': 1.0823264175556005e-06}, combined_norm={'A': 0.026667372663298643, 'B': 0.9733306433811211, 'T': 1.9839555802603697e-06}
2025-11-21 08:14:18 | DEBUG    | main:393 | ========== Row 46 ==========
2025-11-21 08:14:18 | DEBUG    | main:394 | Built msgs_jr with 2 messages
2025-11-21 08:14:18 | DEBUG    | main:396 | msgs_jr[0] role=system content=You are an impartial and unbiased judge.
2025-11-21 08:14:18 | DEBUG    | main:396 | msgs_jr[1] role=user content=You will be given answers from two assistants (Assistant A and Assistant B) to a user prompt. Please act as an impartial judge and evaluate the quality of their answers. You must output only one of the following choices:
'A' if Assistant A's answer is better.
'T' if both answers are relatively the s...<truncated 3074 chars>
2025-11-21 08:14:18 | DEBUG    | main:410 | JR prompt (truncated): <bos><start_of_turn>user
You are an impartial and unbiased judge.

You will be given answers from two assistants (Assistant A and Assistant B) to a user prompt. Please act as an impartial judge and evaluate the quality of their answers. You must output only one of the following choices:
'A' if Assistant A's answer is better.
'T' if both answers are relatively the same in quality.
'B' if Assistant B's answer is better.
Do not think or reason. Just choose which answer you prefer: A or B or T.
Outp...<truncated 3289 chars>
2025-11-21 08:14:18 | DEBUG    | main:440 | JR prompt length: 1165
2025-11-21 08:14:19 | DEBUG    | main:461 | JR: Generated 8 steps
2025-11-21 08:14:19 | DEBUG    | main:467 | JR: generated text='A's answer.

A<end_of_turn>'
2025-11-21 08:14:19 | DEBUG    | main:473 | JR step 0: token_id=236776, text='A'
2025-11-21 08:14:19 | DEBUG    | main:476 | JR: Found A/B/T at step 0
2025-11-21 08:14:19 | DEBUG    | main:483 | JR step 0: extracting probs from logits
2025-11-21 08:14:19 | DEBUG    | logits_to_prob_map:157 | logits_to_prob_map: input shape=torch.Size([262208]), dtype=torch.float32
2025-11-21 08:14:19 | DEBUG    | logits_to_prob_map:170 | Top-k extraction: k=50, top logprobs range=[-16.1112, -0.0487]
2025-11-21 08:14:19 | DEBUG    | logits_to_prob_map:180 | topk[0]: token_id=236776, text='A', logprob=-0.0487, prob=0.952439
2025-11-21 08:14:19 | DEBUG    | logits_to_prob_map:180 | topk[1]: token_id=236799, text='B', logprob=-3.0487, prob=0.047419
2025-11-21 08:14:19 | DEBUG    | logits_to_prob_map:180 | topk[2]: token_id=236789, text=''', logprob=-9.7987, prob=0.000056
2025-11-21 08:14:19 | DEBUG    | logits_to_prob_map:180 | topk[3]: token_id=2205, text='As', logprob=-10.5487, prob=0.000026
2025-11-21 08:14:19 | DEBUG    | logits_to_prob_map:180 | topk[4]: token_id=236746, text='a', logprob=-11.2987, prob=0.000012
2025-11-21 08:14:19 | DEBUG    | logits_to_prob_map:180 | topk[5]: token_id=107, text='
', logprob=-11.5487, prob=0.000010
2025-11-21 08:14:19 | DEBUG    | logits_to_prob_map:180 | topk[6]: token_id=236769, text='(', logprob=-12.1737, prob=0.000005
2025-11-21 08:14:19 | DEBUG    | logits_to_prob_map:180 | topk[7]: token_id=236763, text='b', logprob=-12.5487, prob=0.000004
2025-11-21 08:14:19 | DEBUG    | logits_to_prob_map:180 | topk[8]: token_id=236775, text='"', logprob=-13.0487, prob=0.000002
2025-11-21 08:14:19 | DEBUG    | logits_to_prob_map:180 | topk[9]: token_id=22186, text='Both', logprob=-13.0487, prob=0.000002
2025-11-21 08:14:19 | DEBUG    | only_abt_probs:198 | only_abt_probs result: {'A': 0.9524386321484435, 'B': 0.047419124645219225, 'T': 4.512565119246879e-07}
2025-11-21 08:14:19 | DEBUG    | main:410 | RJ prompt (truncated): <bos><start_of_turn>user
You are an impartial and unbiased judge.

You will be given answers from two assistants (Assistant A and Assistant B) to a user prompt. Please act as an impartial judge and evaluate the quality of their answers. You must output only one of the following choices:
'A' if Assistant A's answer is better.
'T' if both answers are relatively the same in quality.
'B' if Assistant B's answer is better.
Do not think or reason. Just choose which answer you prefer: A or B or T.
Outp...<truncated 3289 chars>
2025-11-21 08:14:19 | DEBUG    | main:440 | RJ prompt length: 1165
2025-11-21 08:14:21 | DEBUG    | main:461 | RJ: Generated 8 steps
2025-11-21 08:14:21 | DEBUG    | main:467 | RJ: generated text='A's answer.

A<end_of_turn>'
2025-11-21 08:14:21 | DEBUG    | main:473 | RJ step 0: token_id=236776, text='A'
2025-11-21 08:14:21 | DEBUG    | main:476 | RJ: Found A/B/T at step 0
2025-11-21 08:14:21 | DEBUG    | main:483 | RJ step 0: extracting probs from logits
2025-11-21 08:14:21 | DEBUG    | logits_to_prob_map:157 | logits_to_prob_map: input shape=torch.Size([262208]), dtype=torch.float32
2025-11-21 08:14:21 | DEBUG    | logits_to_prob_map:170 | Top-k extraction: k=50, top logprobs range=[-16.3182, -0.6932]
2025-11-21 08:14:21 | DEBUG    | logits_to_prob_map:180 | topk[0]: token_id=236776, text='A', logprob=-0.6932, prob=0.499950
2025-11-21 08:14:21 | DEBUG    | logits_to_prob_map:180 | topk[1]: token_id=236799, text='B', logprob=-0.6932, prob=0.499950
2025-11-21 08:14:21 | DEBUG    | logits_to_prob_map:180 | topk[2]: token_id=236789, text=''', logprob=-10.3182, prob=0.000033
2025-11-21 08:14:21 | DEBUG    | logits_to_prob_map:180 | topk[3]: token_id=236763, text='b', logprob=-11.4432, prob=0.000011
2025-11-21 08:14:21 | DEBUG    | logits_to_prob_map:180 | topk[4]: token_id=2205, text='As', logprob=-11.6932, prob=0.000008
2025-11-21 08:14:21 | DEBUG    | logits_to_prob_map:180 | topk[5]: token_id=22186, text='Both', logprob=-11.8182, prob=0.000007
2025-11-21 08:14:21 | DEBUG    | logits_to_prob_map:180 | topk[6]: token_id=107, text='
', logprob=-11.8182, prob=0.000007
2025-11-21 08:14:21 | DEBUG    | logits_to_prob_map:180 | topk[7]: token_id=236746, text='a', logprob=-12.0682, prob=0.000006
2025-11-21 08:14:21 | DEBUG    | logits_to_prob_map:180 | topk[8]: token_id=236769, text='(', logprob=-12.4432, prob=0.000004
2025-11-21 08:14:21 | DEBUG    | logits_to_prob_map:180 | topk[9]: token_id=35343, text='Bs', logprob=-12.5682, prob=0.000003
2025-11-21 08:14:21 | DEBUG    | only_abt_probs:198 | only_abt_probs result: {'A': 0.4999496952582192, 'B': 0.4999496952582192, 'T': 1.4510142038464797e-06}
2025-11-21 08:14:21 | WARNING  | main:507 | RJ probs A and B are TOO CLOSE: {'A': 0.4999496952582192, 'B': 0.4999496952582192, 'T': 1.4510142038464797e-06}
2025-11-21 08:14:21 | DEBUG    | main:544 | Row 46 complete: JR={'A': 0.9524386321484435, 'B': 0.047419124645219225, 'T': 4.512565119246879e-07}, RJ={'A': 0.4999496952582192, 'B': 0.4999496952582192, 'T': 1.4510142038464797e-06}, combined_norm={'A': 0.7262816626388602, 'B': 0.2737173861111798, 'T': 9.512499599238795e-07}
2025-11-21 08:14:21 | DEBUG    | main:393 | ========== Row 47 ==========
2025-11-21 08:14:21 | DEBUG    | main:394 | Built msgs_jr with 2 messages
2025-11-21 08:14:21 | DEBUG    | main:396 | msgs_jr[0] role=system content=You are an impartial and unbiased judge.
2025-11-21 08:14:21 | DEBUG    | main:396 | msgs_jr[1] role=user content=You will be given answers from two assistants (Assistant A and Assistant B) to a user prompt. Please act as an impartial judge and evaluate the quality of their answers. You must output only one of the following choices:
'A' if Assistant A's answer is better.
'T' if both answers are relatively the s...<truncated 5788 chars>
2025-11-21 08:14:21 | DEBUG    | main:410 | JR prompt (truncated): <bos><start_of_turn>user
You are an impartial and unbiased judge.

You will be given answers from two assistants (Assistant A and Assistant B) to a user prompt. Please act as an impartial judge and evaluate the quality of their answers. You must output only one of the following choices:
'A' if Assistant A's answer is better.
'T' if both answers are relatively the same in quality.
'B' if Assistant B's answer is better.
Do not think or reason. Just choose which answer you prefer: A or B or T.
Outp...<truncated 6003 chars>
2025-11-21 08:14:21 | DEBUG    | main:440 | JR prompt length: 2359
2025-11-21 08:14:25 | DEBUG    | main:461 | JR: Generated 8 steps
2025-11-21 08:14:25 | DEBUG    | main:467 | JR: generated text='A's answer.

A<end_of_turn>'
2025-11-21 08:14:25 | DEBUG    | main:473 | JR step 0: token_id=236776, text='A'
2025-11-21 08:14:25 | DEBUG    | main:476 | JR: Found A/B/T at step 0
2025-11-21 08:14:25 | DEBUG    | main:483 | JR step 0: extracting probs from logits
2025-11-21 08:14:25 | DEBUG    | logits_to_prob_map:157 | logits_to_prob_map: input shape=torch.Size([262208]), dtype=torch.float32
2025-11-21 08:14:25 | DEBUG    | logits_to_prob_map:170 | Top-k extraction: k=50, top logprobs range=[-16.4255, -0.1130]
2025-11-21 08:14:25 | DEBUG    | logits_to_prob_map:180 | topk[0]: token_id=236776, text='A', logprob=-0.1130, prob=0.893186
2025-11-21 08:14:25 | DEBUG    | logits_to_prob_map:180 | topk[1]: token_id=236799, text='B', logprob=-2.2380, prob=0.106676
2025-11-21 08:14:25 | DEBUG    | logits_to_prob_map:180 | topk[2]: token_id=236789, text=''', logprob=-9.6130, prob=0.000067
2025-11-21 08:14:25 | DEBUG    | logits_to_prob_map:180 | topk[3]: token_id=2205, text='As', logprob=-10.8630, prob=0.000019
2025-11-21 08:14:25 | DEBUG    | logits_to_prob_map:180 | topk[4]: token_id=107, text='
', logprob=-11.3630, prob=0.000012
2025-11-21 08:14:25 | DEBUG    | logits_to_prob_map:180 | topk[5]: token_id=236746, text='a', logprob=-11.9880, prob=0.000006
2025-11-21 08:14:25 | DEBUG    | logits_to_prob_map:180 | topk[6]: token_id=35343, text='Bs', logprob=-12.7380, prob=0.000003
2025-11-21 08:14:25 | DEBUG    | logits_to_prob_map:180 | topk[7]: token_id=236769, text='(', logprob=-12.7380, prob=0.000003
2025-11-21 08:14:25 | DEBUG    | logits_to_prob_map:180 | topk[8]: token_id=236763, text='b', logprob=-12.8630, prob=0.000003
2025-11-21 08:14:25 | DEBUG    | logits_to_prob_map:180 | topk[9]: token_id=236775, text='"', logprob=-12.9880, prob=0.000002
2025-11-21 08:14:25 | DEBUG    | only_abt_probs:198 | only_abt_probs result: {'A': 0.8931855986337872, 'B': 0.10667581441109061, 'T': 1.5723160800579932e-06}
2025-11-21 08:14:25 | DEBUG    | main:410 | RJ prompt (truncated): <bos><start_of_turn>user
You are an impartial and unbiased judge.

You will be given answers from two assistants (Assistant A and Assistant B) to a user prompt. Please act as an impartial judge and evaluate the quality of their answers. You must output only one of the following choices:
'A' if Assistant A's answer is better.
'T' if both answers are relatively the same in quality.
'B' if Assistant B's answer is better.
Do not think or reason. Just choose which answer you prefer: A or B or T.
Outp...<truncated 6003 chars>
2025-11-21 08:14:25 | DEBUG    | main:440 | RJ prompt length: 2359
2025-11-21 08:14:29 | DEBUG    | main:461 | RJ: Generated 8 steps
2025-11-21 08:14:29 | DEBUG    | main:467 | RJ: generated text='B's answer.

B<end_of_turn>'
2025-11-21 08:14:29 | DEBUG    | main:473 | RJ step 0: token_id=236799, text='B'
2025-11-21 08:14:29 | DEBUG    | main:476 | RJ: Found A/B/T at step 0
2025-11-21 08:14:29 | DEBUG    | main:483 | RJ step 0: extracting probs from logits
2025-11-21 08:14:29 | DEBUG    | logits_to_prob_map:157 | logits_to_prob_map: input shape=torch.Size([262208]), dtype=torch.float32
2025-11-21 08:14:29 | DEBUG    | logits_to_prob_map:170 | Top-k extraction: k=50, top logprobs range=[-15.6738, -0.0488]
2025-11-21 08:14:29 | DEBUG    | logits_to_prob_map:180 | topk[0]: token_id=236799, text='B', logprob=-0.0488, prob=0.952385
2025-11-21 08:14:29 | DEBUG    | logits_to_prob_map:180 | topk[1]: token_id=236776, text='A', logprob=-3.0488, prob=0.047416
2025-11-21 08:14:29 | DEBUG    | logits_to_prob_map:180 | topk[2]: token_id=236789, text=''', logprob=-9.2988, prob=0.000092
2025-11-21 08:14:29 | DEBUG    | logits_to_prob_map:180 | topk[3]: token_id=236763, text='b', logprob=-11.0488, prob=0.000016
2025-11-21 08:14:29 | DEBUG    | logits_to_prob_map:180 | topk[4]: token_id=236774, text='T', logprob=-11.4238, prob=0.000011
2025-11-21 08:14:29 | DEBUG    | logits_to_prob_map:180 | topk[5]: token_id=35343, text='Bs', logprob=-11.4238, prob=0.000011
2025-11-21 08:14:29 | DEBUG    | logits_to_prob_map:180 | topk[6]: token_id=107, text='
', logprob=-11.9238, prob=0.000007
2025-11-21 08:14:29 | DEBUG    | logits_to_prob_map:180 | topk[7]: token_id=2205, text='As', logprob=-12.0488, prob=0.000006
2025-11-21 08:14:29 | DEBUG    | logits_to_prob_map:180 | topk[8]: token_id=236775, text='"', logprob=-12.0488, prob=0.000006
2025-11-21 08:14:29 | DEBUG    | logits_to_prob_map:180 | topk[9]: token_id=236746, text='a', logprob=-12.4238, prob=0.000004
2025-11-21 08:14:29 | DEBUG    | only_abt_probs:198 | only_abt_probs result: {'A': 0.04741644529364271, 'B': 0.9523846704661206, 'T': 1.0932329348606516e-05}
2025-11-21 08:14:29 | DEBUG    | main:544 | Row 47 complete: JR={'A': 0.8931855986337872, 'B': 0.10667581441109061, 'T': 1.5723160800579932e-06}, RJ={'A': 0.04741644529364271, 'B': 0.9523846704661206, 'T': 1.0932329348606516e-05}, combined_norm={'A': 0.922935096066943, 'B': 0.07705865059427962, 'T': 6.253338777296256e-06}
2025-11-21 08:14:29 | DEBUG    | main:393 | ========== Row 48 ==========
2025-11-21 08:14:29 | DEBUG    | main:394 | Built msgs_jr with 2 messages
2025-11-21 08:14:29 | DEBUG    | main:396 | msgs_jr[0] role=system content=You are an impartial and unbiased judge.
2025-11-21 08:14:29 | DEBUG    | main:396 | msgs_jr[1] role=user content=You will be given answers from two assistants (Assistant A and Assistant B) to a user prompt. Please act as an impartial judge and evaluate the quality of their answers. You must output only one of the following choices:
'A' if Assistant A's answer is better.
'T' if both answers are relatively the s...<truncated 11022 chars>
2025-11-21 08:14:29 | DEBUG    | main:410 | JR prompt (truncated): <bos><start_of_turn>user
You are an impartial and unbiased judge.

You will be given answers from two assistants (Assistant A and Assistant B) to a user prompt. Please act as an impartial judge and evaluate the quality of their answers. You must output only one of the following choices:
'A' if Assistant A's answer is better.
'T' if both answers are relatively the same in quality.
'B' if Assistant B's answer is better.
Do not think or reason. Just choose which answer you prefer: A or B or T.
Outp...<truncated 11237 chars>
2025-11-21 08:14:29 | DEBUG    | main:440 | JR prompt length: 4880
2025-11-21 08:14:37 | DEBUG    | main:461 | JR: Generated 8 steps
2025-11-21 08:14:37 | DEBUG    | main:467 | JR: generated text='B's answer.

B<end_of_turn>'
2025-11-21 08:14:37 | DEBUG    | main:473 | JR step 0: token_id=236799, text='B'
2025-11-21 08:14:37 | DEBUG    | main:476 | JR: Found A/B/T at step 0
2025-11-21 08:14:37 | DEBUG    | main:483 | JR step 0: extracting probs from logits
2025-11-21 08:14:37 | DEBUG    | logits_to_prob_map:157 | logits_to_prob_map: input shape=torch.Size([262208]), dtype=torch.float32
2025-11-21 08:14:37 | DEBUG    | logits_to_prob_map:170 | Top-k extraction: k=50, top logprobs range=[-14.4453, -0.0703]
2025-11-21 08:14:37 | DEBUG    | logits_to_prob_map:180 | topk[0]: token_id=236799, text='B', logprob=-0.0703, prob=0.932138
2025-11-21 08:14:37 | DEBUG    | logits_to_prob_map:180 | topk[1]: token_id=236776, text='A', logprob=-2.6953, prob=0.067524
2025-11-21 08:14:37 | DEBUG    | logits_to_prob_map:180 | topk[2]: token_id=236789, text=''', logprob=-9.1953, prob=0.000102
2025-11-21 08:14:37 | DEBUG    | logits_to_prob_map:180 | topk[3]: token_id=236763, text='b', logprob=-10.1953, prob=0.000037
2025-11-21 08:14:37 | DEBUG    | logits_to_prob_map:180 | topk[4]: token_id=35343, text='Bs', logprob=-10.6953, prob=0.000023
2025-11-21 08:14:37 | DEBUG    | logits_to_prob_map:180 | topk[5]: token_id=107, text='
', logprob=-10.9453, prob=0.000018
2025-11-21 08:14:37 | DEBUG    | logits_to_prob_map:180 | topk[6]: token_id=2205, text='As', logprob=-11.3203, prob=0.000012
2025-11-21 08:14:37 | DEBUG    | logits_to_prob_map:180 | topk[7]: token_id=22186, text='Both', logprob=-11.4453, prob=0.000011
2025-11-21 08:14:37 | DEBUG    | logits_to_prob_map:180 | topk[8]: token_id=236774, text='T', logprob=-11.6953, prob=0.000008
2025-11-21 08:14:37 | DEBUG    | logits_to_prob_map:180 | topk[9]: token_id=236769, text='(', logprob=-11.7578, prob=0.000008
2025-11-21 08:14:37 | DEBUG    | only_abt_probs:198 | only_abt_probs result: {'A': 0.06752382166114686, 'B': 0.9321376748977322, 'T': 8.333105575919458e-06}
2025-11-21 08:14:37 | DEBUG    | main:410 | RJ prompt (truncated): <bos><start_of_turn>user
You are an impartial and unbiased judge.

You will be given answers from two assistants (Assistant A and Assistant B) to a user prompt. Please act as an impartial judge and evaluate the quality of their answers. You must output only one of the following choices:
'A' if Assistant A's answer is better.
'T' if both answers are relatively the same in quality.
'B' if Assistant B's answer is better.
Do not think or reason. Just choose which answer you prefer: A or B or T.
Outp...<truncated 11237 chars>
2025-11-21 08:14:37 | DEBUG    | main:440 | RJ prompt length: 4880
2025-11-21 08:14:44 | DEBUG    | main:461 | RJ: Generated 8 steps
2025-11-21 08:14:44 | DEBUG    | main:467 | RJ: generated text='A's answer.

A<end_of_turn>'
2025-11-21 08:14:44 | DEBUG    | main:473 | RJ step 0: token_id=236776, text='A'
2025-11-21 08:14:44 | DEBUG    | main:476 | RJ: Found A/B/T at step 0
2025-11-21 08:14:44 | DEBUG    | main:483 | RJ step 0: extracting probs from logits
2025-11-21 08:14:44 | DEBUG    | logits_to_prob_map:157 | logits_to_prob_map: input shape=torch.Size([262208]), dtype=torch.float32
2025-11-21 08:14:44 | DEBUG    | logits_to_prob_map:170 | Top-k extraction: k=50, top logprobs range=[-14.1874, -0.0624]
2025-11-21 08:14:44 | DEBUG    | logits_to_prob_map:180 | topk[0]: token_id=236776, text='A', logprob=-0.0624, prob=0.939464
2025-11-21 08:14:44 | DEBUG    | logits_to_prob_map:180 | topk[1]: token_id=236799, text='B', logprob=-2.8124, prob=0.060058
2025-11-21 08:14:44 | DEBUG    | logits_to_prob_map:180 | topk[2]: token_id=236789, text=''', logprob=-8.5624, prob=0.000191
2025-11-21 08:14:44 | DEBUG    | logits_to_prob_map:180 | topk[3]: token_id=2205, text='As', logprob=-9.6874, prob=0.000062
2025-11-21 08:14:44 | DEBUG    | logits_to_prob_map:180 | topk[4]: token_id=236769, text='(', logprob=-10.5624, prob=0.000026
2025-11-21 08:14:44 | DEBUG    | logits_to_prob_map:180 | topk[5]: token_id=107, text='
', logprob=-10.9374, prob=0.000018
2025-11-21 08:14:44 | DEBUG    | logits_to_prob_map:180 | topk[6]: token_id=236746, text='a', logprob=-10.9374, prob=0.000018
2025-11-21 08:14:44 | DEBUG    | logits_to_prob_map:180 | topk[7]: token_id=1018, text='**', logprob=-11.4374, prob=0.000011
2025-11-21 08:14:44 | DEBUG    | logits_to_prob_map:180 | topk[8]: token_id=74314, text='Assistant', logprob=-11.6249, prob=0.000009
2025-11-21 08:14:44 | DEBUG    | logits_to_prob_map:180 | topk[9]: token_id=236775, text='"', logprob=-11.7499, prob=0.000008
2025-11-21 08:14:44 | DEBUG    | only_abt_probs:198 | only_abt_probs result: {'A': 0.9394644801434843, 'B': 0.06005796115977754, 'T': 1.3710336129724409e-06}
2025-11-21 08:14:44 | DEBUG    | main:544 | Row 48 complete: JR={'A': 0.06752382166114686, 'B': 0.9321376748977322, 'T': 8.333105575919458e-06}, RJ={'A': 0.9394644801434843, 'B': 0.06005796115977754, 'T': 1.3710336129724409e-06}, combined_norm={'A': 0.06381662093183044, 'B': 0.9361785250415334, 'T': 4.854026636047817e-06}
2025-11-21 08:14:44 | DEBUG    | main:393 | ========== Row 49 ==========
2025-11-21 08:14:44 | DEBUG    | main:394 | Built msgs_jr with 2 messages
2025-11-21 08:14:44 | DEBUG    | main:396 | msgs_jr[0] role=system content=You are an impartial and unbiased judge.
2025-11-21 08:14:44 | DEBUG    | main:396 | msgs_jr[1] role=user content=You will be given answers from two assistants (Assistant A and Assistant B) to a user prompt. Please act as an impartial judge and evaluate the quality of their answers. You must output only one of the following choices:
'A' if Assistant A's answer is better.
'T' if both answers are relatively the s...<truncated 3101 chars>
2025-11-21 08:14:44 | DEBUG    | main:410 | JR prompt (truncated): <bos><start_of_turn>user
You are an impartial and unbiased judge.

You will be given answers from two assistants (Assistant A and Assistant B) to a user prompt. Please act as an impartial judge and evaluate the quality of their answers. You must output only one of the following choices:
'A' if Assistant A's answer is better.
'T' if both answers are relatively the same in quality.
'B' if Assistant B's answer is better.
Do not think or reason. Just choose which answer you prefer: A or B or T.
Outp...<truncated 3316 chars>
2025-11-21 08:14:44 | DEBUG    | main:440 | JR prompt length: 1143
2025-11-21 08:14:46 | DEBUG    | main:461 | JR: Generated 8 steps
2025-11-21 08:14:46 | DEBUG    | main:467 | JR: generated text='A's answer.

A<end_of_turn>'
2025-11-21 08:14:46 | DEBUG    | main:473 | JR step 0: token_id=236776, text='A'
2025-11-21 08:14:46 | DEBUG    | main:476 | JR: Found A/B/T at step 0
2025-11-21 08:14:46 | DEBUG    | main:483 | JR step 0: extracting probs from logits
2025-11-21 08:14:46 | DEBUG    | logits_to_prob_map:157 | logits_to_prob_map: input shape=torch.Size([262208]), dtype=torch.float32
2025-11-21 08:14:46 | DEBUG    | logits_to_prob_map:170 | Top-k extraction: k=50, top logprobs range=[-16.0890, -0.0265]
2025-11-21 08:14:46 | DEBUG    | logits_to_prob_map:180 | topk[0]: token_id=236776, text='A', logprob=-0.0265, prob=0.973867
2025-11-21 08:14:46 | DEBUG    | logits_to_prob_map:180 | topk[1]: token_id=236799, text='B', logprob=-3.6515, prob=0.025953
2025-11-21 08:14:46 | DEBUG    | logits_to_prob_map:180 | topk[2]: token_id=236789, text=''', logprob=-9.1515, prob=0.000106
2025-11-21 08:14:46 | DEBUG    | logits_to_prob_map:180 | topk[3]: token_id=2205, text='As', logprob=-10.7765, prob=0.000021
2025-11-21 08:14:46 | DEBUG    | logits_to_prob_map:180 | topk[4]: token_id=236746, text='a', logprob=-11.5265, prob=0.000010
2025-11-21 08:14:46 | DEBUG    | logits_to_prob_map:180 | topk[5]: token_id=107, text='
', logprob=-11.9015, prob=0.000007
2025-11-21 08:14:46 | DEBUG    | logits_to_prob_map:180 | topk[6]: token_id=236775, text='"', logprob=-12.4015, prob=0.000004
2025-11-21 08:14:46 | DEBUG    | logits_to_prob_map:180 | topk[7]: token_id=236769, text='(', logprob=-12.5265, prob=0.000004
2025-11-21 08:14:46 | DEBUG    | logits_to_prob_map:180 | topk[8]: token_id=236858, text='’', logprob=-13.0265, prob=0.000002
2025-11-21 08:14:46 | DEBUG    | logits_to_prob_map:180 | topk[9]: token_id=237095, text='‘', logprob=-13.1515, prob=0.000002
2025-11-21 08:14:46 | DEBUG    | only_abt_probs:198 | only_abt_probs result: {'A': 0.9738672357440673, 'B': 0.02595268522340379, 'T': 3.5934580220142196e-07}
2025-11-21 08:14:46 | DEBUG    | main:410 | RJ prompt (truncated): <bos><start_of_turn>user
You are an impartial and unbiased judge.

You will be given answers from two assistants (Assistant A and Assistant B) to a user prompt. Please act as an impartial judge and evaluate the quality of their answers. You must output only one of the following choices:
'A' if Assistant A's answer is better.
'T' if both answers are relatively the same in quality.
'B' if Assistant B's answer is better.
Do not think or reason. Just choose which answer you prefer: A or B or T.
Outp...<truncated 3316 chars>
2025-11-21 08:14:46 | DEBUG    | main:440 | RJ prompt length: 1143
2025-11-21 08:14:47 | DEBUG    | main:461 | RJ: Generated 8 steps
2025-11-21 08:14:47 | DEBUG    | main:467 | RJ: generated text='B's answer.

B<end_of_turn>'
2025-11-21 08:14:47 | DEBUG    | main:473 | RJ step 0: token_id=236799, text='B'
2025-11-21 08:14:47 | DEBUG    | main:476 | RJ: Found A/B/T at step 0
2025-11-21 08:14:47 | DEBUG    | main:483 | RJ step 0: extracting probs from logits
2025-11-21 08:14:47 | DEBUG    | logits_to_prob_map:157 | logits_to_prob_map: input shape=torch.Size([262208]), dtype=torch.float32
2025-11-21 08:14:47 | DEBUG    | logits_to_prob_map:170 | Top-k extraction: k=50, top logprobs range=[-15.5668, -0.0043]
2025-11-21 08:14:47 | DEBUG    | logits_to_prob_map:180 | topk[0]: token_id=236799, text='B', logprob=-0.0043, prob=0.995748
2025-11-21 08:14:47 | DEBUG    | logits_to_prob_map:180 | topk[1]: token_id=236776, text='A', logprob=-5.5043, prob=0.004069
2025-11-21 08:14:47 | DEBUG    | logits_to_prob_map:180 | topk[2]: token_id=236789, text=''', logprob=-9.3793, prob=0.000084
2025-11-21 08:14:47 | DEBUG    | logits_to_prob_map:180 | topk[3]: token_id=35343, text='Bs', logprob=-11.2543, prob=0.000013
2025-11-21 08:14:47 | DEBUG    | logits_to_prob_map:180 | topk[4]: token_id=236763, text='b', logprob=-11.3793, prob=0.000011
2025-11-21 08:14:47 | DEBUG    | logits_to_prob_map:180 | topk[5]: token_id=107, text='
', logprob=-11.3793, prob=0.000011
2025-11-21 08:14:47 | DEBUG    | logits_to_prob_map:180 | topk[6]: token_id=236775, text='"', logprob=-11.8793, prob=0.000007
2025-11-21 08:14:47 | DEBUG    | logits_to_prob_map:180 | topk[7]: token_id=74314, text='Assistant', logprob=-12.0043, prob=0.000006
2025-11-21 08:14:47 | DEBUG    | logits_to_prob_map:180 | topk[8]: token_id=7925, text='Answer', logprob=-12.3793, prob=0.000004
2025-11-21 08:14:47 | DEBUG    | logits_to_prob_map:180 | topk[9]: token_id=14433, text='answer', logprob=-12.7543, prob=0.000003
2025-11-21 08:14:47 | DEBUG    | only_abt_probs:198 | only_abt_probs result: {'A': 0.004069396624572161, 'B': 0.9957484337255252, 'T': 1.8659112527124048e-06}
2025-11-21 08:14:47 | DEBUG    | main:544 | Row 49 complete: JR={'A': 0.9738672357440673, 'B': 0.02595268522340379, 'T': 3.5934580220142196e-07}, RJ={'A': 0.004069396624572161, 'B': 0.9957484337255252, 'T': 1.8659112527124048e-06}, combined_norm={'A': 0.9849851435974678, 'B': 0.015013743573682539, 'T': 1.112828849684074e-06}
2025-11-21 08:14:48 | INFO     | main:391 | Processing row 50/970
2025-11-21 08:14:48 | DEBUG    | main:393 | ========== Row 50 ==========
2025-11-21 08:14:48 | DEBUG    | main:394 | Built msgs_jr with 2 messages
2025-11-21 08:14:48 | DEBUG    | main:396 | msgs_jr[0] role=system content=You are an impartial and unbiased judge.
2025-11-21 08:14:48 | DEBUG    | main:396 | msgs_jr[1] role=user content=You will be given answers from two assistants (Assistant A and Assistant B) to a user prompt. Please act as an impartial judge and evaluate the quality of their answers. You must output only one of the following choices:
'A' if Assistant A's answer is better.
'T' if both answers are relatively the s...<truncated 2792 chars>
2025-11-21 08:14:48 | DEBUG    | main:410 | JR prompt (truncated): <bos><start_of_turn>user
You are an impartial and unbiased judge.

You will be given answers from two assistants (Assistant A and Assistant B) to a user prompt. Please act as an impartial judge and evaluate the quality of their answers. You must output only one of the following choices:
'A' if Assistant A's answer is better.
'T' if both answers are relatively the same in quality.
'B' if Assistant B's answer is better.
Do not think or reason. Just choose which answer you prefer: A or B or T.
Outp...<truncated 3007 chars>
2025-11-21 08:14:48 | DEBUG    | main:440 | JR prompt length: 900
2025-11-21 08:14:49 | DEBUG    | main:461 | JR: Generated 8 steps
2025-11-21 08:14:49 | DEBUG    | main:467 | JR: generated text='A's answer.

A<end_of_turn>'
2025-11-21 08:14:49 | DEBUG    | main:473 | JR step 0: token_id=236776, text='A'
2025-11-21 08:14:49 | DEBUG    | main:476 | JR: Found A/B/T at step 0
2025-11-21 08:14:49 | DEBUG    | main:483 | JR step 0: extracting probs from logits
2025-11-21 08:14:49 | DEBUG    | logits_to_prob_map:157 | logits_to_prob_map: input shape=torch.Size([262208]), dtype=torch.float32
2025-11-21 08:14:49 | DEBUG    | logits_to_prob_map:170 | Top-k extraction: k=50, top logprobs range=[-16.1890, -0.0015]
2025-11-21 08:14:49 | DEBUG    | logits_to_prob_map:180 | topk[0]: token_id=236776, text='A', logprob=-0.0015, prob=0.998523
2025-11-21 08:14:49 | DEBUG    | logits_to_prob_map:180 | topk[1]: token_id=236799, text='B', logprob=-6.6265, prob=0.001325
2025-11-21 08:14:49 | DEBUG    | logits_to_prob_map:180 | topk[2]: token_id=236789, text=''', logprob=-9.5015, prob=0.000075
2025-11-21 08:14:49 | DEBUG    | logits_to_prob_map:180 | topk[3]: token_id=2205, text='As', logprob=-10.0015, prob=0.000045
2025-11-21 08:14:49 | DEBUG    | logits_to_prob_map:180 | topk[4]: token_id=107, text='
', logprob=-12.6265, prob=0.000003
2025-11-21 08:14:49 | DEBUG    | logits_to_prob_map:180 | topk[5]: token_id=236746, text='a', logprob=-12.6265, prob=0.000003
2025-11-21 08:14:49 | DEBUG    | logits_to_prob_map:180 | topk[6]: token_id=236769, text='(', logprob=-13.1265, prob=0.000002
2025-11-21 08:14:49 | DEBUG    | logits_to_prob_map:180 | topk[7]: token_id=236795, text='$', logprob=-13.1265, prob=0.000002
2025-11-21 08:14:49 | DEBUG    | logits_to_prob_map:180 | topk[8]: token_id=236775, text='"', logprob=-13.2515, prob=0.000002
2025-11-21 08:14:49 | DEBUG    | logits_to_prob_map:180 | topk[9]: token_id=7925, text='Answer', logprob=-13.5015, prob=0.000001
2025-11-21 08:14:49 | DEBUG    | only_abt_probs:198 | only_abt_probs result: {'A': 0.9985229169120575, 'B': 0.0013248206394092183, 'T': 0.0}
2025-11-21 08:14:49 | DEBUG    | main:410 | RJ prompt (truncated): <bos><start_of_turn>user
You are an impartial and unbiased judge.

You will be given answers from two assistants (Assistant A and Assistant B) to a user prompt. Please act as an impartial judge and evaluate the quality of their answers. You must output only one of the following choices:
'A' if Assistant A's answer is better.
'T' if both answers are relatively the same in quality.
'B' if Assistant B's answer is better.
Do not think or reason. Just choose which answer you prefer: A or B or T.
Outp...<truncated 3007 chars>
2025-11-21 08:14:49 | DEBUG    | main:440 | RJ prompt length: 900
2025-11-21 08:14:51 | DEBUG    | main:461 | RJ: Generated 8 steps
2025-11-21 08:14:51 | DEBUG    | main:467 | RJ: generated text='B's answer.

B<end_of_turn>'
2025-11-21 08:14:51 | DEBUG    | main:473 | RJ step 0: token_id=236799, text='B'
2025-11-21 08:14:51 | DEBUG    | main:476 | RJ: Found A/B/T at step 0
2025-11-21 08:14:51 | DEBUG    | main:483 | RJ step 0: extracting probs from logits
2025-11-21 08:14:51 | DEBUG    | logits_to_prob_map:157 | logits_to_prob_map: input shape=torch.Size([262208]), dtype=torch.float32
2025-11-21 08:14:51 | DEBUG    | logits_to_prob_map:170 | Top-k extraction: k=50, top logprobs range=[-16.3048, -0.1798]
2025-11-21 08:14:51 | DEBUG    | logits_to_prob_map:180 | topk[0]: token_id=236799, text='B', logprob=-0.1798, prob=0.835401
2025-11-21 08:14:51 | DEBUG    | logits_to_prob_map:180 | topk[1]: token_id=236776, text='A', logprob=-1.8048, prob=0.164500
2025-11-21 08:14:51 | DEBUG    | logits_to_prob_map:180 | topk[2]: token_id=236789, text=''', logprob=-10.4298, prob=0.000030
2025-11-21 08:14:51 | DEBUG    | logits_to_prob_map:180 | topk[3]: token_id=107, text='
', logprob=-11.4298, prob=0.000011
2025-11-21 08:14:51 | DEBUG    | logits_to_prob_map:180 | topk[4]: token_id=2205, text='As', logprob=-11.6798, prob=0.000008
2025-11-21 08:14:51 | DEBUG    | logits_to_prob_map:180 | topk[5]: token_id=236763, text='b', logprob=-11.6798, prob=0.000008
2025-11-21 08:14:51 | DEBUG    | logits_to_prob_map:180 | topk[6]: token_id=35343, text='Bs', logprob=-11.9298, prob=0.000007
2025-11-21 08:14:51 | DEBUG    | logits_to_prob_map:180 | topk[7]: token_id=22186, text='Both', logprob=-11.9298, prob=0.000007
2025-11-21 08:14:51 | DEBUG    | logits_to_prob_map:180 | topk[8]: token_id=236774, text='T', logprob=-12.4298, prob=0.000004
2025-11-21 08:14:51 | DEBUG    | logits_to_prob_map:180 | topk[9]: token_id=236746, text='a', logprob=-12.9298, prob=0.000002
2025-11-21 08:14:51 | DEBUG    | only_abt_probs:198 | only_abt_probs result: {'A': 0.16450023066786323, 'B': 0.8354010656988526, 'T': 3.997493777195442e-06}
2025-11-21 08:14:51 | DEBUG    | main:544 | Row 50 complete: JR={'A': 0.9985229169120575, 'B': 0.0013248206394092183, 'T': 0.0}, RJ={'A': 0.16450023066786323, 'B': 0.8354010656988526, 'T': 3.997493777195442e-06}, combined_norm={'A': 0.917075235693498, 'B': 0.08292276531276907, 'T': 1.998993732927582e-06}
2025-11-21 08:14:51 | DEBUG    | main:393 | ========== Row 51 ==========
2025-11-21 08:14:51 | DEBUG    | main:394 | Built msgs_jr with 2 messages
2025-11-21 08:14:51 | DEBUG    | main:396 | msgs_jr[0] role=system content=You are an impartial and unbiased judge.
2025-11-21 08:14:51 | DEBUG    | main:396 | msgs_jr[1] role=user content=You will be given answers from two assistants (Assistant A and Assistant B) to a user prompt. Please act as an impartial judge and evaluate the quality of their answers. You must output only one of the following choices:
'A' if Assistant A's answer is better.
'T' if both answers are relatively the s...<truncated 13075 chars>
2025-11-21 08:14:51 | DEBUG    | main:410 | JR prompt (truncated): <bos><start_of_turn>user
You are an impartial and unbiased judge.

You will be given answers from two assistants (Assistant A and Assistant B) to a user prompt. Please act as an impartial judge and evaluate the quality of their answers. You must output only one of the following choices:
'A' if Assistant A's answer is better.
'T' if both answers are relatively the same in quality.
'B' if Assistant B's answer is better.
Do not think or reason. Just choose which answer you prefer: A or B or T.
Outp...<truncated 13290 chars>
2025-11-21 08:14:51 | DEBUG    | main:440 | JR prompt length: 4611
2025-11-21 08:14:58 | DEBUG    | main:461 | JR: Generated 8 steps
2025-11-21 08:14:58 | DEBUG    | main:467 | JR: generated text='B's answer.

B<end_of_turn>'
2025-11-21 08:14:58 | DEBUG    | main:473 | JR step 0: token_id=236799, text='B'
2025-11-21 08:14:58 | DEBUG    | main:476 | JR: Found A/B/T at step 0
2025-11-21 08:14:58 | DEBUG    | main:483 | JR step 0: extracting probs from logits
2025-11-21 08:14:58 | DEBUG    | logits_to_prob_map:157 | logits_to_prob_map: input shape=torch.Size([262208]), dtype=torch.float32
2025-11-21 08:14:58 | DEBUG    | logits_to_prob_map:170 | Top-k extraction: k=50, top logprobs range=[-14.6908, -0.0033]
2025-11-21 08:14:58 | DEBUG    | logits_to_prob_map:180 | topk[0]: token_id=236799, text='B', logprob=-0.0033, prob=0.996744
2025-11-21 08:14:58 | DEBUG    | logits_to_prob_map:180 | topk[1]: token_id=236776, text='A', logprob=-5.8783, prob=0.002800
2025-11-21 08:14:58 | DEBUG    | logits_to_prob_map:180 | topk[2]: token_id=236789, text=''', logprob=-8.5033, prob=0.000203
2025-11-21 08:14:58 | DEBUG    | logits_to_prob_map:180 | topk[3]: token_id=35343, text='Bs', logprob=-9.8783, prob=0.000051
2025-11-21 08:14:58 | DEBUG    | logits_to_prob_map:180 | topk[4]: token_id=236763, text='b', logprob=-10.1283, prob=0.000040
2025-11-21 08:14:58 | DEBUG    | logits_to_prob_map:180 | topk[5]: token_id=107, text='
', logprob=-10.7533, prob=0.000021
2025-11-21 08:14:58 | DEBUG    | logits_to_prob_map:180 | topk[6]: token_id=7925, text='Answer', logprob=-11.3783, prob=0.000011
2025-11-21 08:14:58 | DEBUG    | logits_to_prob_map:180 | topk[7]: token_id=236775, text='"', logprob=-11.3783, prob=0.000011
2025-11-21 08:14:58 | DEBUG    | logits_to_prob_map:180 | topk[8]: token_id=14433, text='answer', logprob=-11.5033, prob=0.000010
2025-11-21 08:14:58 | DEBUG    | logits_to_prob_map:180 | topk[9]: token_id=236858, text='’', logprob=-11.8783, prob=0.000007
2025-11-21 08:14:58 | DEBUG    | only_abt_probs:198 | only_abt_probs result: {'A': 0.0027996480499101286, 'B': 0.996743944460569, 'T': 2.5529485666129164e-06}
2025-11-21 08:14:58 | DEBUG    | main:410 | RJ prompt (truncated): <bos><start_of_turn>user
You are an impartial and unbiased judge.

You will be given answers from two assistants (Assistant A and Assistant B) to a user prompt. Please act as an impartial judge and evaluate the quality of their answers. You must output only one of the following choices:
'A' if Assistant A's answer is better.
'T' if both answers are relatively the same in quality.
'B' if Assistant B's answer is better.
Do not think or reason. Just choose which answer you prefer: A or B or T.
Outp...<truncated 13290 chars>
2025-11-21 08:14:58 | DEBUG    | main:440 | RJ prompt length: 4611
2025-11-21 08:15:05 | DEBUG    | main:461 | RJ: Generated 8 steps
2025-11-21 08:15:05 | DEBUG    | main:467 | RJ: generated text='A's answer.

A<end_of_turn>'
2025-11-21 08:15:05 | DEBUG    | main:473 | RJ step 0: token_id=236776, text='A'
2025-11-21 08:15:05 | DEBUG    | main:476 | RJ: Found A/B/T at step 0
2025-11-21 08:15:05 | DEBUG    | main:483 | RJ step 0: extracting probs from logits
2025-11-21 08:15:05 | DEBUG    | logits_to_prob_map:157 | logits_to_prob_map: input shape=torch.Size([262208]), dtype=torch.float32
2025-11-21 08:15:05 | DEBUG    | logits_to_prob_map:170 | Top-k extraction: k=50, top logprobs range=[-14.8189, -0.0064]
2025-11-21 08:15:05 | DEBUG    | logits_to_prob_map:180 | topk[0]: token_id=236776, text='A', logprob=-0.0064, prob=0.993643
2025-11-21 08:15:05 | DEBUG    | logits_to_prob_map:180 | topk[1]: token_id=236799, text='B', logprob=-5.1314, prob=0.005908
2025-11-21 08:15:05 | DEBUG    | logits_to_prob_map:180 | topk[2]: token_id=236789, text=''', logprob=-8.3814, prob=0.000229
2025-11-21 08:15:05 | DEBUG    | logits_to_prob_map:180 | topk[3]: token_id=2205, text='As', logprob=-9.5064, prob=0.000074
2025-11-21 08:15:05 | DEBUG    | logits_to_prob_map:180 | topk[4]: token_id=236746, text='a', logprob=-10.5064, prob=0.000027
2025-11-21 08:15:05 | DEBUG    | logits_to_prob_map:180 | topk[5]: token_id=107, text='
', logprob=-11.3814, prob=0.000011
2025-11-21 08:15:05 | DEBUG    | logits_to_prob_map:180 | topk[6]: token_id=236769, text='(', logprob=-11.3814, prob=0.000011
2025-11-21 08:15:05 | DEBUG    | logits_to_prob_map:180 | topk[7]: token_id=236775, text='"', logprob=-11.7564, prob=0.000008
2025-11-21 08:15:05 | DEBUG    | logits_to_prob_map:180 | topk[8]: token_id=236858, text='’', logprob=-11.8814, prob=0.000007
2025-11-21 08:15:05 | DEBUG    | logits_to_prob_map:180 | topk[9]: token_id=237095, text='‘', logprob=-12.0064, prob=0.000006
2025-11-21 08:15:05 | DEBUG    | only_abt_probs:198 | only_abt_probs result: {'A': 0.9936432997320452, 'B': 0.005908417675855973, 'T': 7.2915666783966e-07}
2025-11-21 08:15:05 | DEBUG    | main:544 | Row 51 complete: JR={'A': 0.0027996480499101286, 'B': 0.996743944460569, 'T': 2.5529485666129164e-06}, RJ={'A': 0.9936432997320452, 'B': 0.005908417675855973, 'T': 7.2915666783966e-07}, combined_norm={'A': 0.004355996127710361, 'B': 0.9956423620797099, 'T': 1.6417925796897393e-06}
2025-11-21 08:15:05 | DEBUG    | main:393 | ========== Row 52 ==========
2025-11-21 08:15:05 | DEBUG    | main:394 | Built msgs_jr with 2 messages
2025-11-21 08:15:05 | DEBUG    | main:396 | msgs_jr[0] role=system content=You are an impartial and unbiased judge.
2025-11-21 08:15:05 | DEBUG    | main:396 | msgs_jr[1] role=user content=You will be given answers from two assistants (Assistant A and Assistant B) to a user prompt. Please act as an impartial judge and evaluate the quality of their answers. You must output only one of the following choices:
'A' if Assistant A's answer is better.
'T' if both answers are relatively the s...<truncated 8416 chars>
2025-11-21 08:15:05 | DEBUG    | main:410 | JR prompt (truncated): <bos><start_of_turn>user
You are an impartial and unbiased judge.

You will be given answers from two assistants (Assistant A and Assistant B) to a user prompt. Please act as an impartial judge and evaluate the quality of their answers. You must output only one of the following choices:
'A' if Assistant A's answer is better.
'T' if both answers are relatively the same in quality.
'B' if Assistant B's answer is better.
Do not think or reason. Just choose which answer you prefer: A or B or T.
Outp...<truncated 8631 chars>
2025-11-21 08:15:05 | DEBUG    | main:440 | JR prompt length: 3742
2025-11-21 08:15:10 | DEBUG    | main:461 | JR: Generated 8 steps
2025-11-21 08:15:10 | DEBUG    | main:467 | JR: generated text='B's answer.

B<end_of_turn>'
2025-11-21 08:15:10 | DEBUG    | main:473 | JR step 0: token_id=236799, text='B'
2025-11-21 08:15:10 | DEBUG    | main:476 | JR: Found A/B/T at step 0
2025-11-21 08:15:10 | DEBUG    | main:483 | JR step 0: extracting probs from logits
2025-11-21 08:15:10 | DEBUG    | logits_to_prob_map:157 | logits_to_prob_map: input shape=torch.Size([262208]), dtype=torch.float32
2025-11-21 08:15:10 | DEBUG    | logits_to_prob_map:170 | Top-k extraction: k=50, top logprobs range=[-14.6306, -0.0056]
2025-11-21 08:15:10 | DEBUG    | logits_to_prob_map:180 | topk[0]: token_id=236799, text='B', logprob=-0.0056, prob=0.994460
2025-11-21 08:15:10 | DEBUG    | logits_to_prob_map:180 | topk[1]: token_id=236776, text='A', logprob=-5.2556, prob=0.005218
2025-11-21 08:15:10 | DEBUG    | logits_to_prob_map:180 | topk[2]: token_id=236789, text=''', logprob=-9.2556, prob=0.000096
2025-11-21 08:15:10 | DEBUG    | logits_to_prob_map:180 | topk[3]: token_id=35343, text='Bs', logprob=-10.0056, prob=0.000045
2025-11-21 08:15:10 | DEBUG    | logits_to_prob_map:180 | topk[4]: token_id=107, text='
', logprob=-10.2556, prob=0.000035
2025-11-21 08:15:10 | DEBUG    | logits_to_prob_map:180 | topk[5]: token_id=236763, text='b', logprob=-10.7556, prob=0.000021
2025-11-21 08:15:10 | DEBUG    | logits_to_prob_map:180 | topk[6]: token_id=74314, text='Assistant', logprob=-11.8806, prob=0.000007
2025-11-21 08:15:10 | DEBUG    | logits_to_prob_map:180 | topk[7]: token_id=236785, text='\', logprob=-11.8806, prob=0.000007
2025-11-21 08:15:10 | DEBUG    | logits_to_prob_map:180 | topk[8]: token_id=22186, text='Both', logprob=-11.8806, prob=0.000007
2025-11-21 08:15:10 | DEBUG    | logits_to_prob_map:180 | topk[9]: token_id=14433, text='answer', logprob=-12.0056, prob=0.000006
2025-11-21 08:15:10 | DEBUG    | only_abt_probs:198 | only_abt_probs result: {'A': 0.005218448450925838, 'B': 0.9944600923781549, 'T': 2.547099867469035e-06}
2025-11-21 08:15:10 | DEBUG    | main:410 | RJ prompt (truncated): <bos><start_of_turn>user
You are an impartial and unbiased judge.

You will be given answers from two assistants (Assistant A and Assistant B) to a user prompt. Please act as an impartial judge and evaluate the quality of their answers. You must output only one of the following choices:
'A' if Assistant A's answer is better.
'T' if both answers are relatively the same in quality.
'B' if Assistant B's answer is better.
Do not think or reason. Just choose which answer you prefer: A or B or T.
Outp...<truncated 8631 chars>
2025-11-21 08:15:10 | DEBUG    | main:440 | RJ prompt length: 3742
2025-11-21 08:15:15 | DEBUG    | main:461 | RJ: Generated 8 steps
2025-11-21 08:15:15 | DEBUG    | main:467 | RJ: generated text='A's answer.

A<end_of_turn>'
2025-11-21 08:15:15 | DEBUG    | main:473 | RJ step 0: token_id=236776, text='A'
2025-11-21 08:15:15 | DEBUG    | main:476 | RJ: Found A/B/T at step 0
2025-11-21 08:15:15 | DEBUG    | main:483 | RJ step 0: extracting probs from logits
2025-11-21 08:15:15 | DEBUG    | logits_to_prob_map:157 | logits_to_prob_map: input shape=torch.Size([262208]), dtype=torch.float32
2025-11-21 08:15:15 | DEBUG    | logits_to_prob_map:170 | Top-k extraction: k=50, top logprobs range=[-14.9016, -0.0266]
2025-11-21 08:15:15 | DEBUG    | logits_to_prob_map:180 | topk[0]: token_id=236776, text='A', logprob=-0.0266, prob=0.973705
2025-11-21 08:15:15 | DEBUG    | logits_to_prob_map:180 | topk[1]: token_id=236799, text='B', logprob=-3.6516, prob=0.025948
2025-11-21 08:15:15 | DEBUG    | logits_to_prob_map:180 | topk[2]: token_id=236789, text=''', logprob=-8.6516, prob=0.000175
2025-11-21 08:15:15 | DEBUG    | logits_to_prob_map:180 | topk[3]: token_id=2205, text='As', logprob=-10.1516, prob=0.000039
2025-11-21 08:15:15 | DEBUG    | logits_to_prob_map:180 | topk[4]: token_id=236746, text='a', logprob=-11.0266, prob=0.000016
2025-11-21 08:15:15 | DEBUG    | logits_to_prob_map:180 | topk[5]: token_id=236769, text='(', logprob=-11.1516, prob=0.000014
2025-11-21 08:15:15 | DEBUG    | logits_to_prob_map:180 | topk[6]: token_id=107, text='
', logprob=-11.1516, prob=0.000014
2025-11-21 08:15:15 | DEBUG    | logits_to_prob_map:180 | topk[7]: token_id=236775, text='"', logprob=-11.7766, prob=0.000008
2025-11-21 08:15:15 | DEBUG    | logits_to_prob_map:180 | topk[8]: token_id=1018, text='**', logprob=-11.9016, prob=0.000007
2025-11-21 08:15:15 | DEBUG    | logits_to_prob_map:180 | topk[9]: token_id=236795, text='$', logprob=-12.1516, prob=0.000005
2025-11-21 08:15:15 | DEBUG    | only_abt_probs:198 | only_abt_probs result: {'A': 0.9737053597143095, 'B': 0.025948366636325403, 'T': 5.923627631895593e-07}
2025-11-21 08:15:15 | DEBUG    | main:544 | Row 52 complete: JR={'A': 0.005218448450925838, 'B': 0.9944600923781549, 'T': 2.547099867469035e-06}, RJ={'A': 0.9737053597143095, 'B': 0.025948366636325403, 'T': 5.923627631895593e-07}, combined_norm={'A': 0.015588587579505892, 'B': 0.9844098421673888, 'T': 1.5702531052210797e-06}
2025-11-21 08:15:15 | DEBUG    | main:393 | ========== Row 53 ==========
2025-11-21 08:15:15 | DEBUG    | main:394 | Built msgs_jr with 2 messages
2025-11-21 08:15:15 | DEBUG    | main:396 | msgs_jr[0] role=system content=You are an impartial and unbiased judge.
2025-11-21 08:15:15 | DEBUG    | main:396 | msgs_jr[1] role=user content=You will be given answers from two assistants (Assistant A and Assistant B) to a user prompt. Please act as an impartial judge and evaluate the quality of their answers. You must output only one of the following choices:
'A' if Assistant A's answer is better.
'T' if both answers are relatively the s...<truncated 5063 chars>
2025-11-21 08:15:15 | DEBUG    | main:410 | JR prompt (truncated): <bos><start_of_turn>user
You are an impartial and unbiased judge.

You will be given answers from two assistants (Assistant A and Assistant B) to a user prompt. Please act as an impartial judge and evaluate the quality of their answers. You must output only one of the following choices:
'A' if Assistant A's answer is better.
'T' if both answers are relatively the same in quality.
'B' if Assistant B's answer is better.
Do not think or reason. Just choose which answer you prefer: A or B or T.
Outp...<truncated 5278 chars>
2025-11-21 08:15:15 | DEBUG    | main:440 | JR prompt length: 1906
2025-11-21 08:15:18 | DEBUG    | main:461 | JR: Generated 8 steps
2025-11-21 08:15:18 | DEBUG    | main:467 | JR: generated text='A's answer.

A<end_of_turn>'
2025-11-21 08:15:18 | DEBUG    | main:473 | JR step 0: token_id=236776, text='A'
2025-11-21 08:15:18 | DEBUG    | main:476 | JR: Found A/B/T at step 0
2025-11-21 08:15:18 | DEBUG    | main:483 | JR step 0: extracting probs from logits
2025-11-21 08:15:18 | DEBUG    | logits_to_prob_map:157 | logits_to_prob_map: input shape=torch.Size([262208]), dtype=torch.float32
2025-11-21 08:15:18 | DEBUG    | logits_to_prob_map:170 | Top-k extraction: k=50, top logprobs range=[-16.0162, -0.0162]
2025-11-21 08:15:18 | DEBUG    | logits_to_prob_map:180 | topk[0]: token_id=236776, text='A', logprob=-0.0162, prob=0.983908
2025-11-21 08:15:18 | DEBUG    | logits_to_prob_map:180 | topk[1]: token_id=236799, text='B', logprob=-4.1412, prob=0.015903
2025-11-21 08:15:18 | DEBUG    | logits_to_prob_map:180 | topk[2]: token_id=236789, text=''', logprob=-9.2662, prob=0.000095
2025-11-21 08:15:18 | DEBUG    | logits_to_prob_map:180 | topk[3]: token_id=2205, text='As', logprob=-10.2662, prob=0.000035
2025-11-21 08:15:18 | DEBUG    | logits_to_prob_map:180 | topk[4]: token_id=236746, text='a', logprob=-11.5162, prob=0.000010
2025-11-21 08:15:18 | DEBUG    | logits_to_prob_map:180 | topk[5]: token_id=107, text='
', logprob=-11.5162, prob=0.000010
2025-11-21 08:15:18 | DEBUG    | logits_to_prob_map:180 | topk[6]: token_id=236769, text='(', logprob=-11.8912, prob=0.000007
2025-11-21 08:15:18 | DEBUG    | logits_to_prob_map:180 | topk[7]: token_id=1018, text='**', logprob=-12.7662, prob=0.000003
2025-11-21 08:15:18 | DEBUG    | logits_to_prob_map:180 | topk[8]: token_id=236858, text='’', logprob=-13.1412, prob=0.000002
2025-11-21 08:15:18 | DEBUG    | logits_to_prob_map:180 | topk[9]: token_id=236775, text='"', logprob=-13.1412, prob=0.000002
2025-11-21 08:15:18 | DEBUG    | only_abt_probs:198 | only_abt_probs result: {'A': 0.9839082613045952, 'B': 0.015903398078527413, 'T': 2.495209508852228e-07}
2025-11-21 08:15:18 | DEBUG    | main:410 | RJ prompt (truncated): <bos><start_of_turn>user
You are an impartial and unbiased judge.

You will be given answers from two assistants (Assistant A and Assistant B) to a user prompt. Please act as an impartial judge and evaluate the quality of their answers. You must output only one of the following choices:
'A' if Assistant A's answer is better.
'T' if both answers are relatively the same in quality.
'B' if Assistant B's answer is better.
Do not think or reason. Just choose which answer you prefer: A or B or T.
Outp...<truncated 5278 chars>
2025-11-21 08:15:18 | DEBUG    | main:440 | RJ prompt length: 1906
2025-11-21 08:15:21 | DEBUG    | main:461 | RJ: Generated 8 steps
2025-11-21 08:15:21 | DEBUG    | main:467 | RJ: generated text='B's answer.

B<end_of_turn>'
2025-11-21 08:15:21 | DEBUG    | main:473 | RJ step 0: token_id=236799, text='B'
2025-11-21 08:15:21 | DEBUG    | main:476 | RJ: Found A/B/T at step 0
2025-11-21 08:15:21 | DEBUG    | main:483 | RJ step 0: extracting probs from logits
2025-11-21 08:15:21 | DEBUG    | logits_to_prob_map:157 | logits_to_prob_map: input shape=torch.Size([262208]), dtype=torch.float32
2025-11-21 08:15:21 | DEBUG    | logits_to_prob_map:170 | Top-k extraction: k=50, top logprobs range=[-14.8799, -0.0049]
2025-11-21 08:15:21 | DEBUG    | logits_to_prob_map:180 | topk[0]: token_id=236799, text='B', logprob=-0.0049, prob=0.995127
2025-11-21 08:15:21 | DEBUG    | logits_to_prob_map:180 | topk[1]: token_id=236776, text='A', logprob=-5.3799, prob=0.004608
2025-11-21 08:15:21 | DEBUG    | logits_to_prob_map:180 | topk[2]: token_id=236789, text=''', logprob=-9.3799, prob=0.000084
2025-11-21 08:15:21 | DEBUG    | logits_to_prob_map:180 | topk[3]: token_id=35343, text='Bs', logprob=-10.2549, prob=0.000035
2025-11-21 08:15:21 | DEBUG    | logits_to_prob_map:180 | topk[4]: token_id=236763, text='b', logprob=-10.6299, prob=0.000024
2025-11-21 08:15:21 | DEBUG    | logits_to_prob_map:180 | topk[5]: token_id=107, text='
', logprob=-11.3799, prob=0.000011
2025-11-21 08:15:21 | DEBUG    | logits_to_prob_map:180 | topk[6]: token_id=22186, text='Both', logprob=-11.5049, prob=0.000010
2025-11-21 08:15:21 | DEBUG    | logits_to_prob_map:180 | topk[7]: token_id=236774, text='T', logprob=-11.6299, prob=0.000009
2025-11-21 08:15:21 | DEBUG    | logits_to_prob_map:180 | topk[8]: token_id=14433, text='answer', logprob=-12.1299, prob=0.000005
2025-11-21 08:15:21 | DEBUG    | logits_to_prob_map:180 | topk[9]: token_id=7925, text='Answer', logprob=-12.1299, prob=0.000005
2025-11-21 08:15:21 | DEBUG    | only_abt_probs:198 | only_abt_probs result: {'A': 0.004608353151021346, 'B': 0.9951272192606909, 'T': 8.896214401587156e-06}
2025-11-21 08:15:21 | DEBUG    | main:544 | Row 53 complete: JR={'A': 0.9839082613045952, 'B': 0.015903398078527413, 'T': 2.495209508852228e-07}, RJ={'A': 0.004608353151021346, 'B': 0.9951272192606909, 'T': 8.896214401587156e-06}, combined_norm={'A': 0.9897372751298725, 'B': 0.010258150987912865, 'T': 4.573882214698548e-06}
2025-11-21 08:15:22 | DEBUG    | main:393 | ========== Row 54 ==========
2025-11-21 08:15:22 | DEBUG    | main:394 | Built msgs_jr with 2 messages
2025-11-21 08:15:22 | DEBUG    | main:396 | msgs_jr[0] role=system content=You are an impartial and unbiased judge.
2025-11-21 08:15:22 | DEBUG    | main:396 | msgs_jr[1] role=user content=You will be given answers from two assistants (Assistant A and Assistant B) to a user prompt. Please act as an impartial judge and evaluate the quality of their answers. You must output only one of the following choices:
'A' if Assistant A's answer is better.
'T' if both answers are relatively the s...<truncated 4898 chars>
2025-11-21 08:15:22 | DEBUG    | main:410 | JR prompt (truncated): <bos><start_of_turn>user
You are an impartial and unbiased judge.

You will be given answers from two assistants (Assistant A and Assistant B) to a user prompt. Please act as an impartial judge and evaluate the quality of their answers. You must output only one of the following choices:
'A' if Assistant A's answer is better.
'T' if both answers are relatively the same in quality.
'B' if Assistant B's answer is better.
Do not think or reason. Just choose which answer you prefer: A or B or T.
Outp...<truncated 5113 chars>
2025-11-21 08:15:22 | DEBUG    | main:440 | JR prompt length: 2059
2025-11-21 08:15:25 | DEBUG    | main:461 | JR: Generated 8 steps
2025-11-21 08:15:25 | DEBUG    | main:467 | JR: generated text='B's answer.

B<end_of_turn>'
2025-11-21 08:15:25 | DEBUG    | main:473 | JR step 0: token_id=236799, text='B'
2025-11-21 08:15:25 | DEBUG    | main:476 | JR: Found A/B/T at step 0
2025-11-21 08:15:25 | DEBUG    | main:483 | JR step 0: extracting probs from logits
2025-11-21 08:15:25 | DEBUG    | logits_to_prob_map:157 | logits_to_prob_map: input shape=torch.Size([262208]), dtype=torch.float32
2025-11-21 08:15:25 | DEBUG    | logits_to_prob_map:170 | Top-k extraction: k=50, top logprobs range=[-15.0022, -0.1272]
2025-11-21 08:15:25 | DEBUG    | logits_to_prob_map:180 | topk[0]: token_id=236799, text='B', logprob=-0.1272, prob=0.880556
2025-11-21 08:15:25 | DEBUG    | logits_to_prob_map:180 | topk[1]: token_id=236776, text='A', logprob=-2.1272, prob=0.119170
2025-11-21 08:15:25 | DEBUG    | logits_to_prob_map:180 | topk[2]: token_id=236789, text=''', logprob=-9.2522, prob=0.000096
2025-11-21 08:15:25 | DEBUG    | logits_to_prob_map:180 | topk[3]: token_id=236763, text='b', logprob=-10.6272, prob=0.000024
2025-11-21 08:15:25 | DEBUG    | logits_to_prob_map:180 | topk[4]: token_id=35343, text='Bs', logprob=-10.6272, prob=0.000024
2025-11-21 08:15:25 | DEBUG    | logits_to_prob_map:180 | topk[5]: token_id=107, text='
', logprob=-10.8772, prob=0.000019
2025-11-21 08:15:25 | DEBUG    | logits_to_prob_map:180 | topk[6]: token_id=22186, text='Both', logprob=-11.1272, prob=0.000015
2025-11-21 08:15:25 | DEBUG    | logits_to_prob_map:180 | topk[7]: token_id=2205, text='As', logprob=-11.1272, prob=0.000015
2025-11-21 08:15:25 | DEBUG    | logits_to_prob_map:180 | topk[8]: token_id=236746, text='a', logprob=-12.0022, prob=0.000006
2025-11-21 08:15:25 | DEBUG    | logits_to_prob_map:180 | topk[9]: token_id=1018, text='**', logprob=-12.0022, prob=0.000006
2025-11-21 08:15:25 | DEBUG    | only_abt_probs:198 | only_abt_probs result: {'A': 0.11917026216032643, 'B': 0.8805557261843184, 'T': 4.213562645677322e-06}
2025-11-21 08:15:25 | DEBUG    | main:410 | RJ prompt (truncated): <bos><start_of_turn>user
You are an impartial and unbiased judge.

You will be given answers from two assistants (Assistant A and Assistant B) to a user prompt. Please act as an impartial judge and evaluate the quality of their answers. You must output only one of the following choices:
'A' if Assistant A's answer is better.
'T' if both answers are relatively the same in quality.
'B' if Assistant B's answer is better.
Do not think or reason. Just choose which answer you prefer: A or B or T.
Outp...<truncated 5113 chars>
2025-11-21 08:15:25 | DEBUG    | main:440 | RJ prompt length: 2059
2025-11-21 08:15:28 | DEBUG    | main:461 | RJ: Generated 8 steps
2025-11-21 08:15:28 | DEBUG    | main:467 | RJ: generated text='B's answer.

B<end_of_turn>'
2025-11-21 08:15:28 | DEBUG    | main:473 | RJ step 0: token_id=236799, text='B'
2025-11-21 08:15:28 | DEBUG    | main:476 | RJ: Found A/B/T at step 0
2025-11-21 08:15:28 | DEBUG    | main:483 | RJ step 0: extracting probs from logits
2025-11-21 08:15:28 | DEBUG    | logits_to_prob_map:157 | logits_to_prob_map: input shape=torch.Size([262208]), dtype=torch.float32
2025-11-21 08:15:28 | DEBUG    | logits_to_prob_map:170 | Top-k extraction: k=50, top logprobs range=[-15.1550, -0.0300]
2025-11-21 08:15:28 | DEBUG    | logits_to_prob_map:180 | topk[0]: token_id=236799, text='B', logprob=-0.0300, prob=0.970487
2025-11-21 08:15:28 | DEBUG    | logits_to_prob_map:180 | topk[1]: token_id=236776, text='A', logprob=-3.5300, prob=0.029306
2025-11-21 08:15:28 | DEBUG    | logits_to_prob_map:180 | topk[2]: token_id=236789, text=''', logprob=-9.6550, prob=0.000064
2025-11-21 08:15:28 | DEBUG    | logits_to_prob_map:180 | topk[3]: token_id=236763, text='b', logprob=-10.4050, prob=0.000030
2025-11-21 08:15:28 | DEBUG    | logits_to_prob_map:180 | topk[4]: token_id=35343, text='Bs', logprob=-10.9050, prob=0.000018
2025-11-21 08:15:28 | DEBUG    | logits_to_prob_map:180 | topk[5]: token_id=107, text='
', logprob=-11.2800, prob=0.000013
2025-11-21 08:15:28 | DEBUG    | logits_to_prob_map:180 | topk[6]: token_id=22186, text='Both', logprob=-11.5300, prob=0.000010
2025-11-21 08:15:28 | DEBUG    | logits_to_prob_map:180 | topk[7]: token_id=2205, text='As', logprob=-12.2800, prob=0.000005
2025-11-21 08:15:28 | DEBUG    | logits_to_prob_map:180 | topk[8]: token_id=236746, text='a', logprob=-12.4050, prob=0.000004
2025-11-21 08:15:28 | DEBUG    | logits_to_prob_map:180 | topk[9]: token_id=236774, text='T', logprob=-12.4050, prob=0.000004
2025-11-21 08:15:28 | DEBUG    | only_abt_probs:198 | only_abt_probs result: {'A': 0.029306167375900017, 'B': 0.9704870899057368, 'T': 4.098224127882252e-06}
2025-11-21 08:15:28 | DEBUG    | main:544 | Row 54 complete: JR={'A': 0.11917026216032643, 'B': 0.8805557261843184, 'T': 4.213562645677322e-06}, RJ={'A': 0.029306167375900017, 'B': 0.9704870899057368, 'T': 4.098224127882252e-06}, combined_norm={'A': 0.5449574065765005, 'B': 0.4550384365481702, 'T': 4.156875329246865e-06}
2025-11-21 08:15:28 | DEBUG    | main:393 | ========== Row 55 ==========
2025-11-21 08:15:28 | DEBUG    | main:394 | Built msgs_jr with 2 messages
2025-11-21 08:15:28 | DEBUG    | main:396 | msgs_jr[0] role=system content=You are an impartial and unbiased judge.
2025-11-21 08:15:28 | DEBUG    | main:396 | msgs_jr[1] role=user content=You will be given answers from two assistants (Assistant A and Assistant B) to a user prompt. Please act as an impartial judge and evaluate the quality of their answers. You must output only one of the following choices:
'A' if Assistant A's answer is better.
'T' if both answers are relatively the s...<truncated 6612 chars>
2025-11-21 08:15:28 | DEBUG    | main:410 | JR prompt (truncated): <bos><start_of_turn>user
You are an impartial and unbiased judge.

You will be given answers from two assistants (Assistant A and Assistant B) to a user prompt. Please act as an impartial judge and evaluate the quality of their answers. You must output only one of the following choices:
'A' if Assistant A's answer is better.
'T' if both answers are relatively the same in quality.
'B' if Assistant B's answer is better.
Do not think or reason. Just choose which answer you prefer: A or B or T.
Outp...<truncated 6827 chars>
2025-11-21 08:15:28 | DEBUG    | main:440 | JR prompt length: 2263
2025-11-21 08:15:32 | DEBUG    | main:461 | JR: Generated 8 steps
2025-11-21 08:15:32 | DEBUG    | main:467 | JR: generated text='A's answer.

A<end_of_turn>'
2025-11-21 08:15:32 | DEBUG    | main:473 | JR step 0: token_id=236776, text='A'
2025-11-21 08:15:32 | DEBUG    | main:476 | JR: Found A/B/T at step 0
2025-11-21 08:15:32 | DEBUG    | main:483 | JR step 0: extracting probs from logits
2025-11-21 08:15:32 | DEBUG    | logits_to_prob_map:157 | logits_to_prob_map: input shape=torch.Size([262208]), dtype=torch.float32
2025-11-21 08:15:32 | DEBUG    | logits_to_prob_map:170 | Top-k extraction: k=50, top logprobs range=[-16.1871, -0.0621]
2025-11-21 08:15:32 | DEBUG    | logits_to_prob_map:180 | topk[0]: token_id=236776, text='A', logprob=-0.0621, prob=0.939818
2025-11-21 08:15:32 | DEBUG    | logits_to_prob_map:180 | topk[1]: token_id=236799, text='B', logprob=-2.8121, prob=0.060081
2025-11-21 08:15:32 | DEBUG    | logits_to_prob_map:180 | topk[2]: token_id=236789, text=''', logprob=-10.0621, prob=0.000043
2025-11-21 08:15:32 | DEBUG    | logits_to_prob_map:180 | topk[3]: token_id=2205, text='As', logprob=-11.0621, prob=0.000016
2025-11-21 08:15:32 | DEBUG    | logits_to_prob_map:180 | topk[4]: token_id=236746, text='a', logprob=-11.9371, prob=0.000007
2025-11-21 08:15:32 | DEBUG    | logits_to_prob_map:180 | topk[5]: token_id=107, text='
', logprob=-12.1871, prob=0.000005
2025-11-21 08:15:32 | DEBUG    | logits_to_prob_map:180 | topk[6]: token_id=236769, text='(', logprob=-12.5621, prob=0.000004
2025-11-21 08:15:32 | DEBUG    | logits_to_prob_map:180 | topk[7]: token_id=236795, text='$', logprob=-12.9371, prob=0.000002
2025-11-21 08:15:32 | DEBUG    | logits_to_prob_map:180 | topk[8]: token_id=236763, text='b', logprob=-12.9371, prob=0.000002
2025-11-21 08:15:32 | DEBUG    | logits_to_prob_map:180 | topk[9]: token_id=236775, text='"', logprob=-13.3121, prob=0.000002
2025-11-21 08:15:32 | DEBUG    | only_abt_probs:198 | only_abt_probs result: {'A': 0.9398178141541582, 'B': 0.06008054636391784, 'T': 6.896587415180442e-07}
2025-11-21 08:15:32 | DEBUG    | main:410 | RJ prompt (truncated): <bos><start_of_turn>user
You are an impartial and unbiased judge.

You will be given answers from two assistants (Assistant A and Assistant B) to a user prompt. Please act as an impartial judge and evaluate the quality of their answers. You must output only one of the following choices:
'A' if Assistant A's answer is better.
'T' if both answers are relatively the same in quality.
'B' if Assistant B's answer is better.
Do not think or reason. Just choose which answer you prefer: A or B or T.
Outp...<truncated 6827 chars>
2025-11-21 08:15:32 | DEBUG    | main:440 | RJ prompt length: 2263
2025-11-21 08:15:36 | DEBUG    | main:461 | RJ: Generated 8 steps
2025-11-21 08:15:36 | DEBUG    | main:467 | RJ: generated text='B's answer.

B<end_of_turn>'
2025-11-21 08:15:36 | DEBUG    | main:473 | RJ step 0: token_id=236799, text='B'
2025-11-21 08:15:36 | DEBUG    | main:476 | RJ: Found A/B/T at step 0
2025-11-21 08:15:36 | DEBUG    | main:483 | RJ step 0: extracting probs from logits
2025-11-21 08:15:36 | DEBUG    | logits_to_prob_map:157 | logits_to_prob_map: input shape=torch.Size([262208]), dtype=torch.float32
2025-11-21 08:15:36 | DEBUG    | logits_to_prob_map:170 | Top-k extraction: k=50, top logprobs range=[-15.0674, -0.0049]
2025-11-21 08:15:36 | DEBUG    | logits_to_prob_map:180 | topk[0]: token_id=236799, text='B', logprob=-0.0049, prob=0.995150
2025-11-21 08:15:36 | DEBUG    | logits_to_prob_map:180 | topk[1]: token_id=236776, text='A', logprob=-5.3799, prob=0.004608
2025-11-21 08:15:36 | DEBUG    | logits_to_prob_map:180 | topk[2]: token_id=236789, text=''', logprob=-9.6299, prob=0.000066
2025-11-21 08:15:36 | DEBUG    | logits_to_prob_map:180 | topk[3]: token_id=35343, text='Bs', logprob=-10.0049, prob=0.000045
2025-11-21 08:15:36 | DEBUG    | logits_to_prob_map:180 | topk[4]: token_id=236763, text='b', logprob=-10.3799, prob=0.000031
2025-11-21 08:15:36 | DEBUG    | logits_to_prob_map:180 | topk[5]: token_id=7925, text='Answer', logprob=-11.7549, prob=0.000008
2025-11-21 08:15:36 | DEBUG    | logits_to_prob_map:180 | topk[6]: token_id=236774, text='T', logprob=-11.8799, prob=0.000007
2025-11-21 08:15:36 | DEBUG    | logits_to_prob_map:180 | topk[7]: token_id=107, text='
', logprob=-12.0049, prob=0.000006
2025-11-21 08:15:36 | DEBUG    | logits_to_prob_map:180 | topk[8]: token_id=14433, text='answer', logprob=-12.0049, prob=0.000006
2025-11-21 08:15:36 | DEBUG    | logits_to_prob_map:180 | topk[9]: token_id=74314, text='Assistant', logprob=-12.0049, prob=0.000006
2025-11-21 08:15:36 | DEBUG    | only_abt_probs:198 | only_abt_probs result: {'A': 0.004608458629061427, 'B': 0.9951498858859775, 'T': 6.928537322146643e-06}
2025-11-21 08:15:36 | DEBUG    | main:544 | Row 55 complete: JR={'A': 0.9398178141541582, 'B': 0.06008054636391784, 'T': 6.896587415180442e-07}, RJ={'A': 0.004608458629061427, 'B': 0.9951498858859775, 'T': 6.928537322146643e-06}, combined_norm={'A': 0.9676462582056937, 'B': 0.03234993205685419, 'T': 3.809737452015128e-06}
2025-11-21 08:15:36 | DEBUG    | main:393 | ========== Row 56 ==========
2025-11-21 08:15:36 | DEBUG    | main:394 | Built msgs_jr with 2 messages
2025-11-21 08:15:36 | DEBUG    | main:396 | msgs_jr[0] role=system content=You are an impartial and unbiased judge.
2025-11-21 08:15:36 | DEBUG    | main:396 | msgs_jr[1] role=user content=You will be given answers from two assistants (Assistant A and Assistant B) to a user prompt. Please act as an impartial judge and evaluate the quality of their answers. You must output only one of the following choices:
'A' if Assistant A's answer is better.
'T' if both answers are relatively the s...<truncated 7557 chars>
2025-11-21 08:15:36 | DEBUG    | main:410 | JR prompt (truncated): <bos><start_of_turn>user
You are an impartial and unbiased judge.

You will be given answers from two assistants (Assistant A and Assistant B) to a user prompt. Please act as an impartial judge and evaluate the quality of their answers. You must output only one of the following choices:
'A' if Assistant A's answer is better.
'T' if both answers are relatively the same in quality.
'B' if Assistant B's answer is better.
Do not think or reason. Just choose which answer you prefer: A or B or T.
Outp...<truncated 7772 chars>
2025-11-21 08:15:36 | DEBUG    | main:440 | JR prompt length: 3437
2025-11-21 08:15:41 | DEBUG    | main:461 | JR: Generated 8 steps
2025-11-21 08:15:41 | DEBUG    | main:467 | JR: generated text='A's answer.

A<end_of_turn>'
2025-11-21 08:15:41 | DEBUG    | main:473 | JR step 0: token_id=236776, text='A'
2025-11-21 08:15:41 | DEBUG    | main:476 | JR: Found A/B/T at step 0
2025-11-21 08:15:41 | DEBUG    | main:483 | JR step 0: extracting probs from logits
2025-11-21 08:15:41 | DEBUG    | logits_to_prob_map:157 | logits_to_prob_map: input shape=torch.Size([262208]), dtype=torch.float32
2025-11-21 08:15:41 | DEBUG    | logits_to_prob_map:170 | Top-k extraction: k=50, top logprobs range=[-16.2576, -0.0701]
2025-11-21 08:15:41 | DEBUG    | logits_to_prob_map:180 | topk[0]: token_id=236776, text='A', logprob=-0.0701, prob=0.932319
2025-11-21 08:15:41 | DEBUG    | logits_to_prob_map:180 | topk[1]: token_id=236799, text='B', logprob=-2.6951, prob=0.067537
2025-11-21 08:15:41 | DEBUG    | logits_to_prob_map:180 | topk[2]: token_id=236789, text=''', logprob=-9.4451, prob=0.000079
2025-11-21 08:15:41 | DEBUG    | logits_to_prob_map:180 | topk[3]: token_id=2205, text='As', logprob=-10.8201, prob=0.000020
2025-11-21 08:15:41 | DEBUG    | logits_to_prob_map:180 | topk[4]: token_id=236746, text='a', logprob=-12.0701, prob=0.000006
2025-11-21 08:15:41 | DEBUG    | logits_to_prob_map:180 | topk[5]: token_id=107, text='
', logprob=-12.0701, prob=0.000006
2025-11-21 08:15:41 | DEBUG    | logits_to_prob_map:180 | topk[6]: token_id=236769, text='(', logprob=-12.4451, prob=0.000004
2025-11-21 08:15:41 | DEBUG    | logits_to_prob_map:180 | topk[7]: token_id=236858, text='’', logprob=-12.6951, prob=0.000003
2025-11-21 08:15:41 | DEBUG    | logits_to_prob_map:180 | topk[8]: token_id=236763, text='b', logprob=-12.9451, prob=0.000002
2025-11-21 08:15:41 | DEBUG    | logits_to_prob_map:180 | topk[9]: token_id=236775, text='"', logprob=-12.9451, prob=0.000002
2025-11-21 08:15:41 | DEBUG    | only_abt_probs:198 | only_abt_probs result: {'A': 0.9323185532722406, 'B': 0.06753692746480862, 'T': 2.086556070783267e-07}
2025-11-21 08:15:41 | DEBUG    | main:410 | RJ prompt (truncated): <bos><start_of_turn>user
You are an impartial and unbiased judge.

You will be given answers from two assistants (Assistant A and Assistant B) to a user prompt. Please act as an impartial judge and evaluate the quality of their answers. You must output only one of the following choices:
'A' if Assistant A's answer is better.
'T' if both answers are relatively the same in quality.
'B' if Assistant B's answer is better.
Do not think or reason. Just choose which answer you prefer: A or B or T.
Outp...<truncated 7772 chars>
2025-11-21 08:15:41 | DEBUG    | main:440 | RJ prompt length: 3437
2025-11-21 08:15:45 | DEBUG    | main:461 | RJ: Generated 8 steps
2025-11-21 08:15:45 | DEBUG    | main:467 | RJ: generated text='B's answer.

B<end_of_turn>'
2025-11-21 08:15:45 | DEBUG    | main:473 | RJ step 0: token_id=236799, text='B'
2025-11-21 08:15:45 | DEBUG    | main:476 | RJ: Found A/B/T at step 0
2025-11-21 08:15:45 | DEBUG    | main:483 | RJ step 0: extracting probs from logits
2025-11-21 08:15:45 | DEBUG    | logits_to_prob_map:157 | logits_to_prob_map: input shape=torch.Size([262208]), dtype=torch.float32
2025-11-21 08:15:45 | DEBUG    | logits_to_prob_map:170 | Top-k extraction: k=50, top logprobs range=[-15.0668, -0.0043]
2025-11-21 08:15:45 | DEBUG    | logits_to_prob_map:180 | topk[0]: token_id=236799, text='B', logprob=-0.0043, prob=0.995688
2025-11-21 08:15:45 | DEBUG    | logits_to_prob_map:180 | topk[1]: token_id=236776, text='A', logprob=-5.5043, prob=0.004069
2025-11-21 08:15:45 | DEBUG    | logits_to_prob_map:180 | topk[2]: token_id=236789, text=''', logprob=-9.3793, prob=0.000084
2025-11-21 08:15:45 | DEBUG    | logits_to_prob_map:180 | topk[3]: token_id=35343, text='Bs', logprob=-10.2543, prob=0.000035
2025-11-21 08:15:45 | DEBUG    | logits_to_prob_map:180 | topk[4]: token_id=236763, text='b', logprob=-10.7543, prob=0.000021
2025-11-21 08:15:45 | DEBUG    | logits_to_prob_map:180 | topk[5]: token_id=107, text='
', logprob=-11.5043, prob=0.000010
2025-11-21 08:15:45 | DEBUG    | logits_to_prob_map:180 | topk[6]: token_id=22186, text='Both', logprob=-12.1293, prob=0.000005
2025-11-21 08:15:45 | DEBUG    | logits_to_prob_map:180 | topk[7]: token_id=236774, text='T', logprob=-12.1293, prob=0.000005
2025-11-21 08:15:45 | DEBUG    | logits_to_prob_map:180 | topk[8]: token_id=7925, text='Answer', logprob=-12.2543, prob=0.000005
2025-11-21 08:15:45 | DEBUG    | logits_to_prob_map:180 | topk[9]: token_id=74314, text='Assistant', logprob=-12.2543, prob=0.000005
2025-11-21 08:15:45 | DEBUG    | only_abt_probs:198 | only_abt_probs result: {'A': 0.004069150196214578, 'B': 0.9956883929549505, 'T': 5.398868851247145e-06}
2025-11-21 08:15:45 | DEBUG    | main:544 | Row 56 complete: JR={'A': 0.9323185532722406, 'B': 0.06753692746480862, 'T': 2.086556070783267e-07}, RJ={'A': 0.004069150196214578, 'B': 0.9956883929549505, 'T': 5.398868851247145e-06}, combined_norm={'A': 0.9641873284932888, 'B': 0.03580986720974668, 'T': 2.8042969645486436e-06}
2025-11-21 08:15:46 | DEBUG    | main:393 | ========== Row 57 ==========
2025-11-21 08:15:46 | DEBUG    | main:394 | Built msgs_jr with 2 messages
2025-11-21 08:15:46 | DEBUG    | main:396 | msgs_jr[0] role=system content=You are an impartial and unbiased judge.
2025-11-21 08:15:46 | DEBUG    | main:396 | msgs_jr[1] role=user content=You will be given answers from two assistants (Assistant A and Assistant B) to a user prompt. Please act as an impartial judge and evaluate the quality of their answers. You must output only one of the following choices:
'A' if Assistant A's answer is better.
'T' if both answers are relatively the s...<truncated 6585 chars>
2025-11-21 08:15:46 | DEBUG    | main:410 | JR prompt (truncated): <bos><start_of_turn>user
You are an impartial and unbiased judge.

You will be given answers from two assistants (Assistant A and Assistant B) to a user prompt. Please act as an impartial judge and evaluate the quality of their answers. You must output only one of the following choices:
'A' if Assistant A's answer is better.
'T' if both answers are relatively the same in quality.
'B' if Assistant B's answer is better.
Do not think or reason. Just choose which answer you prefer: A or B or T.
Outp...<truncated 6800 chars>
2025-11-21 08:15:46 | DEBUG    | main:440 | JR prompt length: 2895
2025-11-21 08:15:50 | DEBUG    | main:461 | JR: Generated 8 steps
2025-11-21 08:15:50 | DEBUG    | main:467 | JR: generated text='A's answer.

A<end_of_turn>'
2025-11-21 08:15:50 | DEBUG    | main:473 | JR step 0: token_id=236776, text='A'
2025-11-21 08:15:50 | DEBUG    | main:476 | JR: Found A/B/T at step 0
2025-11-21 08:15:50 | DEBUG    | main:483 | JR step 0: extracting probs from logits
2025-11-21 08:15:50 | DEBUG    | logits_to_prob_map:157 | logits_to_prob_map: input shape=torch.Size([262208]), dtype=torch.float32
2025-11-21 08:15:50 | DEBUG    | logits_to_prob_map:170 | Top-k extraction: k=50, top logprobs range=[-15.2588, -0.0088]
2025-11-21 08:15:50 | DEBUG    | logits_to_prob_map:180 | topk[0]: token_id=236776, text='A', logprob=-0.0088, prob=0.991204
2025-11-21 08:15:50 | DEBUG    | logits_to_prob_map:180 | topk[1]: token_id=236799, text='B', logprob=-4.7588, prob=0.008576
2025-11-21 08:15:50 | DEBUG    | logits_to_prob_map:180 | topk[2]: token_id=236789, text=''', logprob=-9.3838, prob=0.000084
2025-11-21 08:15:50 | DEBUG    | logits_to_prob_map:180 | topk[3]: token_id=2205, text='As', logprob=-10.1338, prob=0.000040
2025-11-21 08:15:50 | DEBUG    | logits_to_prob_map:180 | topk[4]: token_id=236746, text='a', logprob=-10.8838, prob=0.000019
2025-11-21 08:15:50 | DEBUG    | logits_to_prob_map:180 | topk[5]: token_id=107, text='
', logprob=-11.5088, prob=0.000010
2025-11-21 08:15:50 | DEBUG    | logits_to_prob_map:180 | topk[6]: token_id=236769, text='(', logprob=-11.8838, prob=0.000007
2025-11-21 08:15:50 | DEBUG    | logits_to_prob_map:180 | topk[7]: token_id=236858, text='’', logprob=-12.5088, prob=0.000004
2025-11-21 08:15:50 | DEBUG    | logits_to_prob_map:180 | topk[8]: token_id=236780, text='C', logprob=-12.5088, prob=0.000004
2025-11-21 08:15:50 | DEBUG    | logits_to_prob_map:180 | topk[9]: token_id=236775, text='"', logprob=-12.5088, prob=0.000004
2025-11-21 08:15:50 | DEBUG    | only_abt_probs:198 | only_abt_probs result: {'A': 0.9912039979454307, 'B': 0.008575595529243401, 'T': 5.321529766383985e-07}
2025-11-21 08:15:50 | DEBUG    | main:410 | RJ prompt (truncated): <bos><start_of_turn>user
You are an impartial and unbiased judge.

You will be given answers from two assistants (Assistant A and Assistant B) to a user prompt. Please act as an impartial judge and evaluate the quality of their answers. You must output only one of the following choices:
'A' if Assistant A's answer is better.
'T' if both answers are relatively the same in quality.
'B' if Assistant B's answer is better.
Do not think or reason. Just choose which answer you prefer: A or B or T.
Outp...<truncated 6800 chars>
2025-11-21 08:15:50 | DEBUG    | main:440 | RJ prompt length: 2895
2025-11-21 08:15:54 | DEBUG    | main:461 | RJ: Generated 8 steps
2025-11-21 08:15:54 | DEBUG    | main:467 | RJ: generated text='B's answer.

B<end_of_turn>'
2025-11-21 08:15:54 | DEBUG    | main:473 | RJ step 0: token_id=236799, text='B'
2025-11-21 08:15:54 | DEBUG    | main:476 | RJ: Found A/B/T at step 0
2025-11-21 08:15:54 | DEBUG    | main:483 | RJ step 0: extracting probs from logits
2025-11-21 08:15:54 | DEBUG    | logits_to_prob_map:157 | logits_to_prob_map: input shape=torch.Size([262208]), dtype=torch.float32
2025-11-21 08:15:54 | DEBUG    | logits_to_prob_map:170 | Top-k extraction: k=50, top logprobs range=[-14.8270, -0.0145]
2025-11-21 08:15:54 | DEBUG    | logits_to_prob_map:180 | topk[0]: token_id=236799, text='B', logprob=-0.0145, prob=0.985626
2025-11-21 08:15:54 | DEBUG    | logits_to_prob_map:180 | topk[1]: token_id=236776, text='A', logprob=-4.2645, prob=0.014059
2025-11-21 08:15:54 | DEBUG    | logits_to_prob_map:180 | topk[2]: token_id=236789, text=''', logprob=-9.2645, prob=0.000095
2025-11-21 08:15:54 | DEBUG    | logits_to_prob_map:180 | topk[3]: token_id=236763, text='b', logprob=-10.2645, prob=0.000035
2025-11-21 08:15:54 | DEBUG    | logits_to_prob_map:180 | topk[4]: token_id=35343, text='Bs', logprob=-10.2645, prob=0.000035
2025-11-21 08:15:54 | DEBUG    | logits_to_prob_map:180 | topk[5]: token_id=7925, text='Answer', logprob=-11.2645, prob=0.000013
2025-11-21 08:15:54 | DEBUG    | logits_to_prob_map:180 | topk[6]: token_id=14433, text='answer', logprob=-11.3895, prob=0.000011
2025-11-21 08:15:54 | DEBUG    | logits_to_prob_map:180 | topk[7]: token_id=107, text='
', logprob=-11.3895, prob=0.000011
2025-11-21 08:15:54 | DEBUG    | logits_to_prob_map:180 | topk[8]: token_id=236774, text='T', logprob=-11.3895, prob=0.000011
2025-11-21 08:15:54 | DEBUG    | logits_to_prob_map:180 | topk[9]: token_id=74314, text='Assistant', logprob=-11.8895, prob=0.000007
2025-11-21 08:15:54 | DEBUG    | only_abt_probs:198 | only_abt_probs result: {'A': 0.014059207921311661, 'B': 0.9856263840862005, 'T': 1.131390871048494e-05}
2025-11-21 08:15:54 | DEBUG    | main:544 | Row 57 complete: JR={'A': 0.9912039979454307, 'B': 0.008575595529243401, 'T': 5.321529766383985e-07}, RJ={'A': 0.014059207921311661, 'B': 0.9856263840862005, 'T': 1.131390871048494e-05}, combined_norm={'A': 0.9886737135986224, 'B': 0.011320361821349783, 'T': 5.9245800277968366e-06}
2025-11-21 08:15:54 | DEBUG    | main:393 | ========== Row 58 ==========
2025-11-21 08:15:54 | DEBUG    | main:394 | Built msgs_jr with 2 messages
2025-11-21 08:15:54 | DEBUG    | main:396 | msgs_jr[0] role=system content=You are an impartial and unbiased judge.
2025-11-21 08:15:54 | DEBUG    | main:396 | msgs_jr[1] role=user content=You will be given answers from two assistants (Assistant A and Assistant B) to a user prompt. Please act as an impartial judge and evaluate the quality of their answers. You must output only one of the following choices:
'A' if Assistant A's answer is better.
'T' if both answers are relatively the s...<truncated 2807 chars>
2025-11-21 08:15:54 | DEBUG    | main:410 | JR prompt (truncated): <bos><start_of_turn>user
You are an impartial and unbiased judge.

You will be given answers from two assistants (Assistant A and Assistant B) to a user prompt. Please act as an impartial judge and evaluate the quality of their answers. You must output only one of the following choices:
'A' if Assistant A's answer is better.
'T' if both answers are relatively the same in quality.
'B' if Assistant B's answer is better.
Do not think or reason. Just choose which answer you prefer: A or B or T.
Outp...<truncated 3022 chars>
2025-11-21 08:15:54 | DEBUG    | main:440 | JR prompt length: 947
2025-11-21 08:15:55 | DEBUG    | main:461 | JR: Generated 8 steps
2025-11-21 08:15:55 | DEBUG    | main:467 | JR: generated text='A's answer.
A<end_of_turn>'
2025-11-21 08:15:55 | DEBUG    | main:473 | JR step 0: token_id=236776, text='A'
2025-11-21 08:15:55 | DEBUG    | main:476 | JR: Found A/B/T at step 0
2025-11-21 08:15:55 | DEBUG    | main:483 | JR step 0: extracting probs from logits
2025-11-21 08:15:55 | DEBUG    | logits_to_prob_map:157 | logits_to_prob_map: input shape=torch.Size([262208]), dtype=torch.float32
2025-11-21 08:15:55 | DEBUG    | logits_to_prob_map:170 | Top-k extraction: k=50, top logprobs range=[-18.8259, -0.5759]
2025-11-21 08:15:55 | DEBUG    | logits_to_prob_map:180 | topk[0]: token_id=236776, text='A', logprob=-0.5759, prob=0.562171
2025-11-21 08:15:55 | DEBUG    | logits_to_prob_map:180 | topk[1]: token_id=236799, text='B', logprob=-0.8259, prob=0.437819
2025-11-21 08:15:55 | DEBUG    | logits_to_prob_map:180 | topk[2]: token_id=107, text='
', logprob=-12.8259, prob=0.000003
2025-11-21 08:15:55 | DEBUG    | logits_to_prob_map:180 | topk[3]: token_id=236789, text=''', logprob=-13.2009, prob=0.000002
2025-11-21 08:15:55 | DEBUG    | logits_to_prob_map:180 | topk[4]: token_id=236763, text='b', logprob=-14.0759, prob=0.000001
2025-11-21 08:15:55 | DEBUG    | logits_to_prob_map:180 | topk[5]: token_id=2205, text='As', logprob=-14.4509, prob=0.000001
2025-11-21 08:15:55 | DEBUG    | logits_to_prob_map:180 | topk[6]: token_id=236769, text='(', logprob=-14.4509, prob=0.000001
2025-11-21 08:15:55 | DEBUG    | logits_to_prob_map:180 | topk[7]: token_id=22186, text='Both', logprob=-14.5759, prob=0.000000
2025-11-21 08:15:55 | DEBUG    | logits_to_prob_map:180 | topk[8]: token_id=236746, text='a', logprob=-14.5759, prob=0.000000
2025-11-21 08:15:55 | DEBUG    | logits_to_prob_map:180 | topk[9]: token_id=1018, text='**', logprob=-14.9509, prob=0.000000
2025-11-21 08:15:55 | DEBUG    | only_abt_probs:198 | only_abt_probs result: {'A': 0.5621711077532919, 'B': 0.4378192989383829, 'T': 2.5021414263034377e-07}
2025-11-21 08:15:55 | DEBUG    | main:410 | RJ prompt (truncated): <bos><start_of_turn>user
You are an impartial and unbiased judge.

You will be given answers from two assistants (Assistant A and Assistant B) to a user prompt. Please act as an impartial judge and evaluate the quality of their answers. You must output only one of the following choices:
'A' if Assistant A's answer is better.
'T' if both answers are relatively the same in quality.
'B' if Assistant B's answer is better.
Do not think or reason. Just choose which answer you prefer: A or B or T.
Outp...<truncated 3022 chars>
2025-11-21 08:15:55 | DEBUG    | main:440 | RJ prompt length: 947
2025-11-21 08:15:57 | DEBUG    | main:461 | RJ: Generated 8 steps
2025-11-21 08:15:57 | DEBUG    | main:467 | RJ: generated text='A's answer.
A<end_of_turn>'
2025-11-21 08:15:57 | DEBUG    | main:473 | RJ step 0: token_id=236776, text='A'
2025-11-21 08:15:57 | DEBUG    | main:476 | RJ: Found A/B/T at step 0
2025-11-21 08:15:57 | DEBUG    | main:483 | RJ step 0: extracting probs from logits
2025-11-21 08:15:57 | DEBUG    | logits_to_prob_map:157 | logits_to_prob_map: input shape=torch.Size([262208]), dtype=torch.float32
2025-11-21 08:15:57 | DEBUG    | logits_to_prob_map:170 | Top-k extraction: k=50, top logprobs range=[-17.3983, -0.0233]
2025-11-21 08:15:57 | DEBUG    | logits_to_prob_map:180 | topk[0]: token_id=236776, text='A', logprob=-0.0233, prob=0.976990
2025-11-21 08:15:57 | DEBUG    | logits_to_prob_map:180 | topk[1]: token_id=236799, text='B', logprob=-3.7733, prob=0.022977
2025-11-21 08:15:57 | DEBUG    | logits_to_prob_map:180 | topk[2]: token_id=236789, text=''', logprob=-11.2733, prob=0.000013
2025-11-21 08:15:57 | DEBUG    | logits_to_prob_map:180 | topk[3]: token_id=107, text='
', logprob=-12.1483, prob=0.000005
2025-11-21 08:15:57 | DEBUG    | logits_to_prob_map:180 | topk[4]: token_id=2205, text='As', logprob=-12.7733, prob=0.000003
2025-11-21 08:15:57 | DEBUG    | logits_to_prob_map:180 | topk[5]: token_id=236746, text='a', logprob=-12.8983, prob=0.000003
2025-11-21 08:15:57 | DEBUG    | logits_to_prob_map:180 | topk[6]: token_id=236769, text='(', logprob=-13.2733, prob=0.000002
2025-11-21 08:15:57 | DEBUG    | logits_to_prob_map:180 | topk[7]: token_id=22186, text='Both', logprob=-14.1483, prob=0.000001
2025-11-21 08:15:57 | DEBUG    | logits_to_prob_map:180 | topk[8]: token_id=1018, text='**', logprob=-14.3983, prob=0.000001
2025-11-21 08:15:57 | DEBUG    | logits_to_prob_map:180 | topk[9]: token_id=27413, text='both', logprob=-14.6483, prob=0.000000
2025-11-21 08:15:57 | DEBUG    | only_abt_probs:198 | only_abt_probs result: {'A': 0.9769901038922565, 'B': 0.022976605951511065, 'T': 2.637460337817605e-07}
2025-11-21 08:15:57 | DEBUG    | main:544 | Row 58 complete: JR={'A': 0.5621711077532919, 'B': 0.4378192989383829, 'T': 2.5021414263034377e-07}, RJ={'A': 0.9769901038922565, 'B': 0.022976605951511065, 'T': 2.637460337817605e-07}, combined_norm={'A': 0.2925800550883645, 'B': 0.7074196879261032, 'T': 2.5698553238087214e-07}
2025-11-21 08:15:57 | DEBUG    | main:393 | ========== Row 59 ==========
2025-11-21 08:15:57 | DEBUG    | main:394 | Built msgs_jr with 2 messages
2025-11-21 08:15:57 | DEBUG    | main:396 | msgs_jr[0] role=system content=You are an impartial and unbiased judge.
2025-11-21 08:15:57 | DEBUG    | main:396 | msgs_jr[1] role=user content=You will be given answers from two assistants (Assistant A and Assistant B) to a user prompt. Please act as an impartial judge and evaluate the quality of their answers. You must output only one of the following choices:
'A' if Assistant A's answer is better.
'T' if both answers are relatively the s...<truncated 6732 chars>
2025-11-21 08:15:57 | DEBUG    | main:410 | JR prompt (truncated): <bos><start_of_turn>user
You are an impartial and unbiased judge.

You will be given answers from two assistants (Assistant A and Assistant B) to a user prompt. Please act as an impartial judge and evaluate the quality of their answers. You must output only one of the following choices:
'A' if Assistant A's answer is better.
'T' if both answers are relatively the same in quality.
'B' if Assistant B's answer is better.
Do not think or reason. Just choose which answer you prefer: A or B or T.
Outp...<truncated 6947 chars>
2025-11-21 08:15:57 | DEBUG    | main:440 | JR prompt length: 2941
2025-11-21 08:16:01 | DEBUG    | main:461 | JR: Generated 8 steps
2025-11-21 08:16:01 | DEBUG    | main:467 | JR: generated text='B's answer.

B<end_of_turn>'
2025-11-21 08:16:01 | DEBUG    | main:473 | JR step 0: token_id=236799, text='B'
2025-11-21 08:16:01 | DEBUG    | main:476 | JR: Found A/B/T at step 0
2025-11-21 08:16:01 | DEBUG    | main:483 | JR step 0: extracting probs from logits
2025-11-21 08:16:01 | DEBUG    | logits_to_prob_map:157 | logits_to_prob_map: input shape=torch.Size([262208]), dtype=torch.float32
2025-11-21 08:16:01 | DEBUG    | logits_to_prob_map:170 | Top-k extraction: k=50, top logprobs range=[-15.3828, -0.0078]
2025-11-21 08:16:01 | DEBUG    | logits_to_prob_map:180 | topk[0]: token_id=236799, text='B', logprob=-0.0078, prob=0.992238
2025-11-21 08:16:01 | DEBUG    | logits_to_prob_map:180 | topk[1]: token_id=236776, text='A', logprob=-4.8828, prob=0.007576
2025-11-21 08:16:01 | DEBUG    | logits_to_prob_map:180 | topk[2]: token_id=236789, text=''', logprob=-9.7578, prob=0.000058
2025-11-21 08:16:01 | DEBUG    | logits_to_prob_map:180 | topk[3]: token_id=35343, text='Bs', logprob=-10.3828, prob=0.000031
2025-11-21 08:16:01 | DEBUG    | logits_to_prob_map:180 | topk[4]: token_id=236763, text='b', logprob=-11.0078, prob=0.000017
2025-11-21 08:16:01 | DEBUG    | logits_to_prob_map:180 | topk[5]: token_id=107, text='
', logprob=-11.5078, prob=0.000010
2025-11-21 08:16:01 | DEBUG    | logits_to_prob_map:180 | topk[6]: token_id=74314, text='Assistant', logprob=-12.1328, prob=0.000005
2025-11-21 08:16:01 | DEBUG    | logits_to_prob_map:180 | topk[7]: token_id=236775, text='"', logprob=-12.3828, prob=0.000004
2025-11-21 08:16:01 | DEBUG    | logits_to_prob_map:180 | topk[8]: token_id=7925, text='Answer', logprob=-12.3828, prob=0.000004
2025-11-21 08:16:01 | DEBUG    | logits_to_prob_map:180 | topk[9]: token_id=22186, text='Both', logprob=-12.5078, prob=0.000004
2025-11-21 08:16:01 | DEBUG    | only_abt_probs:198 | only_abt_probs result: {'A': 0.007575829165088367, 'B': 0.9922379682493148, 'T': 3.263231901537553e-06}
2025-11-21 08:16:01 | DEBUG    | main:410 | RJ prompt (truncated): <bos><start_of_turn>user
You are an impartial and unbiased judge.

You will be given answers from two assistants (Assistant A and Assistant B) to a user prompt. Please act as an impartial judge and evaluate the quality of their answers. You must output only one of the following choices:
'A' if Assistant A's answer is better.
'T' if both answers are relatively the same in quality.
'B' if Assistant B's answer is better.
Do not think or reason. Just choose which answer you prefer: A or B or T.
Outp...<truncated 6947 chars>
2025-11-21 08:16:01 | DEBUG    | main:440 | RJ prompt length: 2941
2025-11-21 08:16:05 | DEBUG    | main:461 | RJ: Generated 8 steps
2025-11-21 08:16:05 | DEBUG    | main:467 | RJ: generated text='A's answer.

A<end_of_turn>'
2025-11-21 08:16:05 | DEBUG    | main:473 | RJ step 0: token_id=236776, text='A'
2025-11-21 08:16:05 | DEBUG    | main:476 | RJ: Found A/B/T at step 0
2025-11-21 08:16:05 | DEBUG    | main:483 | RJ step 0: extracting probs from logits
2025-11-21 08:16:05 | DEBUG    | logits_to_prob_map:157 | logits_to_prob_map: input shape=torch.Size([262208]), dtype=torch.float32
2025-11-21 08:16:05 | DEBUG    | logits_to_prob_map:170 | Top-k extraction: k=50, top logprobs range=[-15.4516, -0.2016]
2025-11-21 08:16:05 | DEBUG    | logits_to_prob_map:180 | topk[0]: token_id=236776, text='A', logprob=-0.2016, prob=0.817414
2025-11-21 08:16:05 | DEBUG    | logits_to_prob_map:180 | topk[1]: token_id=236799, text='B', logprob=-1.7016, prob=0.182390
2025-11-21 08:16:05 | DEBUG    | logits_to_prob_map:180 | topk[2]: token_id=236789, text=''', logprob=-9.5766, prob=0.000069
2025-11-21 08:16:05 | DEBUG    | logits_to_prob_map:180 | topk[3]: token_id=2205, text='As', logprob=-10.8266, prob=0.000020
2025-11-21 08:16:05 | DEBUG    | logits_to_prob_map:180 | topk[4]: token_id=236746, text='a', logprob=-11.0766, prob=0.000015
2025-11-21 08:16:05 | DEBUG    | logits_to_prob_map:180 | topk[5]: token_id=236769, text='(', logprob=-11.2016, prob=0.000014
2025-11-21 08:16:05 | DEBUG    | logits_to_prob_map:180 | topk[6]: token_id=107, text='
', logprob=-11.4516, prob=0.000011
2025-11-21 08:16:05 | DEBUG    | logits_to_prob_map:180 | topk[7]: token_id=236763, text='b', logprob=-11.5766, prob=0.000009
2025-11-21 08:16:05 | DEBUG    | logits_to_prob_map:180 | topk[8]: token_id=236775, text='"', logprob=-11.9516, prob=0.000006
2025-11-21 08:16:05 | DEBUG    | logits_to_prob_map:180 | topk[9]: token_id=35343, text='Bs', logprob=-12.4516, prob=0.000004
2025-11-21 08:16:05 | DEBUG    | only_abt_probs:198 | only_abt_probs result: {'A': 0.8174138285033742, 'B': 0.18238966759022737, 'T': 1.966786409257156e-06}
2025-11-21 08:16:05 | DEBUG    | main:544 | Row 59 complete: JR={'A': 0.007575829165088367, 'B': 0.9922379682493148, 'T': 3.263231901537553e-06}, RJ={'A': 0.8174138285033742, 'B': 0.18238966759022737, 'T': 1.966786409257156e-06}, combined_norm={'A': 0.09500067863824287, 'B': 0.9049967058589563, 'T': 2.6155028007844306e-06}
2025-11-21 08:16:06 | INFO     | main:391 | Processing row 60/970
2025-11-21 08:16:06 | DEBUG    | main:393 | ========== Row 60 ==========
2025-11-21 08:16:06 | DEBUG    | main:394 | Built msgs_jr with 2 messages
2025-11-21 08:16:06 | DEBUG    | main:396 | msgs_jr[0] role=system content=You are an impartial and unbiased judge.
2025-11-21 08:16:06 | DEBUG    | main:396 | msgs_jr[1] role=user content=You will be given answers from two assistants (Assistant A and Assistant B) to a user prompt. Please act as an impartial judge and evaluate the quality of their answers. You must output only one of the following choices:
'A' if Assistant A's answer is better.
'T' if both answers are relatively the s...<truncated 4037 chars>
2025-11-21 08:16:06 | DEBUG    | main:410 | JR prompt (truncated): <bos><start_of_turn>user
You are an impartial and unbiased judge.

You will be given answers from two assistants (Assistant A and Assistant B) to a user prompt. Please act as an impartial judge and evaluate the quality of their answers. You must output only one of the following choices:
'A' if Assistant A's answer is better.
'T' if both answers are relatively the same in quality.
'B' if Assistant B's answer is better.
Do not think or reason. Just choose which answer you prefer: A or B or T.
Outp...<truncated 4252 chars>
2025-11-21 08:16:06 | DEBUG    | main:440 | JR prompt length: 1519
2025-11-21 08:16:08 | DEBUG    | main:461 | JR: Generated 8 steps
2025-11-21 08:16:08 | DEBUG    | main:467 | JR: generated text='A's answer.

A<end_of_turn>'
2025-11-21 08:16:08 | DEBUG    | main:473 | JR step 0: token_id=236776, text='A'
2025-11-21 08:16:08 | DEBUG    | main:476 | JR: Found A/B/T at step 0
2025-11-21 08:16:08 | DEBUG    | main:483 | JR step 0: extracting probs from logits
2025-11-21 08:16:08 | DEBUG    | logits_to_prob_map:157 | logits_to_prob_map: input shape=torch.Size([262208]), dtype=torch.float32
2025-11-21 08:16:08 | DEBUG    | logits_to_prob_map:170 | Top-k extraction: k=50, top logprobs range=[-16.3134, -0.3134]
2025-11-21 08:16:08 | DEBUG    | logits_to_prob_map:180 | topk[0]: token_id=236776, text='A', logprob=-0.3134, prob=0.730978
2025-11-21 08:16:08 | DEBUG    | logits_to_prob_map:180 | topk[1]: token_id=236799, text='B', logprob=-1.3134, prob=0.268912
2025-11-21 08:16:08 | DEBUG    | logits_to_prob_map:180 | topk[2]: token_id=236789, text=''', logprob=-10.0634, prob=0.000043
2025-11-21 08:16:08 | DEBUG    | logits_to_prob_map:180 | topk[3]: token_id=2205, text='As', logprob=-10.9384, prob=0.000018
2025-11-21 08:16:08 | DEBUG    | logits_to_prob_map:180 | topk[4]: token_id=107, text='
', logprob=-11.5634, prob=0.000010
2025-11-21 08:16:08 | DEBUG    | logits_to_prob_map:180 | topk[5]: token_id=236769, text='(', logprob=-12.0634, prob=0.000006
2025-11-21 08:16:08 | DEBUG    | logits_to_prob_map:180 | topk[6]: token_id=35343, text='Bs', logprob=-12.0634, prob=0.000006
2025-11-21 08:16:08 | DEBUG    | logits_to_prob_map:180 | topk[7]: token_id=236746, text='a', logprob=-12.1884, prob=0.000005
2025-11-21 08:16:08 | DEBUG    | logits_to_prob_map:180 | topk[8]: token_id=236763, text='b', logprob=-12.3134, prob=0.000004
2025-11-21 08:16:08 | DEBUG    | logits_to_prob_map:180 | topk[9]: token_id=432, text='�', logprob=-13.4384, prob=0.000001
2025-11-21 08:16:08 | DEBUG    | only_abt_probs:198 | only_abt_probs result: {'A': 0.7309783404425131, 'B': 0.2689119114046194, 'T': 4.7337797867386976e-07}
2025-11-21 08:16:08 | DEBUG    | main:410 | RJ prompt (truncated): <bos><start_of_turn>user
You are an impartial and unbiased judge.

You will be given answers from two assistants (Assistant A and Assistant B) to a user prompt. Please act as an impartial judge and evaluate the quality of their answers. You must output only one of the following choices:
'A' if Assistant A's answer is better.
'T' if both answers are relatively the same in quality.
'B' if Assistant B's answer is better.
Do not think or reason. Just choose which answer you prefer: A or B or T.
Outp...<truncated 4252 chars>
2025-11-21 08:16:08 | DEBUG    | main:440 | RJ prompt length: 1519
2025-11-21 08:16:10 | DEBUG    | main:461 | RJ: Generated 8 steps
2025-11-21 08:16:10 | DEBUG    | main:467 | RJ: generated text='B's answer.

B<end_of_turn>'
2025-11-21 08:16:10 | DEBUG    | main:473 | RJ step 0: token_id=236799, text='B'
2025-11-21 08:16:10 | DEBUG    | main:476 | RJ: Found A/B/T at step 0
2025-11-21 08:16:10 | DEBUG    | main:483 | RJ step 0: extracting probs from logits
2025-11-21 08:16:10 | DEBUG    | logits_to_prob_map:157 | logits_to_prob_map: input shape=torch.Size([262208]), dtype=torch.float32
2025-11-21 08:16:10 | DEBUG    | logits_to_prob_map:170 | Top-k extraction: k=50, top logprobs range=[-15.2800, -0.0300]
2025-11-21 08:16:10 | DEBUG    | logits_to_prob_map:180 | topk[0]: token_id=236799, text='B', logprob=-0.0300, prob=0.970474
2025-11-21 08:16:10 | DEBUG    | logits_to_prob_map:180 | topk[1]: token_id=236776, text='A', logprob=-3.5300, prob=0.029306
2025-11-21 08:16:10 | DEBUG    | logits_to_prob_map:180 | topk[2]: token_id=236789, text=''', logprob=-9.6550, prob=0.000064
2025-11-21 08:16:10 | DEBUG    | logits_to_prob_map:180 | topk[3]: token_id=35343, text='Bs', logprob=-10.4050, prob=0.000030
2025-11-21 08:16:10 | DEBUG    | logits_to_prob_map:180 | topk[4]: token_id=236763, text='b', logprob=-11.0300, prob=0.000016
2025-11-21 08:16:10 | DEBUG    | logits_to_prob_map:180 | topk[5]: token_id=107, text='
', logprob=-11.2800, prob=0.000013
2025-11-21 08:16:10 | DEBUG    | logits_to_prob_map:180 | topk[6]: token_id=22186, text='Both', logprob=-11.2800, prob=0.000013
2025-11-21 08:16:10 | DEBUG    | logits_to_prob_map:180 | topk[7]: token_id=236774, text='T', logprob=-11.6550, prob=0.000009
2025-11-21 08:16:10 | DEBUG    | logits_to_prob_map:180 | topk[8]: token_id=2205, text='As', logprob=-11.7800, prob=0.000008
2025-11-21 08:16:10 | DEBUG    | logits_to_prob_map:180 | topk[9]: token_id=74314, text='Assistant', logprob=-12.2800, prob=0.000005
2025-11-21 08:16:10 | DEBUG    | only_abt_probs:198 | only_abt_probs result: {'A': 0.029305783086006464, 'B': 0.9704741795905413, 'T': 8.675824711279095e-06}
2025-11-21 08:16:10 | DEBUG    | main:544 | Row 60 complete: JR={'A': 0.7309783404425131, 'B': 0.2689119114046194, 'T': 4.7337797867386976e-07}, RJ={'A': 0.029305783086006464, 'B': 0.9704741795905413, 'T': 8.675824711279095e-06}, combined_norm={'A': 0.8508626687342641, 'B': 0.14913275593088185, 'T': 4.575334854135602e-06}
2025-11-21 08:16:10 | DEBUG    | main:393 | ========== Row 61 ==========
2025-11-21 08:16:10 | DEBUG    | main:394 | Built msgs_jr with 2 messages
2025-11-21 08:16:10 | DEBUG    | main:396 | msgs_jr[0] role=system content=You are an impartial and unbiased judge.
2025-11-21 08:16:10 | DEBUG    | main:396 | msgs_jr[1] role=user content=You will be given answers from two assistants (Assistant A and Assistant B) to a user prompt. Please act as an impartial judge and evaluate the quality of their answers. You must output only one of the following choices:
'A' if Assistant A's answer is better.
'T' if both answers are relatively the s...<truncated 6884 chars>
2025-11-21 08:16:10 | DEBUG    | main:410 | JR prompt (truncated): <bos><start_of_turn>user
You are an impartial and unbiased judge.

You will be given answers from two assistants (Assistant A and Assistant B) to a user prompt. Please act as an impartial judge and evaluate the quality of their answers. You must output only one of the following choices:
'A' if Assistant A's answer is better.
'T' if both answers are relatively the same in quality.
'B' if Assistant B's answer is better.
Do not think or reason. Just choose which answer you prefer: A or B or T.
Outp...<truncated 7099 chars>
2025-11-21 08:16:10 | DEBUG    | main:440 | JR prompt length: 3278
2025-11-21 08:16:15 | DEBUG    | main:461 | JR: Generated 8 steps
2025-11-21 08:16:15 | DEBUG    | main:467 | JR: generated text='B's answer.

B<end_of_turn>'
2025-11-21 08:16:15 | DEBUG    | main:473 | JR step 0: token_id=236799, text='B'
2025-11-21 08:16:15 | DEBUG    | main:476 | JR: Found A/B/T at step 0
2025-11-21 08:16:15 | DEBUG    | main:483 | JR step 0: extracting probs from logits
2025-11-21 08:16:15 | DEBUG    | logits_to_prob_map:157 | logits_to_prob_map: input shape=torch.Size([262208]), dtype=torch.float32
2025-11-21 08:16:15 | DEBUG    | logits_to_prob_map:170 | Top-k extraction: k=50, top logprobs range=[-15.3238, -0.0113]
2025-11-21 08:16:15 | DEBUG    | logits_to_prob_map:180 | topk[0]: token_id=236799, text='B', logprob=-0.0113, prob=0.988777
2025-11-21 08:16:15 | DEBUG    | logits_to_prob_map:180 | topk[1]: token_id=236776, text='A', logprob=-4.5113, prob=0.010984
2025-11-21 08:16:15 | DEBUG    | logits_to_prob_map:180 | topk[2]: token_id=236789, text=''', logprob=-9.6363, prob=0.000065
2025-11-21 08:16:15 | DEBUG    | logits_to_prob_map:180 | topk[3]: token_id=107, text='
', logprob=-9.8863, prob=0.000051
2025-11-21 08:16:15 | DEBUG    | logits_to_prob_map:180 | topk[4]: token_id=236763, text='b', logprob=-10.6363, prob=0.000024
2025-11-21 08:16:15 | DEBUG    | logits_to_prob_map:180 | topk[5]: token_id=35343, text='Bs', logprob=-10.8863, prob=0.000019
2025-11-21 08:16:15 | DEBUG    | logits_to_prob_map:180 | topk[6]: token_id=236774, text='T', logprob=-11.8863, prob=0.000007
2025-11-21 08:16:15 | DEBUG    | logits_to_prob_map:180 | topk[7]: token_id=22186, text='Both', logprob=-11.8863, prob=0.000007
2025-11-21 08:16:15 | DEBUG    | logits_to_prob_map:180 | topk[8]: token_id=236775, text='"', logprob=-12.5113, prob=0.000004
2025-11-21 08:16:15 | DEBUG    | logits_to_prob_map:180 | topk[9]: token_id=236769, text='(', logprob=-12.5113, prob=0.000004
2025-11-21 08:16:15 | DEBUG    | only_abt_probs:198 | only_abt_probs result: {'A': 0.010984322405110993, 'B': 0.9887769923592571, 'T': 6.884164833022256e-06}
2025-11-21 08:16:15 | DEBUG    | main:410 | RJ prompt (truncated): <bos><start_of_turn>user
You are an impartial and unbiased judge.

You will be given answers from two assistants (Assistant A and Assistant B) to a user prompt. Please act as an impartial judge and evaluate the quality of their answers. You must output only one of the following choices:
'A' if Assistant A's answer is better.
'T' if both answers are relatively the same in quality.
'B' if Assistant B's answer is better.
Do not think or reason. Just choose which answer you prefer: A or B or T.
Outp...<truncated 7099 chars>
2025-11-21 08:16:15 | DEBUG    | main:440 | RJ prompt length: 3278
2025-11-21 08:16:19 | DEBUG    | main:461 | RJ: Generated 8 steps
2025-11-21 08:16:19 | DEBUG    | main:467 | RJ: generated text='B's answer.

B<end_of_turn>'
2025-11-21 08:16:19 | DEBUG    | main:473 | RJ step 0: token_id=236799, text='B'
2025-11-21 08:16:19 | DEBUG    | main:476 | RJ: Found A/B/T at step 0
2025-11-21 08:16:19 | DEBUG    | main:483 | RJ step 0: extracting probs from logits
2025-11-21 08:16:19 | DEBUG    | logits_to_prob_map:157 | logits_to_prob_map: input shape=torch.Size([262208]), dtype=torch.float32
2025-11-21 08:16:19 | DEBUG    | logits_to_prob_map:170 | Top-k extraction: k=50, top logprobs range=[-16.3286, -0.0161]
2025-11-21 08:16:19 | DEBUG    | logits_to_prob_map:180 | topk[0]: token_id=236799, text='B', logprob=-0.0161, prob=0.984011
2025-11-21 08:16:19 | DEBUG    | logits_to_prob_map:180 | topk[1]: token_id=236776, text='A', logprob=-4.1411, prob=0.015905
2025-11-21 08:16:19 | DEBUG    | logits_to_prob_map:180 | topk[2]: token_id=236789, text=''', logprob=-10.5161, prob=0.000027
2025-11-21 08:16:19 | DEBUG    | logits_to_prob_map:180 | topk[3]: token_id=236763, text='b', logprob=-11.3911, prob=0.000011
2025-11-21 08:16:19 | DEBUG    | logits_to_prob_map:180 | topk[4]: token_id=107, text='
', logprob=-11.5161, prob=0.000010
2025-11-21 08:16:19 | DEBUG    | logits_to_prob_map:180 | topk[5]: token_id=35343, text='Bs', logprob=-11.7661, prob=0.000008
2025-11-21 08:16:19 | DEBUG    | logits_to_prob_map:180 | topk[6]: token_id=236775, text='"', logprob=-13.1411, prob=0.000002
2025-11-21 08:16:19 | DEBUG    | logits_to_prob_map:180 | topk[7]: token_id=236774, text='T', logprob=-13.1411, prob=0.000002
2025-11-21 08:16:19 | DEBUG    | logits_to_prob_map:180 | topk[8]: token_id=1018, text='**', logprob=-13.2661, prob=0.000002
2025-11-21 08:16:19 | DEBUG    | logits_to_prob_map:180 | topk[9]: token_id=236769, text='(', logprob=-13.2661, prob=0.000002
2025-11-21 08:16:19 | DEBUG    | only_abt_probs:198 | only_abt_probs result: {'A': 0.015905058914765128, 'B': 0.9840112115390528, 'T': 1.9628402046582604e-06}
2025-11-21 08:16:19 | DEBUG    | main:544 | Row 61 complete: JR={'A': 0.010984322405110993, 'B': 0.9887769923592571, 'T': 6.884164833022256e-06}, RJ={'A': 0.015905058914765128, 'B': 0.9840112115390528, 'T': 1.9628402046582604e-06}, combined_norm={'A': 0.4975757788374558, 'B': 0.5024197969663827, 'T': 4.424196161517453e-06}
2025-11-21 08:16:19 | DEBUG    | main:393 | ========== Row 62 ==========
2025-11-21 08:16:19 | DEBUG    | main:394 | Built msgs_jr with 2 messages
2025-11-21 08:16:19 | DEBUG    | main:396 | msgs_jr[0] role=system content=You are an impartial and unbiased judge.
2025-11-21 08:16:19 | DEBUG    | main:396 | msgs_jr[1] role=user content=You will be given answers from two assistants (Assistant A and Assistant B) to a user prompt. Please act as an impartial judge and evaluate the quality of their answers. You must output only one of the following choices:
'A' if Assistant A's answer is better.
'T' if both answers are relatively the s...<truncated 8539 chars>
2025-11-21 08:16:19 | DEBUG    | main:410 | JR prompt (truncated): <bos><start_of_turn>user
You are an impartial and unbiased judge.

You will be given answers from two assistants (Assistant A and Assistant B) to a user prompt. Please act as an impartial judge and evaluate the quality of their answers. You must output only one of the following choices:
'A' if Assistant A's answer is better.
'T' if both answers are relatively the same in quality.
'B' if Assistant B's answer is better.
Do not think or reason. Just choose which answer you prefer: A or B or T.
Outp...<truncated 8754 chars>
2025-11-21 08:16:19 | DEBUG    | main:440 | JR prompt length: 2996
2025-11-21 08:16:24 | DEBUG    | main:461 | JR: Generated 8 steps
2025-11-21 08:16:24 | DEBUG    | main:467 | JR: generated text='B's answer.

B<end_of_turn>'
2025-11-21 08:16:24 | DEBUG    | main:473 | JR step 0: token_id=236799, text='B'
2025-11-21 08:16:24 | DEBUG    | main:476 | JR: Found A/B/T at step 0
2025-11-21 08:16:24 | DEBUG    | main:483 | JR step 0: extracting probs from logits
2025-11-21 08:16:24 | DEBUG    | logits_to_prob_map:157 | logits_to_prob_map: input shape=torch.Size([262208]), dtype=torch.float32
2025-11-21 08:16:24 | DEBUG    | logits_to_prob_map:170 | Top-k extraction: k=50, top logprobs range=[-17.9103, -0.1603]
2025-11-21 08:16:24 | DEBUG    | logits_to_prob_map:180 | topk[0]: token_id=236799, text='B', logprob=-0.1603, prob=0.851929
2025-11-21 08:16:24 | DEBUG    | logits_to_prob_map:180 | topk[1]: token_id=236776, text='A', logprob=-1.9103, prob=0.148043
2025-11-21 08:16:24 | DEBUG    | logits_to_prob_map:180 | topk[2]: token_id=236789, text=''', logprob=-11.2853, prob=0.000013
2025-11-21 08:16:24 | DEBUG    | logits_to_prob_map:180 | topk[3]: token_id=236763, text='b', logprob=-12.6603, prob=0.000003
2025-11-21 08:16:24 | DEBUG    | logits_to_prob_map:180 | topk[4]: token_id=107, text='
', logprob=-12.7853, prob=0.000003
2025-11-21 08:16:24 | DEBUG    | logits_to_prob_map:180 | topk[5]: token_id=2205, text='As', logprob=-13.5353, prob=0.000001
2025-11-21 08:16:24 | DEBUG    | logits_to_prob_map:180 | topk[6]: token_id=35343, text='Bs', logprob=-13.7853, prob=0.000001
2025-11-21 08:16:24 | DEBUG    | logits_to_prob_map:180 | topk[7]: token_id=236769, text='(', logprob=-14.1603, prob=0.000001
2025-11-21 08:16:24 | DEBUG    | logits_to_prob_map:180 | topk[8]: token_id=236746, text='a', logprob=-14.2853, prob=0.000001
2025-11-21 08:16:24 | DEBUG    | logits_to_prob_map:180 | topk[9]: token_id=7925, text='Answer', logprob=-14.5353, prob=0.000000
2025-11-21 08:16:24 | DEBUG    | only_abt_probs:198 | only_abt_probs result: {'A': 0.1480430787317609, 'B': 0.8519291351181175, 'T': 1.3949297192338724e-07}
2025-11-21 08:16:24 | DEBUG    | main:410 | RJ prompt (truncated): <bos><start_of_turn>user
You are an impartial and unbiased judge.

You will be given answers from two assistants (Assistant A and Assistant B) to a user prompt. Please act as an impartial judge and evaluate the quality of their answers. You must output only one of the following choices:
'A' if Assistant A's answer is better.
'T' if both answers are relatively the same in quality.
'B' if Assistant B's answer is better.
Do not think or reason. Just choose which answer you prefer: A or B or T.
Outp...<truncated 8754 chars>
2025-11-21 08:16:24 | DEBUG    | main:440 | RJ prompt length: 2996
2025-11-21 08:16:28 | DEBUG    | main:461 | RJ: Generated 8 steps
2025-11-21 08:16:28 | DEBUG    | main:467 | RJ: generated text='A's answer.

A<end_of_turn>'
2025-11-21 08:16:28 | DEBUG    | main:473 | RJ step 0: token_id=236776, text='A'
2025-11-21 08:16:28 | DEBUG    | main:476 | RJ: Found A/B/T at step 0
2025-11-21 08:16:28 | DEBUG    | main:483 | RJ step 0: extracting probs from logits
2025-11-21 08:16:28 | DEBUG    | logits_to_prob_map:157 | logits_to_prob_map: input shape=torch.Size([262208]), dtype=torch.float32
2025-11-21 08:16:28 | DEBUG    | logits_to_prob_map:170 | Top-k extraction: k=50, top logprobs range=[-16.1307, -0.6932]
2025-11-21 08:16:28 | DEBUG    | logits_to_prob_map:180 | topk[0]: token_id=236799, text='B', logprob=-0.6932, prob=0.499956
2025-11-21 08:16:28 | DEBUG    | logits_to_prob_map:180 | topk[1]: token_id=236776, text='A', logprob=-0.6932, prob=0.499956
2025-11-21 08:16:28 | DEBUG    | logits_to_prob_map:180 | topk[2]: token_id=236789, text=''', logprob=-10.6932, prob=0.000023
2025-11-21 08:16:28 | DEBUG    | logits_to_prob_map:180 | topk[3]: token_id=107, text='
', logprob=-11.3182, prob=0.000012
2025-11-21 08:16:28 | DEBUG    | logits_to_prob_map:180 | topk[4]: token_id=236763, text='b', logprob=-11.8182, prob=0.000007
2025-11-21 08:16:28 | DEBUG    | logits_to_prob_map:180 | topk[5]: token_id=2205, text='As', logprob=-12.0682, prob=0.000006
2025-11-21 08:16:28 | DEBUG    | logits_to_prob_map:180 | topk[6]: token_id=236746, text='a', logprob=-12.1932, prob=0.000005
2025-11-21 08:16:28 | DEBUG    | logits_to_prob_map:180 | topk[7]: token_id=236774, text='T', logprob=-12.4432, prob=0.000004
2025-11-21 08:16:28 | DEBUG    | logits_to_prob_map:180 | topk[8]: token_id=74314, text='Assistant', logprob=-12.8182, prob=0.000003
2025-11-21 08:16:28 | DEBUG    | logits_to_prob_map:180 | topk[9]: token_id=236769, text='(', logprob=-12.8182, prob=0.000003
2025-11-21 08:16:28 | DEBUG    | only_abt_probs:198 | only_abt_probs result: {'A': 0.4999561319536362, 'B': 0.4999561319536362, 'T': 3.944314443536675e-06}
2025-11-21 08:16:28 | WARNING  | main:507 | RJ probs A and B are TOO CLOSE: {'A': 0.4999561319536362, 'B': 0.4999561319536362, 'T': 3.944314443536675e-06}
2025-11-21 08:16:28 | DEBUG    | main:544 | Row 62 complete: JR={'A': 0.1480430787317609, 'B': 0.8519291351181175, 'T': 1.3949297192338724e-07}, RJ={'A': 0.4999561319536362, 'B': 0.4999561319536362, 'T': 3.944314443536675e-06}, combined_norm={'A': 0.32401765935320415, 'B': 0.6759802986293084, 'T': 2.0420174873469897e-06}
2025-11-21 08:16:28 | DEBUG    | main:393 | ========== Row 63 ==========
2025-11-21 08:16:28 | DEBUG    | main:394 | Built msgs_jr with 2 messages
2025-11-21 08:16:28 | DEBUG    | main:396 | msgs_jr[0] role=system content=You are an impartial and unbiased judge.
2025-11-21 08:16:28 | DEBUG    | main:396 | msgs_jr[1] role=user content=You will be given answers from two assistants (Assistant A and Assistant B) to a user prompt. Please act as an impartial judge and evaluate the quality of their answers. You must output only one of the following choices:
'A' if Assistant A's answer is better.
'T' if both answers are relatively the s...<truncated 20491 chars>
2025-11-21 08:16:28 | DEBUG    | main:410 | JR prompt (truncated): <bos><start_of_turn>user
You are an impartial and unbiased judge.

You will be given answers from two assistants (Assistant A and Assistant B) to a user prompt. Please act as an impartial judge and evaluate the quality of their answers. You must output only one of the following choices:
'A' if Assistant A's answer is better.
'T' if both answers are relatively the same in quality.
'B' if Assistant B's answer is better.
Do not think or reason. Just choose which answer you prefer: A or B or T.
Outp...<truncated 20706 chars>
2025-11-21 08:16:28 | DEBUG    | main:440 | JR prompt length: 7536
2025-11-21 08:16:40 | DEBUG    | main:461 | JR: Generated 8 steps
2025-11-21 08:16:40 | DEBUG    | main:467 | JR: generated text='A's answer.

A<end_of_turn>'
2025-11-21 08:16:40 | DEBUG    | main:473 | JR step 0: token_id=236776, text='A'
2025-11-21 08:16:40 | DEBUG    | main:476 | JR: Found A/B/T at step 0
2025-11-21 08:16:40 | DEBUG    | main:483 | JR step 0: extracting probs from logits
2025-11-21 08:16:40 | DEBUG    | logits_to_prob_map:157 | logits_to_prob_map: input shape=torch.Size([262208]), dtype=torch.float32
2025-11-21 08:16:40 | DEBUG    | logits_to_prob_map:170 | Top-k extraction: k=50, top logprobs range=[-12.1343, -0.6968]
2025-11-21 08:16:40 | DEBUG    | logits_to_prob_map:180 | topk[0]: token_id=236799, text='B', logprob=-0.6968, prob=0.498158
2025-11-21 08:16:40 | DEBUG    | logits_to_prob_map:180 | topk[1]: token_id=236776, text='A', logprob=-0.6968, prob=0.498158
2025-11-21 08:16:40 | DEBUG    | logits_to_prob_map:180 | topk[2]: token_id=236789, text=''', logprob=-6.4468, prob=0.001586
2025-11-21 08:16:40 | DEBUG    | logits_to_prob_map:180 | topk[3]: token_id=2205, text='As', logprob=-8.4468, prob=0.000215
2025-11-21 08:16:40 | DEBUG    | logits_to_prob_map:180 | topk[4]: token_id=236746, text='a', logprob=-8.8218, prob=0.000147
2025-11-21 08:16:40 | DEBUG    | logits_to_prob_map:180 | topk[5]: token_id=236763, text='b', logprob=-9.0718, prob=0.000115
2025-11-21 08:16:40 | DEBUG    | logits_to_prob_map:180 | topk[6]: token_id=236769, text='(', logprob=-9.0718, prob=0.000115
2025-11-21 08:16:40 | DEBUG    | logits_to_prob_map:180 | topk[7]: token_id=1018, text='**', logprob=-9.1968, prob=0.000101
2025-11-21 08:16:40 | DEBUG    | logits_to_prob_map:180 | topk[8]: token_id=236858, text='’', logprob=-9.3218, prob=0.000089
2025-11-21 08:16:40 | DEBUG    | logits_to_prob_map:180 | topk[9]: token_id=107, text='
', logprob=-9.3218, prob=0.000089
2025-11-21 08:16:40 | DEBUG    | only_abt_probs:198 | only_abt_probs result: {'A': 0.4981579810311341, 'B': 0.4981579810311341, 'T': 4.2252865714199845e-05}
2025-11-21 08:16:40 | DEBUG    | main:410 | RJ prompt (truncated): <bos><start_of_turn>user
You are an impartial and unbiased judge.

You will be given answers from two assistants (Assistant A and Assistant B) to a user prompt. Please act as an impartial judge and evaluate the quality of their answers. You must output only one of the following choices:
'A' if Assistant A's answer is better.
'T' if both answers are relatively the same in quality.
'B' if Assistant B's answer is better.
Do not think or reason. Just choose which answer you prefer: A or B or T.
Outp...<truncated 20706 chars>
2025-11-21 08:16:41 | DEBUG    | main:440 | RJ prompt length: 7536
2025-11-21 08:16:53 | DEBUG    | main:461 | RJ: Generated 8 steps
2025-11-21 08:16:53 | DEBUG    | main:467 | RJ: generated text='B's answer.

B<end_of_turn>'
2025-11-21 08:16:53 | DEBUG    | main:473 | RJ step 0: token_id=236799, text='B'
2025-11-21 08:16:53 | DEBUG    | main:476 | RJ: Found A/B/T at step 0
2025-11-21 08:16:53 | DEBUG    | main:483 | RJ step 0: extracting probs from logits
2025-11-21 08:16:53 | DEBUG    | logits_to_prob_map:157 | logits_to_prob_map: input shape=torch.Size([262208]), dtype=torch.float32
2025-11-21 08:16:53 | DEBUG    | logits_to_prob_map:170 | Top-k extraction: k=50, top logprobs range=[-12.7275, -0.0400]
2025-11-21 08:16:53 | DEBUG    | logits_to_prob_map:180 | topk[0]: token_id=236799, text='B', logprob=-0.0400, prob=0.960826
2025-11-21 08:16:53 | DEBUG    | logits_to_prob_map:180 | topk[1]: token_id=236776, text='A', logprob=-3.2900, prob=0.037255
2025-11-21 08:16:53 | DEBUG    | logits_to_prob_map:180 | topk[2]: token_id=236789, text=''', logprob=-7.0400, prob=0.000876
2025-11-21 08:16:53 | DEBUG    | logits_to_prob_map:180 | topk[3]: token_id=236763, text='b', logprob=-9.6650, prob=0.000063
2025-11-21 08:16:53 | DEBUG    | logits_to_prob_map:180 | topk[4]: token_id=1018, text='**', logprob=-9.7900, prob=0.000056
2025-11-21 08:16:53 | DEBUG    | logits_to_prob_map:180 | topk[5]: token_id=35343, text='Bs', logprob=-9.7900, prob=0.000056
2025-11-21 08:16:53 | DEBUG    | logits_to_prob_map:180 | topk[6]: token_id=22186, text='Both', logprob=-9.9150, prob=0.000049
2025-11-21 08:16:53 | DEBUG    | logits_to_prob_map:180 | topk[7]: token_id=236774, text='T', logprob=-9.9775, prob=0.000046
2025-11-21 08:16:53 | DEBUG    | logits_to_prob_map:180 | topk[8]: token_id=14433, text='answer', logprob=-10.1025, prob=0.000041
2025-11-21 08:16:53 | DEBUG    | logits_to_prob_map:180 | topk[9]: token_id=7925, text='Answer', logprob=-10.1025, prob=0.000041
2025-11-21 08:16:53 | DEBUG    | only_abt_probs:198 | only_abt_probs result: {'A': 0.03725525420137819, 'B': 0.9608257089278793, 'T': 4.643477979906229e-05}
2025-11-21 08:16:53 | WARNING  | main:510 | JR probs A and B are TOO CLOSE: {'A': 0.4981579810311341, 'B': 0.4981579810311341, 'T': 4.2252865714199845e-05}
2025-11-21 08:16:53 | DEBUG    | main:544 | Row 63 complete: JR={'A': 0.4981579810311341, 'B': 0.4981579810311341, 'T': 4.2252865714199845e-05}, RJ={'A': 0.03725525420137819, 'B': 0.9608257089278793, 'T': 4.643477979906229e-05}, combined_norm={'A': 0.7315087562269725, 'B': 0.2684467773477284, 'T': 4.446642529905701e-05}
2025-11-21 08:16:53 | DEBUG    | main:393 | ========== Row 64 ==========
2025-11-21 08:16:53 | DEBUG    | main:394 | Built msgs_jr with 2 messages
2025-11-21 08:16:53 | DEBUG    | main:396 | msgs_jr[0] role=system content=You are an impartial and unbiased judge.
2025-11-21 08:16:53 | DEBUG    | main:396 | msgs_jr[1] role=user content=You will be given answers from two assistants (Assistant A and Assistant B) to a user prompt. Please act as an impartial judge and evaluate the quality of their answers. You must output only one of the following choices:
'A' if Assistant A's answer is better.
'T' if both answers are relatively the s...<truncated 7665 chars>
2025-11-21 08:16:53 | DEBUG    | main:410 | JR prompt (truncated): <bos><start_of_turn>user
You are an impartial and unbiased judge.

You will be given answers from two assistants (Assistant A and Assistant B) to a user prompt. Please act as an impartial judge and evaluate the quality of their answers. You must output only one of the following choices:
'A' if Assistant A's answer is better.
'T' if both answers are relatively the same in quality.
'B' if Assistant B's answer is better.
Do not think or reason. Just choose which answer you prefer: A or B or T.
Outp...<truncated 7880 chars>
2025-11-21 08:16:53 | DEBUG    | main:440 | JR prompt length: 3035
2025-11-21 08:16:57 | DEBUG    | main:461 | JR: Generated 8 steps
2025-11-21 08:16:57 | DEBUG    | main:467 | JR: generated text='A's answer.

A<end_of_turn>'
2025-11-21 08:16:57 | DEBUG    | main:473 | JR step 0: token_id=236776, text='A'
2025-11-21 08:16:57 | DEBUG    | main:476 | JR: Found A/B/T at step 0
2025-11-21 08:16:57 | DEBUG    | main:483 | JR step 0: extracting probs from logits
2025-11-21 08:16:57 | DEBUG    | logits_to_prob_map:157 | logits_to_prob_map: input shape=torch.Size([262208]), dtype=torch.float32
2025-11-21 08:16:57 | DEBUG    | logits_to_prob_map:170 | Top-k extraction: k=50, top logprobs range=[-16.2707, -0.0207]
2025-11-21 08:16:57 | DEBUG    | logits_to_prob_map:180 | topk[0]: token_id=236776, text='A', logprob=-0.0207, prob=0.979551
2025-11-21 08:16:57 | DEBUG    | logits_to_prob_map:180 | topk[1]: token_id=236799, text='B', logprob=-3.8957, prob=0.020330
2025-11-21 08:16:57 | DEBUG    | logits_to_prob_map:180 | topk[2]: token_id=236789, text=''', logprob=-9.7707, prob=0.000057
2025-11-21 08:16:57 | DEBUG    | logits_to_prob_map:180 | topk[3]: token_id=2205, text='As', logprob=-10.8957, prob=0.000019
2025-11-21 08:16:57 | DEBUG    | logits_to_prob_map:180 | topk[4]: token_id=107, text='
', logprob=-11.8957, prob=0.000007
2025-11-21 08:16:57 | DEBUG    | logits_to_prob_map:180 | topk[5]: token_id=236746, text='a', logprob=-11.8957, prob=0.000007
2025-11-21 08:16:57 | DEBUG    | logits_to_prob_map:180 | topk[6]: token_id=236769, text='(', logprob=-12.5207, prob=0.000004
2025-11-21 08:16:57 | DEBUG    | logits_to_prob_map:180 | topk[7]: token_id=1018, text='**', logprob=-13.1457, prob=0.000002
2025-11-21 08:16:57 | DEBUG    | logits_to_prob_map:180 | topk[8]: token_id=236858, text='’', logprob=-13.1457, prob=0.000002
2025-11-21 08:16:57 | DEBUG    | logits_to_prob_map:180 | topk[9]: token_id=236775, text='"', logprob=-13.3957, prob=0.000002
2025-11-21 08:16:57 | DEBUG    | only_abt_probs:198 | only_abt_probs result: {'A': 0.979551304332288, 'B': 0.02032993926488006, 'T': 2.0594423670863906e-07}
2025-11-21 08:16:57 | DEBUG    | main:410 | RJ prompt (truncated): <bos><start_of_turn>user
You are an impartial and unbiased judge.

You will be given answers from two assistants (Assistant A and Assistant B) to a user prompt. Please act as an impartial judge and evaluate the quality of their answers. You must output only one of the following choices:
'A' if Assistant A's answer is better.
'T' if both answers are relatively the same in quality.
'B' if Assistant B's answer is better.
Do not think or reason. Just choose which answer you prefer: A or B or T.
Outp...<truncated 7880 chars>
2025-11-21 08:16:57 | DEBUG    | main:440 | RJ prompt length: 3035
2025-11-21 08:17:02 | DEBUG    | main:461 | RJ: Generated 8 steps
2025-11-21 08:17:02 | DEBUG    | main:467 | RJ: generated text='B's answer.

B<end_of_turn>'
2025-11-21 08:17:02 | DEBUG    | main:473 | RJ step 0: token_id=236799, text='B'
2025-11-21 08:17:02 | DEBUG    | main:476 | RJ: Found A/B/T at step 0
2025-11-21 08:17:02 | DEBUG    | main:483 | RJ step 0: extracting probs from logits
2025-11-21 08:17:02 | DEBUG    | logits_to_prob_map:157 | logits_to_prob_map: input shape=torch.Size([262208]), dtype=torch.float32
2025-11-21 08:17:02 | DEBUG    | logits_to_prob_map:170 | Top-k extraction: k=50, top logprobs range=[-14.7364, -0.0489]
2025-11-21 08:17:02 | DEBUG    | logits_to_prob_map:180 | topk[0]: token_id=236799, text='B', logprob=-0.0489, prob=0.952266
2025-11-21 08:17:02 | DEBUG    | logits_to_prob_map:180 | topk[1]: token_id=236776, text='A', logprob=-3.0489, prob=0.047411
2025-11-21 08:17:02 | DEBUG    | logits_to_prob_map:180 | topk[2]: token_id=236789, text=''', logprob=-9.1739, prob=0.000104
2025-11-21 08:17:02 | DEBUG    | logits_to_prob_map:180 | topk[3]: token_id=236763, text='b', logprob=-10.4239, prob=0.000030
2025-11-21 08:17:02 | DEBUG    | logits_to_prob_map:180 | topk[4]: token_id=236774, text='T', logprob=-10.9239, prob=0.000018
2025-11-21 08:17:02 | DEBUG    | logits_to_prob_map:180 | topk[5]: token_id=107, text='
', logprob=-10.9239, prob=0.000018
2025-11-21 08:17:02 | DEBUG    | logits_to_prob_map:180 | topk[6]: token_id=35343, text='Bs', logprob=-11.0489, prob=0.000016
2025-11-21 08:17:02 | DEBUG    | logits_to_prob_map:180 | topk[7]: token_id=2205, text='As', logprob=-11.5489, prob=0.000010
2025-11-21 08:17:02 | DEBUG    | logits_to_prob_map:180 | topk[8]: token_id=1018, text='**', logprob=-11.6739, prob=0.000009
2025-11-21 08:17:02 | DEBUG    | logits_to_prob_map:180 | topk[9]: token_id=74314, text='Assistant', logprob=-11.7989, prob=0.000008
2025-11-21 08:17:02 | DEBUG    | only_abt_probs:198 | only_abt_probs result: {'A': 0.04741054447093253, 'B': 0.9522661776649209, 'T': 1.8022112268144598e-05}
2025-11-21 08:17:02 | DEBUG    | main:544 | Row 64 complete: JR={'A': 0.979551304332288, 'B': 0.02032993926488006, 'T': 2.0594423670863906e-07}, RJ={'A': 0.04741054447093253, 'B': 0.9522661776649209, 'T': 1.8022112268144598e-05}, combined_norm={'A': 0.9661134634415188, 'B': 0.03387742059852854, 'T': 9.1159599526478e-06}
2025-11-21 08:17:02 | DEBUG    | main:393 | ========== Row 65 ==========
2025-11-21 08:17:02 | DEBUG    | main:394 | Built msgs_jr with 2 messages
2025-11-21 08:17:02 | DEBUG    | main:396 | msgs_jr[0] role=system content=You are an impartial and unbiased judge.
2025-11-21 08:17:02 | DEBUG    | main:396 | msgs_jr[1] role=user content=You will be given answers from two assistants (Assistant A and Assistant B) to a user prompt. Please act as an impartial judge and evaluate the quality of their answers. You must output only one of the following choices:
'A' if Assistant A's answer is better.
'T' if both answers are relatively the s...<truncated 4115 chars>
2025-11-21 08:17:02 | DEBUG    | main:410 | JR prompt (truncated): <bos><start_of_turn>user
You are an impartial and unbiased judge.

You will be given answers from two assistants (Assistant A and Assistant B) to a user prompt. Please act as an impartial judge and evaluate the quality of their answers. You must output only one of the following choices:
'A' if Assistant A's answer is better.
'T' if both answers are relatively the same in quality.
'B' if Assistant B's answer is better.
Do not think or reason. Just choose which answer you prefer: A or B or T.
Outp...<truncated 4330 chars>
2025-11-21 08:17:02 | DEBUG    | main:440 | JR prompt length: 1388
2025-11-21 08:17:04 | DEBUG    | main:461 | JR: Generated 8 steps
2025-11-21 08:17:04 | DEBUG    | main:467 | JR: generated text='A's answer.

A<end_of_turn>'
2025-11-21 08:17:04 | DEBUG    | main:473 | JR step 0: token_id=236776, text='A'
2025-11-21 08:17:04 | DEBUG    | main:476 | JR: Found A/B/T at step 0
2025-11-21 08:17:04 | DEBUG    | main:483 | JR step 0: extracting probs from logits
2025-11-21 08:17:04 | DEBUG    | logits_to_prob_map:157 | logits_to_prob_map: input shape=torch.Size([262208]), dtype=torch.float32
2025-11-21 08:17:04 | DEBUG    | logits_to_prob_map:170 | Top-k extraction: k=50, top logprobs range=[-16.0312, -0.2812]
2025-11-21 08:17:04 | DEBUG    | logits_to_prob_map:180 | topk[0]: token_id=236776, text='A', logprob=-0.2812, prob=0.754841
2025-11-21 08:17:04 | DEBUG    | logits_to_prob_map:180 | topk[1]: token_id=236799, text='B', logprob=-1.4062, prob=0.245061
2025-11-21 08:17:04 | DEBUG    | logits_to_prob_map:180 | topk[2]: token_id=236789, text=''', logprob=-10.4062, prob=0.000030
2025-11-21 08:17:04 | DEBUG    | logits_to_prob_map:180 | topk[3]: token_id=107, text='
', logprob=-11.4062, prob=0.000011
2025-11-21 08:17:04 | DEBUG    | logits_to_prob_map:180 | topk[4]: token_id=236746, text='a', logprob=-11.6562, prob=0.000009
2025-11-21 08:17:04 | DEBUG    | logits_to_prob_map:180 | topk[5]: token_id=2205, text='As', logprob=-11.9062, prob=0.000007
2025-11-21 08:17:04 | DEBUG    | logits_to_prob_map:180 | topk[6]: token_id=74314, text='Assistant', logprob=-12.0312, prob=0.000006
2025-11-21 08:17:04 | DEBUG    | logits_to_prob_map:180 | topk[7]: token_id=236769, text='(', logprob=-12.6562, prob=0.000003
2025-11-21 08:17:04 | DEBUG    | logits_to_prob_map:180 | topk[8]: token_id=7925, text='Answer', logprob=-12.6562, prob=0.000003
2025-11-21 08:17:04 | DEBUG    | logits_to_prob_map:180 | topk[9]: token_id=236763, text='b', logprob=-12.6562, prob=0.000003
2025-11-21 08:17:04 | DEBUG    | only_abt_probs:198 | only_abt_probs result: {'A': 0.7548410867246967, 'B': 0.24506100666185615, 'T': 5.539185998621735e-07}
2025-11-21 08:17:04 | DEBUG    | main:410 | RJ prompt (truncated): <bos><start_of_turn>user
You are an impartial and unbiased judge.

You will be given answers from two assistants (Assistant A and Assistant B) to a user prompt. Please act as an impartial judge and evaluate the quality of their answers. You must output only one of the following choices:
'A' if Assistant A's answer is better.
'T' if both answers are relatively the same in quality.
'B' if Assistant B's answer is better.
Do not think or reason. Just choose which answer you prefer: A or B or T.
Outp...<truncated 4330 chars>
2025-11-21 08:17:04 | DEBUG    | main:440 | RJ prompt length: 1388
2025-11-21 08:17:06 | DEBUG    | main:461 | RJ: Generated 8 steps
2025-11-21 08:17:06 | DEBUG    | main:467 | RJ: generated text='B's answer.

B<end_of_turn>'
2025-11-21 08:17:06 | DEBUG    | main:473 | RJ step 0: token_id=236799, text='B'
2025-11-21 08:17:06 | DEBUG    | main:476 | RJ: Found A/B/T at step 0
2025-11-21 08:17:06 | DEBUG    | main:483 | RJ step 0: extracting probs from logits
2025-11-21 08:17:06 | DEBUG    | logits_to_prob_map:157 | logits_to_prob_map: input shape=torch.Size([262208]), dtype=torch.float32
2025-11-21 08:17:06 | DEBUG    | logits_to_prob_map:170 | Top-k extraction: k=50, top logprobs range=[-15.8212, -0.0087]
2025-11-21 08:17:06 | DEBUG    | logits_to_prob_map:180 | topk[0]: token_id=236799, text='B', logprob=-0.0087, prob=0.991324
2025-11-21 08:17:06 | DEBUG    | logits_to_prob_map:180 | topk[1]: token_id=236776, text='A', logprob=-4.7587, prob=0.008577
2025-11-21 08:17:06 | DEBUG    | logits_to_prob_map:180 | topk[2]: token_id=236789, text=''', logprob=-10.5087, prob=0.000027
2025-11-21 08:17:06 | DEBUG    | logits_to_prob_map:180 | topk[3]: token_id=35343, text='Bs', logprob=-11.5087, prob=0.000010
2025-11-21 08:17:06 | DEBUG    | logits_to_prob_map:180 | topk[4]: token_id=236763, text='b', logprob=-11.6337, prob=0.000009
2025-11-21 08:17:06 | DEBUG    | logits_to_prob_map:180 | topk[5]: token_id=74314, text='Assistant', logprob=-11.8837, prob=0.000007
2025-11-21 08:17:06 | DEBUG    | logits_to_prob_map:180 | topk[6]: token_id=107, text='
', logprob=-12.0087, prob=0.000006
2025-11-21 08:17:06 | DEBUG    | logits_to_prob_map:180 | topk[7]: token_id=7925, text='Answer', logprob=-12.3837, prob=0.000004
2025-11-21 08:17:06 | DEBUG    | logits_to_prob_map:180 | topk[8]: token_id=14433, text='answer', logprob=-12.8837, prob=0.000003
2025-11-21 08:17:06 | DEBUG    | logits_to_prob_map:180 | topk[9]: token_id=236774, text='T', logprob=-12.8837, prob=0.000003
2025-11-21 08:17:06 | DEBUG    | only_abt_probs:198 | only_abt_probs result: {'A': 0.008576630149788676, 'B': 0.9913237102959475, 'T': 2.5390673682130552e-06}
2025-11-21 08:17:06 | DEBUG    | main:544 | Row 65 complete: JR={'A': 0.7548410867246967, 'B': 0.24506100666185615, 'T': 5.539185998621735e-07}, RJ={'A': 0.008576630149788676, 'B': 0.9913237102959475, 'T': 2.5390673682130552e-06}, combined_norm={'A': 0.8731673023220603, 'B': 0.1268311510345653, 'T': 1.5466433743666316e-06}
2025-11-21 08:17:06 | DEBUG    | main:393 | ========== Row 66 ==========
2025-11-21 08:17:06 | DEBUG    | main:394 | Built msgs_jr with 2 messages
2025-11-21 08:17:06 | DEBUG    | main:396 | msgs_jr[0] role=system content=You are an impartial and unbiased judge.
2025-11-21 08:17:06 | DEBUG    | main:396 | msgs_jr[1] role=user content=You will be given answers from two assistants (Assistant A and Assistant B) to a user prompt. Please act as an impartial judge and evaluate the quality of their answers. You must output only one of the following choices:
'A' if Assistant A's answer is better.
'T' if both answers are relatively the s...<truncated 7792 chars>
2025-11-21 08:17:06 | DEBUG    | main:410 | JR prompt (truncated): <bos><start_of_turn>user
You are an impartial and unbiased judge.

You will be given answers from two assistants (Assistant A and Assistant B) to a user prompt. Please act as an impartial judge and evaluate the quality of their answers. You must output only one of the following choices:
'A' if Assistant A's answer is better.
'T' if both answers are relatively the same in quality.
'B' if Assistant B's answer is better.
Do not think or reason. Just choose which answer you prefer: A or B or T.
Outp...<truncated 8007 chars>
2025-11-21 08:17:06 | DEBUG    | main:440 | JR prompt length: 2569
2025-11-21 08:17:10 | DEBUG    | main:461 | JR: Generated 8 steps
2025-11-21 08:17:10 | DEBUG    | main:467 | JR: generated text='B's answer.

B<end_of_turn>'
2025-11-21 08:17:10 | DEBUG    | main:473 | JR step 0: token_id=236799, text='B'
2025-11-21 08:17:10 | DEBUG    | main:476 | JR: Found A/B/T at step 0
2025-11-21 08:17:10 | DEBUG    | main:483 | JR step 0: extracting probs from logits
2025-11-21 08:17:10 | DEBUG    | logits_to_prob_map:157 | logits_to_prob_map: input shape=torch.Size([262208]), dtype=torch.float32
2025-11-21 08:17:10 | DEBUG    | logits_to_prob_map:170 | Top-k extraction: k=50, top logprobs range=[-15.5701, -0.0701]
2025-11-21 08:17:10 | DEBUG    | logits_to_prob_map:180 | topk[0]: token_id=236799, text='B', logprob=-0.0701, prob=0.932324
2025-11-21 08:17:10 | DEBUG    | logits_to_prob_map:180 | topk[1]: token_id=236776, text='A', logprob=-2.6951, prob=0.067537
2025-11-21 08:17:10 | DEBUG    | logits_to_prob_map:180 | topk[2]: token_id=236789, text=''', logprob=-10.1951, prob=0.000037
2025-11-21 08:17:10 | DEBUG    | logits_to_prob_map:180 | topk[3]: token_id=236763, text='b', logprob=-10.8201, prob=0.000020
2025-11-21 08:17:10 | DEBUG    | logits_to_prob_map:180 | topk[4]: token_id=107, text='
', logprob=-11.1951, prob=0.000014
2025-11-21 08:17:10 | DEBUG    | logits_to_prob_map:180 | topk[5]: token_id=35343, text='Bs', logprob=-11.3201, prob=0.000012
2025-11-21 08:17:10 | DEBUG    | logits_to_prob_map:180 | topk[6]: token_id=2205, text='As', logprob=-11.8201, prob=0.000007
2025-11-21 08:17:10 | DEBUG    | logits_to_prob_map:180 | topk[7]: token_id=22186, text='Both', logprob=-12.1951, prob=0.000005
2025-11-21 08:17:10 | DEBUG    | logits_to_prob_map:180 | topk[8]: token_id=236769, text='(', logprob=-12.3201, prob=0.000004
2025-11-21 08:17:10 | DEBUG    | logits_to_prob_map:180 | topk[9]: token_id=236746, text='a', logprob=-12.8201, prob=0.000003
2025-11-21 08:17:10 | DEBUG    | only_abt_probs:198 | only_abt_probs result: {'A': 0.06753729781316456, 'B': 0.9323236310419847, 'T': 1.6412128691643863e-06}
2025-11-21 08:17:10 | DEBUG    | main:410 | RJ prompt (truncated): <bos><start_of_turn>user
You are an impartial and unbiased judge.

You will be given answers from two assistants (Assistant A and Assistant B) to a user prompt. Please act as an impartial judge and evaluate the quality of their answers. You must output only one of the following choices:
'A' if Assistant A's answer is better.
'T' if both answers are relatively the same in quality.
'B' if Assistant B's answer is better.
Do not think or reason. Just choose which answer you prefer: A or B or T.
Outp...<truncated 8007 chars>
2025-11-21 08:17:10 | DEBUG    | main:440 | RJ prompt length: 2569
2025-11-21 08:17:14 | DEBUG    | main:461 | RJ: Generated 8 steps
2025-11-21 08:17:14 | DEBUG    | main:467 | RJ: generated text='B's answer.

B<end_of_turn>'
2025-11-21 08:17:14 | DEBUG    | main:473 | RJ step 0: token_id=236799, text='B'
2025-11-21 08:17:14 | DEBUG    | main:476 | RJ: Found A/B/T at step 0
2025-11-21 08:17:14 | DEBUG    | main:483 | RJ step 0: extracting probs from logits
2025-11-21 08:17:14 | DEBUG    | logits_to_prob_map:157 | logits_to_prob_map: input shape=torch.Size([262208]), dtype=torch.float32
2025-11-21 08:17:14 | DEBUG    | logits_to_prob_map:170 | Top-k extraction: k=50, top logprobs range=[-15.5069, -0.0069]
2025-11-21 08:17:14 | DEBUG    | logits_to_prob_map:180 | topk[0]: token_id=236799, text='B', logprob=-0.0069, prob=0.993154
2025-11-21 08:17:14 | DEBUG    | logits_to_prob_map:180 | topk[1]: token_id=236776, text='A', logprob=-5.0069, prob=0.006692
2025-11-21 08:17:14 | DEBUG    | logits_to_prob_map:180 | topk[2]: token_id=236789, text=''', logprob=-9.8819, prob=0.000051
2025-11-21 08:17:14 | DEBUG    | logits_to_prob_map:180 | topk[3]: token_id=236763, text='b', logprob=-10.7569, prob=0.000021
2025-11-21 08:17:14 | DEBUG    | logits_to_prob_map:180 | topk[4]: token_id=35343, text='Bs', logprob=-10.8819, prob=0.000019
2025-11-21 08:17:14 | DEBUG    | logits_to_prob_map:180 | topk[5]: token_id=107, text='
', logprob=-11.8819, prob=0.000007
2025-11-21 08:17:14 | DEBUG    | logits_to_prob_map:180 | topk[6]: token_id=7925, text='Answer', logprob=-12.6319, prob=0.000003
2025-11-21 08:17:14 | DEBUG    | logits_to_prob_map:180 | topk[7]: token_id=22186, text='Both', logprob=-12.6319, prob=0.000003
2025-11-21 08:17:14 | DEBUG    | logits_to_prob_map:180 | topk[8]: token_id=236769, text='(', logprob=-12.7569, prob=0.000003
2025-11-21 08:17:14 | DEBUG    | logits_to_prob_map:180 | topk[9]: token_id=236795, text='$', logprob=-12.8819, prob=0.000003
2025-11-21 08:17:14 | DEBUG    | only_abt_probs:198 | only_abt_probs result: {'A': 0.006691820521337241, 'B': 0.9931541501858314, 'T': 2.5437547610254163e-06}
2025-11-21 08:17:14 | DEBUG    | main:544 | Row 66 complete: JR={'A': 0.06753729781316456, 'B': 0.9323236310419847, 'T': 1.6412128691643863e-06}, RJ={'A': 0.006691820521337241, 'B': 0.9931541501858314, 'T': 2.5437547610254163e-06}, combined_norm={'A': 0.5304223476104409, 'B': 0.46957555960342484, 'T': 2.0927861342397476e-06}
2025-11-21 08:17:14 | DEBUG    | main:393 | ========== Row 67 ==========
2025-11-21 08:17:14 | DEBUG    | main:394 | Built msgs_jr with 2 messages
2025-11-21 08:17:14 | DEBUG    | main:396 | msgs_jr[0] role=system content=You are an impartial and unbiased judge.
2025-11-21 08:17:14 | DEBUG    | main:396 | msgs_jr[1] role=user content=You will be given answers from two assistants (Assistant A and Assistant B) to a user prompt. Please act as an impartial judge and evaluate the quality of their answers. You must output only one of the following choices:
'A' if Assistant A's answer is better.
'T' if both answers are relatively the s...<truncated 6287 chars>
2025-11-21 08:17:14 | DEBUG    | main:410 | JR prompt (truncated): <bos><start_of_turn>user
You are an impartial and unbiased judge.

You will be given answers from two assistants (Assistant A and Assistant B) to a user prompt. Please act as an impartial judge and evaluate the quality of their answers. You must output only one of the following choices:
'A' if Assistant A's answer is better.
'T' if both answers are relatively the same in quality.
'B' if Assistant B's answer is better.
Do not think or reason. Just choose which answer you prefer: A or B or T.
Outp...<truncated 6502 chars>
2025-11-21 08:17:14 | DEBUG    | main:440 | JR prompt length: 2382
2025-11-21 08:17:18 | DEBUG    | main:461 | JR: Generated 8 steps
2025-11-21 08:17:18 | DEBUG    | main:467 | JR: generated text='A's answer.

A<end_of_turn>'
2025-11-21 08:17:18 | DEBUG    | main:473 | JR step 0: token_id=236776, text='A'
2025-11-21 08:17:18 | DEBUG    | main:476 | JR: Found A/B/T at step 0
2025-11-21 08:17:18 | DEBUG    | main:483 | JR step 0: extracting probs from logits
2025-11-21 08:17:18 | DEBUG    | logits_to_prob_map:157 | logits_to_prob_map: input shape=torch.Size([262208]), dtype=torch.float32
2025-11-21 08:17:18 | DEBUG    | logits_to_prob_map:170 | Top-k extraction: k=50, top logprobs range=[-15.7734, -0.0234]
2025-11-21 08:17:18 | DEBUG    | logits_to_prob_map:180 | topk[0]: token_id=236776, text='A', logprob=-0.0234, prob=0.976873
2025-11-21 08:17:18 | DEBUG    | logits_to_prob_map:180 | topk[1]: token_id=236799, text='B', logprob=-3.7734, prob=0.022974
2025-11-21 08:17:18 | DEBUG    | logits_to_prob_map:180 | topk[2]: token_id=236789, text=''', logprob=-9.6484, prob=0.000065
2025-11-21 08:17:18 | DEBUG    | logits_to_prob_map:180 | topk[3]: token_id=2205, text='As', logprob=-10.5234, prob=0.000027
2025-11-21 08:17:18 | DEBUG    | logits_to_prob_map:180 | topk[4]: token_id=107, text='
', logprob=-11.5234, prob=0.000010
2025-11-21 08:17:18 | DEBUG    | logits_to_prob_map:180 | topk[5]: token_id=236746, text='a', logprob=-12.2734, prob=0.000005
2025-11-21 08:17:18 | DEBUG    | logits_to_prob_map:180 | topk[6]: token_id=1018, text='**', logprob=-12.2734, prob=0.000005
2025-11-21 08:17:18 | DEBUG    | logits_to_prob_map:180 | topk[7]: token_id=236769, text='(', logprob=-12.3984, prob=0.000004
2025-11-21 08:17:18 | DEBUG    | logits_to_prob_map:180 | topk[8]: token_id=236795, text='$', logprob=-12.3984, prob=0.000004
2025-11-21 08:17:18 | DEBUG    | logits_to_prob_map:180 | topk[9]: token_id=236785, text='\', logprob=-12.6484, prob=0.000003
2025-11-21 08:17:18 | DEBUG    | only_abt_probs:198 | only_abt_probs result: {'A': 0.9768734862352435, 'B': 0.02297386161249532, 'T': 3.181005213148858e-07}
2025-11-21 08:17:18 | DEBUG    | main:410 | RJ prompt (truncated): <bos><start_of_turn>user
You are an impartial and unbiased judge.

You will be given answers from two assistants (Assistant A and Assistant B) to a user prompt. Please act as an impartial judge and evaluate the quality of their answers. You must output only one of the following choices:
'A' if Assistant A's answer is better.
'T' if both answers are relatively the same in quality.
'B' if Assistant B's answer is better.
Do not think or reason. Just choose which answer you prefer: A or B or T.
Outp...<truncated 6502 chars>
2025-11-21 08:17:18 | DEBUG    | main:440 | RJ prompt length: 2382
2025-11-21 08:17:22 | DEBUG    | main:461 | RJ: Generated 8 steps
2025-11-21 08:17:22 | DEBUG    | main:467 | RJ: generated text='B's answer.

B<end_of_turn>'
2025-11-21 08:17:22 | DEBUG    | main:473 | RJ step 0: token_id=236799, text='B'
2025-11-21 08:17:22 | DEBUG    | main:476 | RJ: Found A/B/T at step 0
2025-11-21 08:17:22 | DEBUG    | main:483 | RJ step 0: extracting probs from logits
2025-11-21 08:17:22 | DEBUG    | logits_to_prob_map:157 | logits_to_prob_map: input shape=torch.Size([262208]), dtype=torch.float32
2025-11-21 08:17:22 | DEBUG    | logits_to_prob_map:170 | Top-k extraction: k=50, top logprobs range=[-14.4465, -0.0090]
2025-11-21 08:17:22 | DEBUG    | logits_to_prob_map:180 | topk[0]: token_id=236799, text='B', logprob=-0.0090, prob=0.991035
2025-11-21 08:17:22 | DEBUG    | logits_to_prob_map:180 | topk[1]: token_id=236776, text='A', logprob=-4.7590, prob=0.008574
2025-11-21 08:17:22 | DEBUG    | logits_to_prob_map:180 | topk[2]: token_id=236789, text=''', logprob=-9.2590, prob=0.000095
2025-11-21 08:17:22 | DEBUG    | logits_to_prob_map:180 | topk[3]: token_id=35343, text='Bs', logprob=-10.3840, prob=0.000031
2025-11-21 08:17:22 | DEBUG    | logits_to_prob_map:180 | topk[4]: token_id=236763, text='b', logprob=-10.5090, prob=0.000027
2025-11-21 08:17:22 | DEBUG    | logits_to_prob_map:180 | topk[5]: token_id=236774, text='T', logprob=-10.5090, prob=0.000027
2025-11-21 08:17:22 | DEBUG    | logits_to_prob_map:180 | topk[6]: token_id=74314, text='Assistant', logprob=-10.6340, prob=0.000024
2025-11-21 08:17:22 | DEBUG    | logits_to_prob_map:180 | topk[7]: token_id=107, text='
', logprob=-10.8840, prob=0.000019
2025-11-21 08:17:22 | DEBUG    | logits_to_prob_map:180 | topk[8]: token_id=1018, text='**', logprob=-11.2590, prob=0.000013
2025-11-21 08:17:22 | DEBUG    | logits_to_prob_map:180 | topk[9]: token_id=22186, text='Both', logprob=-11.3840, prob=0.000011
2025-11-21 08:17:22 | DEBUG    | only_abt_probs:198 | only_abt_probs result: {'A': 0.00857413173397598, 'B': 0.9910349031418514, 'T': 2.728958182964288e-05}
2025-11-21 08:17:22 | DEBUG    | main:544 | Row 67 complete: JR={'A': 0.9768734862352435, 'B': 0.02297386161249532, 'T': 3.181005213148858e-07}, RJ={'A': 0.00857413173397598, 'B': 0.9910349031418514, 'T': 2.728958182964288e-05}, combined_norm={'A': 0.984208125106112, 'B': 0.0157780674903362, 'T': 1.3807403551829943e-05}
2025-11-21 08:17:22 | DEBUG    | main:393 | ========== Row 68 ==========
2025-11-21 08:17:22 | DEBUG    | main:394 | Built msgs_jr with 2 messages
2025-11-21 08:17:22 | DEBUG    | main:396 | msgs_jr[0] role=system content=You are an impartial and unbiased judge.
2025-11-21 08:17:22 | DEBUG    | main:396 | msgs_jr[1] role=user content=You will be given answers from two assistants (Assistant A and Assistant B) to a user prompt. Please act as an impartial judge and evaluate the quality of their answers. You must output only one of the following choices:
'A' if Assistant A's answer is better.
'T' if both answers are relatively the s...<truncated 3184 chars>
2025-11-21 08:17:22 | DEBUG    | main:410 | JR prompt (truncated): <bos><start_of_turn>user
You are an impartial and unbiased judge.

You will be given answers from two assistants (Assistant A and Assistant B) to a user prompt. Please act as an impartial judge and evaluate the quality of their answers. You must output only one of the following choices:
'A' if Assistant A's answer is better.
'T' if both answers are relatively the same in quality.
'B' if Assistant B's answer is better.
Do not think or reason. Just choose which answer you prefer: A or B or T.
Outp...<truncated 3399 chars>
2025-11-21 08:17:22 | DEBUG    | main:440 | JR prompt length: 1077
2025-11-21 08:17:24 | DEBUG    | main:461 | JR: Generated 8 steps
2025-11-21 08:17:24 | DEBUG    | main:467 | JR: generated text='A's answer.
A<end_of_turn>'
2025-11-21 08:17:24 | DEBUG    | main:473 | JR step 0: token_id=236776, text='A'
2025-11-21 08:17:24 | DEBUG    | main:476 | JR: Found A/B/T at step 0
2025-11-21 08:17:24 | DEBUG    | main:483 | JR step 0: extracting probs from logits
2025-11-21 08:17:24 | DEBUG    | logits_to_prob_map:157 | logits_to_prob_map: input shape=torch.Size([262208]), dtype=torch.float32
2025-11-21 08:17:24 | DEBUG    | logits_to_prob_map:170 | Top-k extraction: k=50, top logprobs range=[-17.5549, -0.0549]
2025-11-21 08:17:24 | DEBUG    | logits_to_prob_map:180 | topk[0]: token_id=236776, text='A', logprob=-0.0549, prob=0.946567
2025-11-21 08:17:24 | DEBUG    | logits_to_prob_map:180 | topk[1]: token_id=236799, text='B', logprob=-2.9299, prob=0.053402
2025-11-21 08:17:24 | DEBUG    | logits_to_prob_map:180 | topk[2]: token_id=236789, text=''', logprob=-11.0549, prob=0.000016
2025-11-21 08:17:24 | DEBUG    | logits_to_prob_map:180 | topk[3]: token_id=236746, text='a', logprob=-12.8049, prob=0.000003
2025-11-21 08:17:24 | DEBUG    | logits_to_prob_map:180 | topk[4]: token_id=107, text='
', logprob=-13.3049, prob=0.000002
2025-11-21 08:17:24 | DEBUG    | logits_to_prob_map:180 | topk[5]: token_id=2205, text='As', logprob=-13.4299, prob=0.000001
2025-11-21 08:17:24 | DEBUG    | logits_to_prob_map:180 | topk[6]: token_id=432, text='�', logprob=-13.5549, prob=0.000001
2025-11-21 08:17:24 | DEBUG    | logits_to_prob_map:180 | topk[7]: token_id=236769, text='(', logprob=-13.8049, prob=0.000001
2025-11-21 08:17:24 | DEBUG    | logits_to_prob_map:180 | topk[8]: token_id=1018, text='**', logprob=-14.0549, prob=0.000001
2025-11-21 08:17:24 | DEBUG    | logits_to_prob_map:180 | topk[9]: token_id=236775, text='"', logprob=-14.0549, prob=0.000001
2025-11-21 08:17:24 | DEBUG    | only_abt_probs:198 | only_abt_probs result: {'A': 0.9465665372957623, 'B': 0.05340163061343149, 'T': 3.717982477745904e-07}
2025-11-21 08:17:24 | DEBUG    | main:410 | RJ prompt (truncated): <bos><start_of_turn>user
You are an impartial and unbiased judge.

You will be given answers from two assistants (Assistant A and Assistant B) to a user prompt. Please act as an impartial judge and evaluate the quality of their answers. You must output only one of the following choices:
'A' if Assistant A's answer is better.
'T' if both answers are relatively the same in quality.
'B' if Assistant B's answer is better.
Do not think or reason. Just choose which answer you prefer: A or B or T.
Outp...<truncated 3399 chars>
2025-11-21 08:17:24 | DEBUG    | main:440 | RJ prompt length: 1077
2025-11-21 08:17:26 | DEBUG    | main:461 | RJ: Generated 8 steps
2025-11-21 08:17:26 | DEBUG    | main:467 | RJ: generated text='A's answer.
A<end_of_turn>'
2025-11-21 08:17:26 | DEBUG    | main:473 | RJ step 0: token_id=236776, text='A'
2025-11-21 08:17:26 | DEBUG    | main:476 | RJ: Found A/B/T at step 0
2025-11-21 08:17:26 | DEBUG    | main:483 | RJ step 0: extracting probs from logits
2025-11-21 08:17:26 | DEBUG    | logits_to_prob_map:157 | logits_to_prob_map: input shape=torch.Size([262208]), dtype=torch.float32
2025-11-21 08:17:26 | DEBUG    | logits_to_prob_map:170 | Top-k extraction: k=50, top logprobs range=[-17.1879, -0.0004]
2025-11-21 08:17:26 | DEBUG    | logits_to_prob_map:180 | topk[0]: token_id=236776, text='A', logprob=-0.0004, prob=0.999578
2025-11-21 08:17:26 | DEBUG    | logits_to_prob_map:180 | topk[1]: token_id=236799, text='B', logprob=-8.0004, prob=0.000335
2025-11-21 08:17:26 | DEBUG    | logits_to_prob_map:180 | topk[2]: token_id=236789, text=''', logprob=-9.7504, prob=0.000058
2025-11-21 08:17:26 | DEBUG    | logits_to_prob_map:180 | topk[3]: token_id=2205, text='As', logprob=-11.5004, prob=0.000010
2025-11-21 08:17:26 | DEBUG    | logits_to_prob_map:180 | topk[4]: token_id=236746, text='a', logprob=-13.0004, prob=0.000002
2025-11-21 08:17:26 | DEBUG    | logits_to_prob_map:180 | topk[5]: token_id=236769, text='(', logprob=-13.5004, prob=0.000001
2025-11-21 08:17:26 | DEBUG    | logits_to_prob_map:180 | topk[6]: token_id=107, text='
', logprob=-13.5004, prob=0.000001
2025-11-21 08:17:26 | DEBUG    | logits_to_prob_map:180 | topk[7]: token_id=236858, text='’', logprob=-13.5004, prob=0.000001
2025-11-21 08:17:26 | DEBUG    | logits_to_prob_map:180 | topk[8]: token_id=236795, text='$', logprob=-13.6254, prob=0.000001
2025-11-21 08:17:26 | DEBUG    | logits_to_prob_map:180 | topk[9]: token_id=237095, text='‘', logprob=-13.7504, prob=0.000001
2025-11-21 08:17:26 | DEBUG    | only_abt_probs:198 | only_abt_probs result: {'A': 0.999577581573787, 'B': 0.00033532093234931793, 'T': 9.926990022856751e-08}
2025-11-21 08:17:26 | DEBUG    | main:544 | Row 68 complete: JR={'A': 0.9465665372957623, 'B': 0.05340163061343149, 'T': 3.717982477745904e-07}, RJ={'A': 0.999577581573787, 'B': 0.00033532093234931793, 'T': 9.926990022856751e-08}, combined_norm={'A': 0.4734789729224242, 'B': 0.5265207915295504, 'T': 2.3554802533640445e-07}
2025-11-21 08:17:26 | DEBUG    | main:393 | ========== Row 69 ==========
2025-11-21 08:17:26 | DEBUG    | main:394 | Built msgs_jr with 2 messages
2025-11-21 08:17:26 | DEBUG    | main:396 | msgs_jr[0] role=system content=You are an impartial and unbiased judge.
2025-11-21 08:17:26 | DEBUG    | main:396 | msgs_jr[1] role=user content=You will be given answers from two assistants (Assistant A and Assistant B) to a user prompt. Please act as an impartial judge and evaluate the quality of their answers. You must output only one of the following choices:
'A' if Assistant A's answer is better.
'T' if both answers are relatively the s...<truncated 6352 chars>
2025-11-21 08:17:26 | DEBUG    | main:410 | JR prompt (truncated): <bos><start_of_turn>user
You are an impartial and unbiased judge.

You will be given answers from two assistants (Assistant A and Assistant B) to a user prompt. Please act as an impartial judge and evaluate the quality of their answers. You must output only one of the following choices:
'A' if Assistant A's answer is better.
'T' if both answers are relatively the same in quality.
'B' if Assistant B's answer is better.
Do not think or reason. Just choose which answer you prefer: A or B or T.
Outp...<truncated 6567 chars>
2025-11-21 08:17:26 | DEBUG    | main:440 | JR prompt length: 2217
2025-11-21 08:17:29 | DEBUG    | main:461 | JR: Generated 8 steps
2025-11-21 08:17:29 | DEBUG    | main:467 | JR: generated text='A's answer.

A<end_of_turn>'
2025-11-21 08:17:29 | DEBUG    | main:473 | JR step 0: token_id=236776, text='A'
2025-11-21 08:17:29 | DEBUG    | main:476 | JR: Found A/B/T at step 0
2025-11-21 08:17:29 | DEBUG    | main:483 | JR step 0: extracting probs from logits
2025-11-21 08:17:29 | DEBUG    | logits_to_prob_map:157 | logits_to_prob_map: input shape=torch.Size([262208]), dtype=torch.float32
2025-11-21 08:17:29 | DEBUG    | logits_to_prob_map:170 | Top-k extraction: k=50, top logprobs range=[-15.6894, -0.0019]
2025-11-21 08:17:29 | DEBUG    | logits_to_prob_map:180 | topk[0]: token_id=236776, text='A', logprob=-0.0019, prob=0.998067
2025-11-21 08:17:29 | DEBUG    | logits_to_prob_map:180 | topk[1]: token_id=236799, text='B', logprob=-6.3769, prob=0.001700
2025-11-21 08:17:29 | DEBUG    | logits_to_prob_map:180 | topk[2]: token_id=236789, text=''', logprob=-9.2519, prob=0.000096
2025-11-21 08:17:29 | DEBUG    | logits_to_prob_map:180 | topk[3]: token_id=2205, text='As', logprob=-9.5019, prob=0.000075
2025-11-21 08:17:29 | DEBUG    | logits_to_prob_map:180 | topk[4]: token_id=236746, text='a', logprob=-11.3769, prob=0.000011
2025-11-21 08:17:29 | DEBUG    | logits_to_prob_map:180 | topk[5]: token_id=107, text='
', logprob=-12.1269, prob=0.000005
2025-11-21 08:17:29 | DEBUG    | logits_to_prob_map:180 | topk[6]: token_id=236769, text='(', logprob=-12.1269, prob=0.000005
2025-11-21 08:17:29 | DEBUG    | logits_to_prob_map:180 | topk[7]: token_id=236858, text='’', logprob=-12.6269, prob=0.000003
2025-11-21 08:17:29 | DEBUG    | logits_to_prob_map:180 | topk[8]: token_id=1018, text='**', logprob=-13.1269, prob=0.000002
2025-11-21 08:17:29 | DEBUG    | logits_to_prob_map:180 | topk[9]: token_id=236775, text='"', logprob=-13.1269, prob=0.000002
2025-11-21 08:17:29 | DEBUG    | only_abt_probs:198 | only_abt_probs result: {'A': 0.998067188039488, 'B': 0.001700327280767225, 'T': 0.0}
2025-11-21 08:17:29 | DEBUG    | main:410 | RJ prompt (truncated): <bos><start_of_turn>user
You are an impartial and unbiased judge.

You will be given answers from two assistants (Assistant A and Assistant B) to a user prompt. Please act as an impartial judge and evaluate the quality of their answers. You must output only one of the following choices:
'A' if Assistant A's answer is better.
'T' if both answers are relatively the same in quality.
'B' if Assistant B's answer is better.
Do not think or reason. Just choose which answer you prefer: A or B or T.
Outp...<truncated 6567 chars>
2025-11-21 08:17:29 | DEBUG    | main:440 | RJ prompt length: 2217
2025-11-21 08:17:33 | DEBUG    | main:461 | RJ: Generated 8 steps
2025-11-21 08:17:33 | DEBUG    | main:467 | RJ: generated text='B's answer.

B<end_of_turn>'
2025-11-21 08:17:33 | DEBUG    | main:473 | RJ step 0: token_id=236799, text='B'
2025-11-21 08:17:33 | DEBUG    | main:476 | RJ: Found A/B/T at step 0
2025-11-21 08:17:33 | DEBUG    | main:483 | RJ step 0: extracting probs from logits
2025-11-21 08:17:33 | DEBUG    | logits_to_prob_map:157 | logits_to_prob_map: input shape=torch.Size([262208]), dtype=torch.float32
2025-11-21 08:17:33 | DEBUG    | logits_to_prob_map:170 | Top-k extraction: k=50, top logprobs range=[-16.3870, -0.3870]
2025-11-21 08:17:33 | DEBUG    | logits_to_prob_map:180 | topk[0]: token_id=236799, text='B', logprob=-0.3870, prob=0.679121
2025-11-21 08:17:33 | DEBUG    | logits_to_prob_map:180 | topk[1]: token_id=236776, text='A', logprob=-1.1370, prob=0.320794
2025-11-21 08:17:33 | DEBUG    | logits_to_prob_map:180 | topk[2]: token_id=236789, text=''', logprob=-10.2620, prob=0.000035
2025-11-21 08:17:33 | DEBUG    | logits_to_prob_map:180 | topk[3]: token_id=236763, text='b', logprob=-11.7620, prob=0.000008
2025-11-21 08:17:33 | DEBUG    | logits_to_prob_map:180 | topk[4]: token_id=2205, text='As', logprob=-12.1370, prob=0.000005
2025-11-21 08:17:33 | DEBUG    | logits_to_prob_map:180 | topk[5]: token_id=236746, text='a', logprob=-12.2620, prob=0.000005
2025-11-21 08:17:33 | DEBUG    | logits_to_prob_map:180 | topk[6]: token_id=35343, text='Bs', logprob=-12.3870, prob=0.000004
2025-11-21 08:17:33 | DEBUG    | logits_to_prob_map:180 | topk[7]: token_id=107, text='
', logprob=-12.5120, prob=0.000004
2025-11-21 08:17:33 | DEBUG    | logits_to_prob_map:180 | topk[8]: token_id=236774, text='T', logprob=-12.6370, prob=0.000003
2025-11-21 08:17:33 | DEBUG    | logits_to_prob_map:180 | topk[9]: token_id=236769, text='(', logprob=-12.8870, prob=0.000003
2025-11-21 08:17:33 | DEBUG    | only_abt_probs:198 | only_abt_probs result: {'A': 0.32079419464423503, 'B': 0.679121295151703, 'T': 3.2496759924265e-06}
2025-11-21 08:17:33 | DEBUG    | main:544 | Row 69 complete: JR={'A': 0.998067188039488, 'B': 0.001700327280767225, 'T': 0.0}, RJ={'A': 0.32079419464423503, 'B': 0.679121295151703, 'T': 3.2496759924265e-06}, combined_norm={'A': 0.8387258146981114, 'B': 0.1612725602089599, 'T': 1.6250929287725774e-06}
2025-11-21 08:17:33 | INFO     | main:391 | Processing row 70/970
2025-11-21 08:17:33 | DEBUG    | main:393 | ========== Row 70 ==========
2025-11-21 08:17:33 | DEBUG    | main:394 | Built msgs_jr with 2 messages
2025-11-21 08:17:33 | DEBUG    | main:396 | msgs_jr[0] role=system content=You are an impartial and unbiased judge.
2025-11-21 08:17:33 | DEBUG    | main:396 | msgs_jr[1] role=user content=You will be given answers from two assistants (Assistant A and Assistant B) to a user prompt. Please act as an impartial judge and evaluate the quality of their answers. You must output only one of the following choices:
'A' if Assistant A's answer is better.
'T' if both answers are relatively the s...<truncated 6713 chars>
2025-11-21 08:17:33 | DEBUG    | main:410 | JR prompt (truncated): <bos><start_of_turn>user
You are an impartial and unbiased judge.

You will be given answers from two assistants (Assistant A and Assistant B) to a user prompt. Please act as an impartial judge and evaluate the quality of their answers. You must output only one of the following choices:
'A' if Assistant A's answer is better.
'T' if both answers are relatively the same in quality.
'B' if Assistant B's answer is better.
Do not think or reason. Just choose which answer you prefer: A or B or T.
Outp...<truncated 6928 chars>
2025-11-21 08:17:33 | DEBUG    | main:440 | JR prompt length: 2927
2025-11-21 08:17:37 | DEBUG    | main:461 | JR: Generated 8 steps
2025-11-21 08:17:37 | DEBUG    | main:467 | JR: generated text='B's answer.

B<end_of_turn>'
2025-11-21 08:17:37 | DEBUG    | main:473 | JR step 0: token_id=236799, text='B'
2025-11-21 08:17:37 | DEBUG    | main:476 | JR: Found A/B/T at step 0
2025-11-21 08:17:37 | DEBUG    | main:483 | JR step 0: extracting probs from logits
2025-11-21 08:17:37 | DEBUG    | logits_to_prob_map:157 | logits_to_prob_map: input shape=torch.Size([262208]), dtype=torch.float32
2025-11-21 08:17:37 | DEBUG    | logits_to_prob_map:170 | Top-k extraction: k=50, top logprobs range=[-15.9435, -0.0060]
2025-11-21 08:17:37 | DEBUG    | logits_to_prob_map:180 | topk[0]: token_id=236799, text='B', logprob=-0.0060, prob=0.993979
2025-11-21 08:17:37 | DEBUG    | logits_to_prob_map:180 | topk[1]: token_id=236776, text='A', logprob=-5.1310, prob=0.005910
2025-11-21 08:17:37 | DEBUG    | logits_to_prob_map:180 | topk[2]: token_id=236789, text=''', logprob=-10.3810, prob=0.000031
2025-11-21 08:17:37 | DEBUG    | logits_to_prob_map:180 | topk[3]: token_id=35343, text='Bs', logprob=-11.3810, prob=0.000011
2025-11-21 08:17:37 | DEBUG    | logits_to_prob_map:180 | topk[4]: token_id=236763, text='b', logprob=-11.5060, prob=0.000010
2025-11-21 08:17:37 | DEBUG    | logits_to_prob_map:180 | topk[5]: token_id=107, text='
', logprob=-11.6310, prob=0.000009
2025-11-21 08:17:37 | DEBUG    | logits_to_prob_map:180 | topk[6]: token_id=74314, text='Assistant', logprob=-11.6310, prob=0.000009
2025-11-21 08:17:37 | DEBUG    | logits_to_prob_map:180 | topk[7]: token_id=22186, text='Both', logprob=-12.2560, prob=0.000005
2025-11-21 08:17:37 | DEBUG    | logits_to_prob_map:180 | topk[8]: token_id=7925, text='Answer', logprob=-12.6310, prob=0.000003
2025-11-21 08:17:37 | DEBUG    | logits_to_prob_map:180 | topk[9]: token_id=14433, text='answer', logprob=-12.8810, prob=0.000003
2025-11-21 08:17:37 | DEBUG    | only_abt_probs:198 | only_abt_probs result: {'A': 0.005910415516893209, 'B': 0.9939788536276702, 'T': 1.5441458946905936e-06}
2025-11-21 08:17:37 | DEBUG    | main:410 | RJ prompt (truncated): <bos><start_of_turn>user
You are an impartial and unbiased judge.

You will be given answers from two assistants (Assistant A and Assistant B) to a user prompt. Please act as an impartial judge and evaluate the quality of their answers. You must output only one of the following choices:
'A' if Assistant A's answer is better.
'T' if both answers are relatively the same in quality.
'B' if Assistant B's answer is better.
Do not think or reason. Just choose which answer you prefer: A or B or T.
Outp...<truncated 6928 chars>
2025-11-21 08:17:37 | DEBUG    | main:440 | RJ prompt length: 2927
2025-11-21 08:17:41 | DEBUG    | main:461 | RJ: Generated 8 steps
2025-11-21 08:17:41 | DEBUG    | main:467 | RJ: generated text='A's answer.

A<end_of_turn>'
2025-11-21 08:17:41 | DEBUG    | main:473 | RJ step 0: token_id=236776, text='A'
2025-11-21 08:17:41 | DEBUG    | main:476 | RJ: Found A/B/T at step 0
2025-11-21 08:17:41 | DEBUG    | main:483 | RJ step 0: extracting probs from logits
2025-11-21 08:17:41 | DEBUG    | logits_to_prob_map:157 | logits_to_prob_map: input shape=torch.Size([262208]), dtype=torch.float32
2025-11-21 08:17:41 | DEBUG    | logits_to_prob_map:170 | Top-k extraction: k=50, top logprobs range=[-16.4412, -0.0037]
2025-11-21 08:17:41 | DEBUG    | logits_to_prob_map:180 | topk[0]: token_id=236776, text='A', logprob=-0.0037, prob=0.996265
2025-11-21 08:17:41 | DEBUG    | logits_to_prob_map:180 | topk[1]: token_id=236799, text='B', logprob=-5.6287, prob=0.003593
2025-11-21 08:17:41 | DEBUG    | logits_to_prob_map:180 | topk[2]: token_id=236789, text=''', logprob=-9.6287, prob=0.000066
2025-11-21 08:17:41 | DEBUG    | logits_to_prob_map:180 | topk[3]: token_id=2205, text='As', logprob=-10.1287, prob=0.000040
2025-11-21 08:17:41 | DEBUG    | logits_to_prob_map:180 | topk[4]: token_id=236746, text='a', logprob=-11.6287, prob=0.000009
2025-11-21 08:17:41 | DEBUG    | logits_to_prob_map:180 | topk[5]: token_id=236769, text='(', logprob=-12.7537, prob=0.000003
2025-11-21 08:17:41 | DEBUG    | logits_to_prob_map:180 | topk[6]: token_id=107, text='
', logprob=-13.2537, prob=0.000002
2025-11-21 08:17:41 | DEBUG    | logits_to_prob_map:180 | topk[7]: token_id=236858, text='’', logprob=-13.2537, prob=0.000002
2025-11-21 08:17:41 | DEBUG    | logits_to_prob_map:180 | topk[8]: token_id=236775, text='"', logprob=-13.5037, prob=0.000001
2025-11-21 08:17:41 | DEBUG    | logits_to_prob_map:180 | topk[9]: token_id=237095, text='‘', logprob=-13.6287, prob=0.000001
2025-11-21 08:17:41 | DEBUG    | only_abt_probs:198 | only_abt_probs result: {'A': 0.9962651079860589, 'B': 0.0035930935258227333, 'T': 1.3523630003151014e-07}
2025-11-21 08:17:41 | DEBUG    | main:544 | Row 70 complete: JR={'A': 0.005910415516893209, 'B': 0.9939788536276702, 'T': 1.5441458946905936e-06}, RJ={'A': 0.9962651079860589, 'B': 0.0035930935258227333, 'T': 1.3523630003151014e-07}, combined_norm={'A': 0.004752350584838259, 'B': 0.9952468096187329, 'T': 8.397964288119109e-07}
2025-11-21 08:17:41 | DEBUG    | main:393 | ========== Row 71 ==========
2025-11-21 08:17:41 | DEBUG    | main:394 | Built msgs_jr with 2 messages
2025-11-21 08:17:41 | DEBUG    | main:396 | msgs_jr[0] role=system content=You are an impartial and unbiased judge.
2025-11-21 08:17:41 | DEBUG    | main:396 | msgs_jr[1] role=user content=You will be given answers from two assistants (Assistant A and Assistant B) to a user prompt. Please act as an impartial judge and evaluate the quality of their answers. You must output only one of the following choices:
'A' if Assistant A's answer is better.
'T' if both answers are relatively the s...<truncated 17507 chars>
2025-11-21 08:17:41 | DEBUG    | main:410 | JR prompt (truncated): <bos><start_of_turn>user
You are an impartial and unbiased judge.

You will be given answers from two assistants (Assistant A and Assistant B) to a user prompt. Please act as an impartial judge and evaluate the quality of their answers. You must output only one of the following choices:
'A' if Assistant A's answer is better.
'T' if both answers are relatively the same in quality.
'B' if Assistant B's answer is better.
Do not think or reason. Just choose which answer you prefer: A or B or T.
Outp...<truncated 17722 chars>
2025-11-21 08:17:41 | DEBUG    | main:440 | JR prompt length: 9682
2025-11-21 08:18:01 | DEBUG    | main:461 | JR: Generated 8 steps
2025-11-21 08:18:01 | DEBUG    | main:467 | JR: generated text='A's answer.

A<end_of_turn>'
2025-11-21 08:18:01 | DEBUG    | main:473 | JR step 0: token_id=236776, text='A'
2025-11-21 08:18:01 | DEBUG    | main:476 | JR: Found A/B/T at step 0
2025-11-21 08:18:01 | DEBUG    | main:483 | JR step 0: extracting probs from logits
2025-11-21 08:18:01 | DEBUG    | logits_to_prob_map:157 | logits_to_prob_map: input shape=torch.Size([262208]), dtype=torch.float32
2025-11-21 08:18:01 | DEBUG    | logits_to_prob_map:170 | Top-k extraction: k=50, top logprobs range=[-11.9409, -0.0659]
2025-11-21 08:18:01 | DEBUG    | logits_to_prob_map:180 | topk[0]: token_id=236776, text='A', logprob=-0.0659, prob=0.936201
2025-11-21 08:18:01 | DEBUG    | logits_to_prob_map:180 | topk[1]: token_id=236799, text='B', logprob=-2.8159, prob=0.059849
2025-11-21 08:18:01 | DEBUG    | logits_to_prob_map:180 | topk[2]: token_id=236789, text=''', logprob=-6.8159, prob=0.001096
2025-11-21 08:18:01 | DEBUG    | logits_to_prob_map:180 | topk[3]: token_id=2205, text='As', logprob=-7.9409, prob=0.000356
2025-11-21 08:18:01 | DEBUG    | logits_to_prob_map:180 | topk[4]: token_id=107, text='
', logprob=-7.9409, prob=0.000356
2025-11-21 08:18:01 | DEBUG    | logits_to_prob_map:180 | topk[5]: token_id=1018, text='**', logprob=-8.1909, prob=0.000277
2025-11-21 08:18:01 | DEBUG    | logits_to_prob_map:180 | topk[6]: token_id=236746, text='a', logprob=-8.5659, prob=0.000190
2025-11-21 08:18:01 | DEBUG    | logits_to_prob_map:180 | topk[7]: token_id=236769, text='(', logprob=-9.0034, prob=0.000123
2025-11-21 08:18:01 | DEBUG    | logits_to_prob_map:180 | topk[8]: token_id=108, text='

', logprob=-9.3784, prob=0.000085
2025-11-21 08:18:01 | DEBUG    | logits_to_prob_map:180 | topk[9]: token_id=7925, text='Answer', logprob=-9.6284, prob=0.000066
2025-11-21 08:18:01 | DEBUG    | only_abt_probs:198 | only_abt_probs result: {'A': 0.9362011933542607, 'B': 0.05984933950439285, 'T': 3.310174213562035e-05}
2025-11-21 08:18:01 | DEBUG    | main:410 | RJ prompt (truncated): <bos><start_of_turn>user
You are an impartial and unbiased judge.

You will be given answers from two assistants (Assistant A and Assistant B) to a user prompt. Please act as an impartial judge and evaluate the quality of their answers. You must output only one of the following choices:
'A' if Assistant A's answer is better.
'T' if both answers are relatively the same in quality.
'B' if Assistant B's answer is better.
Do not think or reason. Just choose which answer you prefer: A or B or T.
Outp...<truncated 17722 chars>
2025-11-21 08:18:01 | DEBUG    | main:440 | RJ prompt length: 9682
2025-11-21 08:18:20 | DEBUG    | main:461 | RJ: Generated 8 steps
2025-11-21 08:18:20 | DEBUG    | main:467 | RJ: generated text='B's answer.

B<end_of_turn>'
2025-11-21 08:18:20 | DEBUG    | main:473 | RJ step 0: token_id=236799, text='B'
2025-11-21 08:18:20 | DEBUG    | main:476 | RJ: Found A/B/T at step 0
2025-11-21 08:18:20 | DEBUG    | main:483 | RJ step 0: extracting probs from logits
2025-11-21 08:18:20 | DEBUG    | logits_to_prob_map:157 | logits_to_prob_map: input shape=torch.Size([262208]), dtype=torch.float32
2025-11-21 08:18:20 | DEBUG    | logits_to_prob_map:170 | Top-k extraction: k=50, top logprobs range=[-12.9555, -0.0180]
2025-11-21 08:18:20 | DEBUG    | logits_to_prob_map:180 | topk[0]: token_id=236799, text='B', logprob=-0.0180, prob=0.982157
2025-11-21 08:18:20 | DEBUG    | logits_to_prob_map:180 | topk[1]: token_id=236776, text='A', logprob=-4.1430, prob=0.015875
2025-11-21 08:18:20 | DEBUG    | logits_to_prob_map:180 | topk[2]: token_id=236789, text=''', logprob=-7.2680, prob=0.000698
2025-11-21 08:18:20 | DEBUG    | logits_to_prob_map:180 | topk[3]: token_id=236763, text='b', logprob=-8.7680, prob=0.000156
2025-11-21 08:18:20 | DEBUG    | logits_to_prob_map:180 | topk[4]: token_id=236774, text='T', logprob=-8.7680, prob=0.000156
2025-11-21 08:18:20 | DEBUG    | logits_to_prob_map:180 | topk[5]: token_id=35343, text='Bs', logprob=-9.1430, prob=0.000107
2025-11-21 08:18:20 | DEBUG    | logits_to_prob_map:180 | topk[6]: token_id=107, text='
', logprob=-9.7055, prob=0.000061
2025-11-21 08:18:20 | DEBUG    | logits_to_prob_map:180 | topk[7]: token_id=74314, text='Assistant', logprob=-10.0805, prob=0.000042
2025-11-21 08:18:20 | DEBUG    | logits_to_prob_map:180 | topk[8]: token_id=22186, text='Both', logprob=-10.0805, prob=0.000042
2025-11-21 08:18:20 | DEBUG    | logits_to_prob_map:180 | topk[9]: token_id=14433, text='answer', logprob=-10.2680, prob=0.000035
2025-11-21 08:18:20 | DEBUG    | only_abt_probs:198 | only_abt_probs result: {'A': 0.015875084404169557, 'B': 0.9821569023033461, 'T': 0.00015563385116303344}
2025-11-21 08:18:20 | DEBUG    | main:544 | Row 71 complete: JR={'A': 0.9362011933542607, 'B': 0.05984933950439285, 'T': 3.310174213562035e-05}, RJ={'A': 0.015875084404169557, 'B': 0.9821569023033461, 'T': 0.00015563385116303344}, combined_norm={'A': 0.9619343861546102, 'B': 0.03797097496774944, 'T': 9.463887764032479e-05}
2025-11-21 08:18:20 | DEBUG    | main:393 | ========== Row 72 ==========
2025-11-21 08:18:20 | DEBUG    | main:394 | Built msgs_jr with 2 messages
2025-11-21 08:18:20 | DEBUG    | main:396 | msgs_jr[0] role=system content=You are an impartial and unbiased judge.
2025-11-21 08:18:20 | DEBUG    | main:396 | msgs_jr[1] role=user content=You will be given answers from two assistants (Assistant A and Assistant B) to a user prompt. Please act as an impartial judge and evaluate the quality of their answers. You must output only one of the following choices:
'A' if Assistant A's answer is better.
'T' if both answers are relatively the s...<truncated 4077 chars>
2025-11-21 08:18:20 | DEBUG    | main:410 | JR prompt (truncated): <bos><start_of_turn>user
You are an impartial and unbiased judge.

You will be given answers from two assistants (Assistant A and Assistant B) to a user prompt. Please act as an impartial judge and evaluate the quality of their answers. You must output only one of the following choices:
'A' if Assistant A's answer is better.
'T' if both answers are relatively the same in quality.
'B' if Assistant B's answer is better.
Do not think or reason. Just choose which answer you prefer: A or B or T.
Outp...<truncated 4292 chars>
2025-11-21 08:18:20 | DEBUG    | main:440 | JR prompt length: 1574
2025-11-21 08:18:23 | DEBUG    | main:461 | JR: Generated 8 steps
2025-11-21 08:18:23 | DEBUG    | main:467 | JR: generated text='A's answer.

A<end_of_turn>'
2025-11-21 08:18:23 | DEBUG    | main:473 | JR step 0: token_id=236776, text='A'
2025-11-21 08:18:23 | DEBUG    | main:476 | JR: Found A/B/T at step 0
2025-11-21 08:18:23 | DEBUG    | main:483 | JR step 0: extracting probs from logits
2025-11-21 08:18:23 | DEBUG    | logits_to_prob_map:157 | logits_to_prob_map: input shape=torch.Size([262208]), dtype=torch.float32
2025-11-21 08:18:23 | DEBUG    | logits_to_prob_map:170 | Top-k extraction: k=50, top logprobs range=[-15.7683, -0.0183]
2025-11-21 08:18:23 | DEBUG    | logits_to_prob_map:180 | topk[0]: token_id=236776, text='A', logprob=-0.0183, prob=0.981848
2025-11-21 08:18:23 | DEBUG    | logits_to_prob_map:180 | topk[1]: token_id=236799, text='B', logprob=-4.0183, prob=0.017983
2025-11-21 08:18:23 | DEBUG    | logits_to_prob_map:180 | topk[2]: token_id=236789, text=''', logprob=-9.5183, prob=0.000073
2025-11-21 08:18:23 | DEBUG    | logits_to_prob_map:180 | topk[3]: token_id=2205, text='As', logprob=-10.3933, prob=0.000031
2025-11-21 08:18:23 | DEBUG    | logits_to_prob_map:180 | topk[4]: token_id=236769, text='(', logprob=-11.3933, prob=0.000011
2025-11-21 08:18:23 | DEBUG    | logits_to_prob_map:180 | topk[5]: token_id=107, text='
', logprob=-11.5183, prob=0.000010
2025-11-21 08:18:23 | DEBUG    | logits_to_prob_map:180 | topk[6]: token_id=236746, text='a', logprob=-11.7683, prob=0.000008
2025-11-21 08:18:23 | DEBUG    | logits_to_prob_map:180 | topk[7]: token_id=236858, text='’', logprob=-13.1433, prob=0.000002
2025-11-21 08:18:23 | DEBUG    | logits_to_prob_map:180 | topk[8]: token_id=236775, text='"', logprob=-13.1433, prob=0.000002
2025-11-21 08:18:23 | DEBUG    | logits_to_prob_map:180 | topk[9]: token_id=432, text='�', logprob=-13.2683, prob=0.000002
2025-11-21 08:18:23 | DEBUG    | only_abt_probs:198 | only_abt_probs result: {'A': 0.9818477843628155, 'B': 0.01798316691637724, 'T': 3.003494730983773e-07}
2025-11-21 08:18:23 | DEBUG    | main:410 | RJ prompt (truncated): <bos><start_of_turn>user
You are an impartial and unbiased judge.

You will be given answers from two assistants (Assistant A and Assistant B) to a user prompt. Please act as an impartial judge and evaluate the quality of their answers. You must output only one of the following choices:
'A' if Assistant A's answer is better.
'T' if both answers are relatively the same in quality.
'B' if Assistant B's answer is better.
Do not think or reason. Just choose which answer you prefer: A or B or T.
Outp...<truncated 4292 chars>
2025-11-21 08:18:23 | DEBUG    | main:440 | RJ prompt length: 1574
2025-11-21 08:18:25 | DEBUG    | main:461 | RJ: Generated 8 steps
2025-11-21 08:18:25 | DEBUG    | main:467 | RJ: generated text='B's answer.

B<end_of_turn>'
2025-11-21 08:18:25 | DEBUG    | main:473 | RJ step 0: token_id=236799, text='B'
2025-11-21 08:18:25 | DEBUG    | main:476 | RJ: Found A/B/T at step 0
2025-11-21 08:18:25 | DEBUG    | main:483 | RJ step 0: extracting probs from logits
2025-11-21 08:18:25 | DEBUG    | logits_to_prob_map:157 | logits_to_prob_map: input shape=torch.Size([262208]), dtype=torch.float32
2025-11-21 08:18:25 | DEBUG    | logits_to_prob_map:170 | Top-k extraction: k=50, top logprobs range=[-15.3506, -0.2256]
2025-11-21 08:18:25 | DEBUG    | logits_to_prob_map:180 | topk[0]: token_id=236799, text='B', logprob=-0.2256, prob=0.798031
2025-11-21 08:18:25 | DEBUG    | logits_to_prob_map:180 | topk[1]: token_id=236776, text='A', logprob=-1.6006, prob=0.201774
2025-11-21 08:18:25 | DEBUG    | logits_to_prob_map:180 | topk[2]: token_id=236789, text=''', logprob=-9.6006, prob=0.000068
2025-11-21 08:18:25 | DEBUG    | logits_to_prob_map:180 | topk[3]: token_id=107, text='
', logprob=-10.8506, prob=0.000019
2025-11-21 08:18:25 | DEBUG    | logits_to_prob_map:180 | topk[4]: token_id=236763, text='b', logprob=-10.9756, prob=0.000017
2025-11-21 08:18:25 | DEBUG    | logits_to_prob_map:180 | topk[5]: token_id=35343, text='Bs', logprob=-11.2256, prob=0.000013
2025-11-21 08:18:25 | DEBUG    | logits_to_prob_map:180 | topk[6]: token_id=2205, text='As', logprob=-11.3506, prob=0.000012
2025-11-21 08:18:25 | DEBUG    | logits_to_prob_map:180 | topk[7]: token_id=22186, text='Both', logprob=-11.8506, prob=0.000007
2025-11-21 08:18:25 | DEBUG    | logits_to_prob_map:180 | topk[8]: token_id=236769, text='(', logprob=-11.9756, prob=0.000006
2025-11-21 08:18:25 | DEBUG    | logits_to_prob_map:180 | topk[9]: token_id=236774, text='T', logprob=-12.3506, prob=0.000004
2025-11-21 08:18:25 | DEBUG    | only_abt_probs:198 | only_abt_probs result: {'A': 0.20177387615290165, 'B': 0.7980311370826191, 'T': 4.327122130053436e-06}
2025-11-21 08:18:25 | DEBUG    | main:544 | Row 72 complete: JR={'A': 0.9818477843628155, 'B': 0.01798316691637724, 'T': 3.003494730983773e-07}, RJ={'A': 0.20177387615290165, 'B': 0.7980311370826191, 'T': 4.327122130053436e-06}, combined_norm={'A': 0.890099415154108, 'B': 0.10989827069422817, 'T': 2.314151663902349e-06}
2025-11-21 08:18:25 | DEBUG    | main:393 | ========== Row 73 ==========
2025-11-21 08:18:25 | DEBUG    | main:394 | Built msgs_jr with 2 messages
2025-11-21 08:18:25 | DEBUG    | main:396 | msgs_jr[0] role=system content=You are an impartial and unbiased judge.
2025-11-21 08:18:25 | DEBUG    | main:396 | msgs_jr[1] role=user content=You will be given answers from two assistants (Assistant A and Assistant B) to a user prompt. Please act as an impartial judge and evaluate the quality of their answers. You must output only one of the following choices:
'A' if Assistant A's answer is better.
'T' if both answers are relatively the s...<truncated 11517 chars>
2025-11-21 08:18:25 | DEBUG    | main:410 | JR prompt (truncated): <bos><start_of_turn>user
You are an impartial and unbiased judge.

You will be given answers from two assistants (Assistant A and Assistant B) to a user prompt. Please act as an impartial judge and evaluate the quality of their answers. You must output only one of the following choices:
'A' if Assistant A's answer is better.
'T' if both answers are relatively the same in quality.
'B' if Assistant B's answer is better.
Do not think or reason. Just choose which answer you prefer: A or B or T.
Outp...<truncated 11732 chars>
2025-11-21 08:18:25 | DEBUG    | main:440 | JR prompt length: 4590
2025-11-21 08:18:32 | DEBUG    | main:461 | JR: Generated 8 steps
2025-11-21 08:18:32 | DEBUG    | main:467 | JR: generated text='A's answer.

A<end_of_turn>'
2025-11-21 08:18:32 | DEBUG    | main:473 | JR step 0: token_id=236776, text='A'
2025-11-21 08:18:32 | DEBUG    | main:476 | JR: Found A/B/T at step 0
2025-11-21 08:18:32 | DEBUG    | main:483 | JR step 0: extracting probs from logits
2025-11-21 08:18:32 | DEBUG    | logits_to_prob_map:157 | logits_to_prob_map: input shape=torch.Size([262208]), dtype=torch.float32
2025-11-21 08:18:32 | DEBUG    | logits_to_prob_map:170 | Top-k extraction: k=50, top logprobs range=[-13.3154, -0.0029]
2025-11-21 08:18:32 | DEBUG    | logits_to_prob_map:180 | topk[0]: token_id=236776, text='A', logprob=-0.0029, prob=0.997123
2025-11-21 08:18:32 | DEBUG    | logits_to_prob_map:180 | topk[1]: token_id=236799, text='B', logprob=-6.3779, prob=0.001699
2025-11-21 08:18:32 | DEBUG    | logits_to_prob_map:180 | topk[2]: token_id=236789, text=''', logprob=-7.6279, prob=0.000487
2025-11-21 08:18:32 | DEBUG    | logits_to_prob_map:180 | topk[3]: token_id=2205, text='As', logprob=-8.3779, prob=0.000230
2025-11-21 08:18:32 | DEBUG    | logits_to_prob_map:180 | topk[4]: token_id=236746, text='a', logprob=-9.6279, prob=0.000066
2025-11-21 08:18:32 | DEBUG    | logits_to_prob_map:180 | topk[5]: token_id=107, text='
', logprob=-10.3779, prob=0.000031
2025-11-21 08:18:32 | DEBUG    | logits_to_prob_map:180 | topk[6]: token_id=236795, text='$', logprob=-10.6279, prob=0.000024
2025-11-21 08:18:32 | DEBUG    | logits_to_prob_map:180 | topk[7]: token_id=236769, text='(', logprob=-10.8154, prob=0.000020
2025-11-21 08:18:32 | DEBUG    | logits_to_prob_map:180 | topk[8]: token_id=26315, text='because', logprob=-11.0654, prob=0.000016
2025-11-21 08:18:32 | DEBUG    | logits_to_prob_map:180 | topk[9]: token_id=236858, text='’', logprob=-11.0654, prob=0.000016
2025-11-21 08:18:32 | DEBUG    | only_abt_probs:198 | only_abt_probs result: {'A': 0.9971234336940832, 'B': 0.0016987194554351419, 'T': 0.0}
2025-11-21 08:18:32 | DEBUG    | main:410 | RJ prompt (truncated): <bos><start_of_turn>user
You are an impartial and unbiased judge.

You will be given answers from two assistants (Assistant A and Assistant B) to a user prompt. Please act as an impartial judge and evaluate the quality of their answers. You must output only one of the following choices:
'A' if Assistant A's answer is better.
'T' if both answers are relatively the same in quality.
'B' if Assistant B's answer is better.
Do not think or reason. Just choose which answer you prefer: A or B or T.
Outp...<truncated 11732 chars>
2025-11-21 08:18:32 | DEBUG    | main:440 | RJ prompt length: 4590
2025-11-21 08:18:39 | DEBUG    | main:461 | RJ: Generated 8 steps
2025-11-21 08:18:39 | DEBUG    | main:467 | RJ: generated text='B's answer.

B<end_of_turn>'
2025-11-21 08:18:39 | DEBUG    | main:473 | RJ step 0: token_id=236799, text='B'
2025-11-21 08:18:39 | DEBUG    | main:476 | RJ: Found A/B/T at step 0
2025-11-21 08:18:39 | DEBUG    | main:483 | RJ step 0: extracting probs from logits
2025-11-21 08:18:39 | DEBUG    | logits_to_prob_map:157 | logits_to_prob_map: input shape=torch.Size([262208]), dtype=torch.float32
2025-11-21 08:18:39 | DEBUG    | logits_to_prob_map:170 | Top-k extraction: k=50, top logprobs range=[-14.1885, -0.0010]
2025-11-21 08:18:39 | DEBUG    | logits_to_prob_map:180 | topk[0]: token_id=236799, text='B', logprob=-0.0010, prob=0.999043
2025-11-21 08:18:39 | DEBUG    | logits_to_prob_map:180 | topk[1]: token_id=236776, text='A', logprob=-7.8760, prob=0.000380
2025-11-21 08:18:39 | DEBUG    | logits_to_prob_map:180 | topk[2]: token_id=35343, text='Bs', logprob=-8.7510, prob=0.000158
2025-11-21 08:18:39 | DEBUG    | logits_to_prob_map:180 | topk[3]: token_id=236789, text=''', logprob=-8.7510, prob=0.000158
2025-11-21 08:18:39 | DEBUG    | logits_to_prob_map:180 | topk[4]: token_id=236763, text='b', logprob=-10.0010, prob=0.000045
2025-11-21 08:18:39 | DEBUG    | logits_to_prob_map:180 | topk[5]: token_id=74314, text='Assistant', logprob=-11.1260, prob=0.000015
2025-11-21 08:18:39 | DEBUG    | logits_to_prob_map:180 | topk[6]: token_id=14433, text='answer', logprob=-11.2510, prob=0.000013
2025-11-21 08:18:39 | DEBUG    | logits_to_prob_map:180 | topk[7]: token_id=107, text='
', logprob=-11.2510, prob=0.000013
2025-11-21 08:18:39 | DEBUG    | logits_to_prob_map:180 | topk[8]: token_id=7925, text='Answer', logprob=-11.4385, prob=0.000011
2025-11-21 08:18:39 | DEBUG    | logits_to_prob_map:180 | topk[9]: token_id=236775, text='"', logprob=-11.5010, prob=0.000010
2025-11-21 08:18:39 | DEBUG    | only_abt_probs:198 | only_abt_probs result: {'A': 0.00037976498167513044, 'B': 0.9990427130151887, 'T': 1.7586616065742744e-06}
2025-11-21 08:18:39 | DEBUG    | main:544 | Row 73 complete: JR={'A': 0.9971234336940832, 'B': 0.0016987194554351419, 'T': 0.0}, RJ={'A': 0.00037976498167513044, 'B': 0.9990427130151887, 'T': 1.7586616065742744e-06}, combined_norm={'A': 0.9989589656664328, 'B': 0.0010401542310855838, 'T': 8.801024816280359e-07}
2025-11-21 08:18:39 | DEBUG    | main:393 | ========== Row 74 ==========
2025-11-21 08:18:39 | DEBUG    | main:394 | Built msgs_jr with 2 messages
2025-11-21 08:18:39 | DEBUG    | main:396 | msgs_jr[0] role=system content=You are an impartial and unbiased judge.
2025-11-21 08:18:39 | DEBUG    | main:396 | msgs_jr[1] role=user content=You will be given answers from two assistants (Assistant A and Assistant B) to a user prompt. Please act as an impartial judge and evaluate the quality of their answers. You must output only one of the following choices:
'A' if Assistant A's answer is better.
'T' if both answers are relatively the s...<truncated 23995 chars>
2025-11-21 08:18:39 | DEBUG    | main:410 | JR prompt (truncated): <bos><start_of_turn>user
You are an impartial and unbiased judge.

You will be given answers from two assistants (Assistant A and Assistant B) to a user prompt. Please act as an impartial judge and evaluate the quality of their answers. You must output only one of the following choices:
'A' if Assistant A's answer is better.
'T' if both answers are relatively the same in quality.
'B' if Assistant B's answer is better.
Do not think or reason. Just choose which answer you prefer: A or B or T.
Outp...<truncated 24210 chars>
2025-11-21 08:18:39 | DEBUG    | main:440 | JR prompt length: 10407
2025-11-21 08:19:00 | DEBUG    | main:461 | JR: Generated 8 steps
2025-11-21 08:19:00 | DEBUG    | main:467 | JR: generated text='A's answer.
A<end_of_turn>'
2025-11-21 08:19:00 | DEBUG    | main:473 | JR step 0: token_id=236776, text='A'
2025-11-21 08:19:00 | DEBUG    | main:476 | JR: Found A/B/T at step 0
2025-11-21 08:19:00 | DEBUG    | main:483 | JR step 0: extracting probs from logits
2025-11-21 08:19:00 | DEBUG    | logits_to_prob_map:157 | logits_to_prob_map: input shape=torch.Size([262208]), dtype=torch.float32
2025-11-21 08:19:00 | DEBUG    | logits_to_prob_map:170 | Top-k extraction: k=50, top logprobs range=[-12.5695, -0.2570]
2025-11-21 08:19:00 | DEBUG    | logits_to_prob_map:180 | topk[0]: token_id=236776, text='A', logprob=-0.2570, prob=0.773336
2025-11-21 08:19:00 | DEBUG    | logits_to_prob_map:180 | topk[1]: token_id=236799, text='B', logprob=-1.5070, prob=0.221564
2025-11-21 08:19:00 | DEBUG    | logits_to_prob_map:180 | topk[2]: token_id=1018, text='**', logprob=-6.7570, prob=0.001163
2025-11-21 08:19:00 | DEBUG    | logits_to_prob_map:180 | topk[3]: token_id=107, text='
', logprob=-6.8820, prob=0.001026
2025-11-21 08:19:00 | DEBUG    | logits_to_prob_map:180 | topk[4]: token_id=108, text='

', logprob=-7.1320, prob=0.000799
2025-11-21 08:19:00 | DEBUG    | logits_to_prob_map:180 | topk[5]: token_id=236789, text=''', logprob=-7.1320, prob=0.000799
2025-11-21 08:19:00 | DEBUG    | logits_to_prob_map:180 | topk[6]: token_id=236761, text='.', logprob=-8.1320, prob=0.000294
2025-11-21 08:19:00 | DEBUG    | logits_to_prob_map:180 | topk[7]: token_id=236769, text='(', logprob=-9.2570, prob=0.000095
2025-11-21 08:19:00 | DEBUG    | logits_to_prob_map:180 | topk[8]: token_id=236775, text='"', logprob=-9.5070, prob=0.000074
2025-11-21 08:19:00 | DEBUG    | logits_to_prob_map:180 | topk[9]: token_id=236746, text='a', logprob=-9.7570, prob=0.000058
2025-11-21 08:19:00 | DEBUG    | only_abt_probs:198 | only_abt_probs result: {'A': 0.7733359014609473, 'B': 0.22156443874962578, 'T': 3.939164428412262e-06}
2025-11-21 08:19:00 | DEBUG    | main:410 | RJ prompt (truncated): <bos><start_of_turn>user
You are an impartial and unbiased judge.

You will be given answers from two assistants (Assistant A and Assistant B) to a user prompt. Please act as an impartial judge and evaluate the quality of their answers. You must output only one of the following choices:
'A' if Assistant A's answer is better.
'T' if both answers are relatively the same in quality.
'B' if Assistant B's answer is better.
Do not think or reason. Just choose which answer you prefer: A or B or T.
Outp...<truncated 24210 chars>
2025-11-21 08:19:00 | DEBUG    | main:440 | RJ prompt length: 10407
2025-11-21 08:19:21 | DEBUG    | main:461 | RJ: Generated 8 steps
2025-11-21 08:19:21 | DEBUG    | main:467 | RJ: generated text='B's answer.

B<end_of_turn>'
2025-11-21 08:19:21 | DEBUG    | main:473 | RJ step 0: token_id=236799, text='B'
2025-11-21 08:19:21 | DEBUG    | main:476 | RJ: Found A/B/T at step 0
2025-11-21 08:19:21 | DEBUG    | main:483 | RJ step 0: extracting probs from logits
2025-11-21 08:19:21 | DEBUG    | logits_to_prob_map:157 | logits_to_prob_map: input shape=torch.Size([262208]), dtype=torch.float32
2025-11-21 08:19:21 | DEBUG    | logits_to_prob_map:170 | Top-k extraction: k=50, top logprobs range=[-11.6502, -0.0252]
2025-11-21 08:19:21 | DEBUG    | logits_to_prob_map:180 | topk[0]: token_id=236799, text='B', logprob=-0.0252, prob=0.975155
2025-11-21 08:19:21 | DEBUG    | logits_to_prob_map:180 | topk[1]: token_id=236776, text='A', logprob=-3.9002, prob=0.020239
2025-11-21 08:19:21 | DEBUG    | logits_to_prob_map:180 | topk[2]: token_id=236789, text=''', logprob=-6.6502, prob=0.001294
2025-11-21 08:19:21 | DEBUG    | logits_to_prob_map:180 | topk[3]: token_id=107, text='
', logprob=-7.9002, prob=0.000371
2025-11-21 08:19:21 | DEBUG    | logits_to_prob_map:180 | topk[4]: token_id=108, text='

', logprob=-8.5877, prob=0.000186
2025-11-21 08:19:21 | DEBUG    | logits_to_prob_map:180 | topk[5]: token_id=35343, text='Bs', logprob=-8.5877, prob=0.000186
2025-11-21 08:19:21 | DEBUG    | logits_to_prob_map:180 | topk[6]: token_id=14433, text='answer', logprob=-8.6502, prob=0.000175
2025-11-21 08:19:21 | DEBUG    | logits_to_prob_map:180 | topk[7]: token_id=236763, text='b', logprob=-8.6502, prob=0.000175
2025-11-21 08:19:21 | DEBUG    | logits_to_prob_map:180 | topk[8]: token_id=7925, text='Answer', logprob=-8.9002, prob=0.000136
2025-11-21 08:19:21 | DEBUG    | logits_to_prob_map:180 | topk[9]: token_id=236785, text='\', logprob=-8.9002, prob=0.000136
2025-11-21 08:19:21 | DEBUG    | only_abt_probs:198 | only_abt_probs result: {'A': 0.02023870527361323, 'B': 0.9751553355498176, 'T': 4.4271966919026126e-05}
2025-11-21 08:19:21 | DEBUG    | main:544 | Row 74 complete: JR={'A': 0.7733359014609473, 'B': 0.22156443874962578, 'T': 3.939164428412262e-06}, RJ={'A': 0.02023870527361323, 'B': 0.9751553355498176, 'T': 4.4271966919026126e-05}, combined_norm={'A': 0.878487574899621, 'B': 0.12148820257128416, 'T': 2.4222529094846985e-05}
2025-11-21 08:19:21 | DEBUG    | main:393 | ========== Row 75 ==========
2025-11-21 08:19:21 | DEBUG    | main:394 | Built msgs_jr with 2 messages
2025-11-21 08:19:21 | DEBUG    | main:396 | msgs_jr[0] role=system content=You are an impartial and unbiased judge.
2025-11-21 08:19:21 | DEBUG    | main:396 | msgs_jr[1] role=user content=You will be given answers from two assistants (Assistant A and Assistant B) to a user prompt. Please act as an impartial judge and evaluate the quality of their answers. You must output only one of the following choices:
'A' if Assistant A's answer is better.
'T' if both answers are relatively the s...<truncated 8407 chars>
2025-11-21 08:19:21 | DEBUG    | main:410 | JR prompt (truncated): <bos><start_of_turn>user
You are an impartial and unbiased judge.

You will be given answers from two assistants (Assistant A and Assistant B) to a user prompt. Please act as an impartial judge and evaluate the quality of their answers. You must output only one of the following choices:
'A' if Assistant A's answer is better.
'T' if both answers are relatively the same in quality.
'B' if Assistant B's answer is better.
Do not think or reason. Just choose which answer you prefer: A or B or T.
Outp...<truncated 8622 chars>
2025-11-21 08:19:21 | DEBUG    | main:440 | JR prompt length: 3480
2025-11-21 08:19:26 | DEBUG    | main:461 | JR: Generated 8 steps
2025-11-21 08:19:26 | DEBUG    | main:467 | JR: generated text='A's answer.

A<end_of_turn>'
2025-11-21 08:19:26 | DEBUG    | main:473 | JR step 0: token_id=236776, text='A'
2025-11-21 08:19:26 | DEBUG    | main:476 | JR: Found A/B/T at step 0
2025-11-21 08:19:26 | DEBUG    | main:483 | JR step 0: extracting probs from logits
2025-11-21 08:19:26 | DEBUG    | logits_to_prob_map:157 | logits_to_prob_map: input shape=torch.Size([262208]), dtype=torch.float32
2025-11-21 08:19:26 | DEBUG    | logits_to_prob_map:170 | Top-k extraction: k=50, top logprobs range=[-15.6271, -0.1271]
2025-11-21 08:19:26 | DEBUG    | logits_to_prob_map:180 | topk[0]: token_id=236776, text='A', logprob=-0.1271, prob=0.880648
2025-11-21 08:19:26 | DEBUG    | logits_to_prob_map:180 | topk[1]: token_id=236799, text='B', logprob=-2.1271, prob=0.119183
2025-11-21 08:19:26 | DEBUG    | logits_to_prob_map:180 | topk[2]: token_id=236789, text=''', logprob=-9.6271, prob=0.000066
2025-11-21 08:19:26 | DEBUG    | logits_to_prob_map:180 | topk[3]: token_id=2205, text='As', logprob=-10.7521, prob=0.000021
2025-11-21 08:19:26 | DEBUG    | logits_to_prob_map:180 | topk[4]: token_id=236746, text='a', logprob=-11.2521, prob=0.000013
2025-11-21 08:19:26 | DEBUG    | logits_to_prob_map:180 | topk[5]: token_id=107, text='
', logprob=-11.3771, prob=0.000011
2025-11-21 08:19:26 | DEBUG    | logits_to_prob_map:180 | topk[6]: token_id=236763, text='b', logprob=-12.0021, prob=0.000006
2025-11-21 08:19:26 | DEBUG    | logits_to_prob_map:180 | topk[7]: token_id=236769, text='(', logprob=-12.1271, prob=0.000005
2025-11-21 08:19:26 | DEBUG    | logits_to_prob_map:180 | topk[8]: token_id=35343, text='Bs', logprob=-12.7521, prob=0.000003
2025-11-21 08:19:26 | DEBUG    | logits_to_prob_map:180 | topk[9]: token_id=236858, text='’', logprob=-12.8771, prob=0.000003
2025-11-21 08:19:26 | DEBUG    | only_abt_probs:198 | only_abt_probs result: {'A': 0.8806484461912502, 'B': 0.11918282110487428, 'T': 2.2555941697137235e-06}
2025-11-21 08:19:26 | DEBUG    | main:410 | RJ prompt (truncated): <bos><start_of_turn>user
You are an impartial and unbiased judge.

You will be given answers from two assistants (Assistant A and Assistant B) to a user prompt. Please act as an impartial judge and evaluate the quality of their answers. You must output only one of the following choices:
'A' if Assistant A's answer is better.
'T' if both answers are relatively the same in quality.
'B' if Assistant B's answer is better.
Do not think or reason. Just choose which answer you prefer: A or B or T.
Outp...<truncated 8622 chars>
2025-11-21 08:19:26 | DEBUG    | main:440 | RJ prompt length: 3480
2025-11-21 08:19:31 | DEBUG    | main:461 | RJ: Generated 8 steps
2025-11-21 08:19:31 | DEBUG    | main:467 | RJ: generated text='B's answer.

B<end_of_turn>'
2025-11-21 08:19:31 | DEBUG    | main:473 | RJ step 0: token_id=236799, text='B'
2025-11-21 08:19:31 | DEBUG    | main:476 | RJ: Found A/B/T at step 0
2025-11-21 08:19:31 | DEBUG    | main:483 | RJ step 0: extracting probs from logits
2025-11-21 08:19:31 | DEBUG    | logits_to_prob_map:157 | logits_to_prob_map: input shape=torch.Size([262208]), dtype=torch.float32
2025-11-21 08:19:31 | DEBUG    | logits_to_prob_map:170 | Top-k extraction: k=50, top logprobs range=[-15.1177, -0.0552]
2025-11-21 08:19:31 | DEBUG    | logits_to_prob_map:180 | topk[0]: token_id=236799, text='B', logprob=-0.0552, prob=0.946330
2025-11-21 08:19:31 | DEBUG    | logits_to_prob_map:180 | topk[1]: token_id=236776, text='A', logprob=-2.9302, prob=0.053388
2025-11-21 08:19:31 | DEBUG    | logits_to_prob_map:180 | topk[2]: token_id=236789, text=''', logprob=-9.3052, prob=0.000091
2025-11-21 08:19:31 | DEBUG    | logits_to_prob_map:180 | topk[3]: token_id=236774, text='T', logprob=-10.0552, prob=0.000043
2025-11-21 08:19:31 | DEBUG    | logits_to_prob_map:180 | topk[4]: token_id=236763, text='b', logprob=-10.1802, prob=0.000038
2025-11-21 08:19:31 | DEBUG    | logits_to_prob_map:180 | topk[5]: token_id=35343, text='Bs', logprob=-11.3052, prob=0.000012
2025-11-21 08:19:31 | DEBUG    | logits_to_prob_map:180 | topk[6]: token_id=107, text='
', logprob=-11.5552, prob=0.000010
2025-11-21 08:19:31 | DEBUG    | logits_to_prob_map:180 | topk[7]: token_id=236769, text='(', logprob=-12.1802, prob=0.000005
2025-11-21 08:19:31 | DEBUG    | logits_to_prob_map:180 | topk[8]: token_id=236746, text='a', logprob=-12.2427, prob=0.000005
2025-11-21 08:19:31 | DEBUG    | logits_to_prob_map:180 | topk[9]: token_id=2205, text='As', logprob=-12.3052, prob=0.000005
2025-11-21 08:19:31 | DEBUG    | only_abt_probs:198 | only_abt_probs result: {'A': 0.0533883146637315, 'B': 0.9463304359361525, 'T': 4.296333916482468e-05}
2025-11-21 08:19:31 | DEBUG    | main:544 | Row 75 complete: JR={'A': 0.8806484461912502, 'B': 0.11918282110487428, 'T': 2.2555941697137235e-06}, RJ={'A': 0.0533883146637315, 'B': 0.9463304359361525, 'T': 4.296333916482468e-05}, combined_norm={'A': 0.9136743519275184, 'B': 0.08630303402914836, 'T': 2.2614043333209665e-05}
2025-11-21 08:19:32 | DEBUG    | main:393 | ========== Row 76 ==========
2025-11-21 08:19:32 | DEBUG    | main:394 | Built msgs_jr with 2 messages
2025-11-21 08:19:32 | DEBUG    | main:396 | msgs_jr[0] role=system content=You are an impartial and unbiased judge.
2025-11-21 08:19:32 | DEBUG    | main:396 | msgs_jr[1] role=user content=You will be given answers from two assistants (Assistant A and Assistant B) to a user prompt. Please act as an impartial judge and evaluate the quality of their answers. You must output only one of the following choices:
'A' if Assistant A's answer is better.
'T' if both answers are relatively the s...<truncated 15898 chars>
2025-11-21 08:19:32 | DEBUG    | main:410 | JR prompt (truncated): <bos><start_of_turn>user
You are an impartial and unbiased judge.

You will be given answers from two assistants (Assistant A and Assistant B) to a user prompt. Please act as an impartial judge and evaluate the quality of their answers. You must output only one of the following choices:
'A' if Assistant A's answer is better.
'T' if both answers are relatively the same in quality.
'B' if Assistant B's answer is better.
Do not think or reason. Just choose which answer you prefer: A or B or T.
Outp...<truncated 16113 chars>
2025-11-21 08:19:32 | DEBUG    | main:440 | JR prompt length: 5920
2025-11-21 08:19:41 | DEBUG    | main:461 | JR: Generated 8 steps
2025-11-21 08:19:41 | DEBUG    | main:467 | JR: generated text='A's answer.

A<end_of_turn>'
2025-11-21 08:19:41 | DEBUG    | main:473 | JR step 0: token_id=236776, text='A'
2025-11-21 08:19:41 | DEBUG    | main:476 | JR: Found A/B/T at step 0
2025-11-21 08:19:41 | DEBUG    | main:483 | JR step 0: extracting probs from logits
2025-11-21 08:19:41 | DEBUG    | logits_to_prob_map:157 | logits_to_prob_map: input shape=torch.Size([262208]), dtype=torch.float32
2025-11-21 08:19:41 | DEBUG    | logits_to_prob_map:170 | Top-k extraction: k=50, top logprobs range=[-13.5970, -0.0345]
2025-11-21 08:19:41 | DEBUG    | logits_to_prob_map:180 | topk[0]: token_id=236776, text='A', logprob=-0.0345, prob=0.966053
2025-11-21 08:19:41 | DEBUG    | logits_to_prob_map:180 | topk[1]: token_id=236799, text='B', logprob=-3.4095, prob=0.033057
2025-11-21 08:19:41 | DEBUG    | logits_to_prob_map:180 | topk[2]: token_id=236789, text=''', logprob=-7.9095, prob=0.000367
2025-11-21 08:19:41 | DEBUG    | logits_to_prob_map:180 | topk[3]: token_id=236746, text='a', logprob=-9.4095, prob=0.000082
2025-11-21 08:19:41 | DEBUG    | logits_to_prob_map:180 | topk[4]: token_id=2205, text='As', logprob=-9.6595, prob=0.000064
2025-11-21 08:19:41 | DEBUG    | logits_to_prob_map:180 | topk[5]: token_id=107, text='
', logprob=-9.9095, prob=0.000050
2025-11-21 08:19:41 | DEBUG    | logits_to_prob_map:180 | topk[6]: token_id=236769, text='(', logprob=-10.3470, prob=0.000032
2025-11-21 08:19:41 | DEBUG    | logits_to_prob_map:180 | topk[7]: token_id=236775, text='"', logprob=-10.7845, prob=0.000021
2025-11-21 08:19:41 | DEBUG    | logits_to_prob_map:180 | topk[8]: token_id=236763, text='b', logprob=-11.0970, prob=0.000015
2025-11-21 08:19:41 | DEBUG    | logits_to_prob_map:180 | topk[9]: token_id=236780, text='C', logprob=-11.1595, prob=0.000014
2025-11-21 08:19:41 | DEBUG    | only_abt_probs:198 | only_abt_probs result: {'A': 0.9660532009197567, 'B': 0.033056523093871346, 'T': 2.633922542966165e-06}
2025-11-21 08:19:41 | DEBUG    | main:410 | RJ prompt (truncated): <bos><start_of_turn>user
You are an impartial and unbiased judge.

You will be given answers from two assistants (Assistant A and Assistant B) to a user prompt. Please act as an impartial judge and evaluate the quality of their answers. You must output only one of the following choices:
'A' if Assistant A's answer is better.
'T' if both answers are relatively the same in quality.
'B' if Assistant B's answer is better.
Do not think or reason. Just choose which answer you prefer: A or B or T.
Outp...<truncated 16113 chars>
2025-11-21 08:19:41 | DEBUG    | main:440 | RJ prompt length: 5920
2025-11-21 08:19:50 | DEBUG    | main:461 | RJ: Generated 8 steps
2025-11-21 08:19:50 | DEBUG    | main:467 | RJ: generated text='B's answer.

B<end_of_turn>'
2025-11-21 08:19:50 | DEBUG    | main:473 | RJ step 0: token_id=236799, text='B'
2025-11-21 08:19:50 | DEBUG    | main:476 | RJ: Found A/B/T at step 0
2025-11-21 08:19:50 | DEBUG    | main:483 | RJ step 0: extracting probs from logits
2025-11-21 08:19:50 | DEBUG    | logits_to_prob_map:157 | logits_to_prob_map: input shape=torch.Size([262208]), dtype=torch.float32
2025-11-21 08:19:50 | DEBUG    | logits_to_prob_map:170 | Top-k extraction: k=50, top logprobs range=[-13.8669, -0.4294]
2025-11-21 08:19:50 | DEBUG    | logits_to_prob_map:180 | topk[0]: token_id=236799, text='B', logprob=-0.4294, prob=0.650883
2025-11-21 08:19:50 | DEBUG    | logits_to_prob_map:180 | topk[1]: token_id=236776, text='A', logprob=-1.0544, prob=0.348393
2025-11-21 08:19:50 | DEBUG    | logits_to_prob_map:180 | topk[2]: token_id=236789, text=''', logprob=-8.1794, prob=0.000280
2025-11-21 08:19:50 | DEBUG    | logits_to_prob_map:180 | topk[3]: token_id=236763, text='b', logprob=-9.6794, prob=0.000063
2025-11-21 08:19:50 | DEBUG    | logits_to_prob_map:180 | topk[4]: token_id=107, text='
', logprob=-10.3044, prob=0.000033
2025-11-21 08:19:50 | DEBUG    | logits_to_prob_map:180 | topk[5]: token_id=236746, text='a', logprob=-10.4294, prob=0.000030
2025-11-21 08:19:50 | DEBUG    | logits_to_prob_map:180 | topk[6]: token_id=236769, text='(', logprob=-10.4919, prob=0.000028
2025-11-21 08:19:50 | DEBUG    | logits_to_prob_map:180 | topk[7]: token_id=236775, text='"', logprob=-10.6169, prob=0.000024
2025-11-21 08:19:50 | DEBUG    | logits_to_prob_map:180 | topk[8]: token_id=35343, text='Bs', logprob=-10.6794, prob=0.000023
2025-11-21 08:19:50 | DEBUG    | logits_to_prob_map:180 | topk[9]: token_id=2205, text='As', logprob=-10.6794, prob=0.000023
2025-11-21 08:19:50 | DEBUG    | only_abt_probs:198 | only_abt_probs result: {'A': 0.3483927366564376, 'B': 0.6508833024593041, 'T': 9.593495515857827e-06}
2025-11-21 08:19:50 | DEBUG    | main:544 | Row 76 complete: JR={'A': 0.9660532009197567, 'B': 0.033056523093871346, 'T': 2.633922542966165e-06}, RJ={'A': 0.3483927366564376, 'B': 0.6508833024593041, 'T': 9.593495515857827e-06}, combined_norm={'A': 0.8091163577161762, 'B': 0.19087752367375888, 'T': 6.118610064992354e-06}
2025-11-21 08:19:50 | DEBUG    | main:393 | ========== Row 77 ==========
2025-11-21 08:19:50 | DEBUG    | main:394 | Built msgs_jr with 2 messages
2025-11-21 08:19:50 | DEBUG    | main:396 | msgs_jr[0] role=system content=You are an impartial and unbiased judge.
2025-11-21 08:19:50 | DEBUG    | main:396 | msgs_jr[1] role=user content=You will be given answers from two assistants (Assistant A and Assistant B) to a user prompt. Please act as an impartial judge and evaluate the quality of their answers. You must output only one of the following choices:
'A' if Assistant A's answer is better.
'T' if both answers are relatively the s...<truncated 4165 chars>
2025-11-21 08:19:50 | DEBUG    | main:410 | JR prompt (truncated): <bos><start_of_turn>user
You are an impartial and unbiased judge.

You will be given answers from two assistants (Assistant A and Assistant B) to a user prompt. Please act as an impartial judge and evaluate the quality of their answers. You must output only one of the following choices:
'A' if Assistant A's answer is better.
'T' if both answers are relatively the same in quality.
'B' if Assistant B's answer is better.
Do not think or reason. Just choose which answer you prefer: A or B or T.
Outp...<truncated 4380 chars>
2025-11-21 08:19:50 | DEBUG    | main:440 | JR prompt length: 1625
2025-11-21 08:19:52 | DEBUG    | main:461 | JR: Generated 8 steps
2025-11-21 08:19:52 | DEBUG    | main:467 | JR: generated text='A's answer.

A<end_of_turn>'
2025-11-21 08:19:52 | DEBUG    | main:473 | JR step 0: token_id=236776, text='A'
2025-11-21 08:19:52 | DEBUG    | main:476 | JR: Found A/B/T at step 0
2025-11-21 08:19:52 | DEBUG    | main:483 | JR step 0: extracting probs from logits
2025-11-21 08:19:52 | DEBUG    | logits_to_prob_map:157 | logits_to_prob_map: input shape=torch.Size([262208]), dtype=torch.float32
2025-11-21 08:19:52 | DEBUG    | logits_to_prob_map:170 | Top-k extraction: k=50, top logprobs range=[-15.2510, -0.3135]
2025-11-21 08:19:52 | DEBUG    | logits_to_prob_map:180 | topk[0]: token_id=236776, text='A', logprob=-0.3135, prob=0.730897
2025-11-21 08:19:52 | DEBUG    | logits_to_prob_map:180 | topk[1]: token_id=236799, text='B', logprob=-1.3135, prob=0.268882
2025-11-21 08:19:52 | DEBUG    | logits_to_prob_map:180 | topk[2]: token_id=236789, text=''', logprob=-9.3135, prob=0.000090
2025-11-21 08:19:52 | DEBUG    | logits_to_prob_map:180 | topk[3]: token_id=2205, text='As', logprob=-10.8135, prob=0.000020
2025-11-21 08:19:52 | DEBUG    | logits_to_prob_map:180 | topk[4]: token_id=107, text='
', logprob=-11.0635, prob=0.000016
2025-11-21 08:19:52 | DEBUG    | logits_to_prob_map:180 | topk[5]: token_id=236769, text='(', logprob=-11.3135, prob=0.000012
2025-11-21 08:19:52 | DEBUG    | logits_to_prob_map:180 | topk[6]: token_id=236763, text='b', logprob=-11.3135, prob=0.000012
2025-11-21 08:19:52 | DEBUG    | logits_to_prob_map:180 | topk[7]: token_id=236746, text='a', logprob=-11.5635, prob=0.000010
2025-11-21 08:19:52 | DEBUG    | logits_to_prob_map:180 | topk[8]: token_id=22186, text='Both', logprob=-11.9385, prob=0.000007
2025-11-21 08:19:52 | DEBUG    | logits_to_prob_map:180 | topk[9]: token_id=35343, text='Bs', logprob=-12.1885, prob=0.000005
2025-11-21 08:19:52 | DEBUG    | only_abt_probs:198 | only_abt_probs result: {'A': 0.7308966953765416, 'B': 0.26888187586248025, 'T': 1.872037331213392e-06}
2025-11-21 08:19:52 | DEBUG    | main:410 | RJ prompt (truncated): <bos><start_of_turn>user
You are an impartial and unbiased judge.

You will be given answers from two assistants (Assistant A and Assistant B) to a user prompt. Please act as an impartial judge and evaluate the quality of their answers. You must output only one of the following choices:
'A' if Assistant A's answer is better.
'T' if both answers are relatively the same in quality.
'B' if Assistant B's answer is better.
Do not think or reason. Just choose which answer you prefer: A or B or T.
Outp...<truncated 4380 chars>
2025-11-21 08:19:52 | DEBUG    | main:440 | RJ prompt length: 1625
2025-11-21 08:19:55 | DEBUG    | main:461 | RJ: Generated 8 steps
2025-11-21 08:19:55 | DEBUG    | main:467 | RJ: generated text='B's answer.

B<end_of_turn>'
2025-11-21 08:19:55 | DEBUG    | main:473 | RJ step 0: token_id=236799, text='B'
2025-11-21 08:19:55 | DEBUG    | main:476 | RJ: Found A/B/T at step 0
2025-11-21 08:19:55 | DEBUG    | main:483 | RJ step 0: extracting probs from logits
2025-11-21 08:19:55 | DEBUG    | logits_to_prob_map:157 | logits_to_prob_map: input shape=torch.Size([262208]), dtype=torch.float32
2025-11-21 08:19:55 | DEBUG    | logits_to_prob_map:170 | Top-k extraction: k=50, top logprobs range=[-15.1007, -0.0382]
2025-11-21 08:19:55 | DEBUG    | logits_to_prob_map:180 | topk[0]: token_id=236799, text='B', logprob=-0.0382, prob=0.962490
2025-11-21 08:19:55 | DEBUG    | logits_to_prob_map:180 | topk[1]: token_id=236776, text='A', logprob=-3.2882, prob=0.037320
2025-11-21 08:19:55 | DEBUG    | logits_to_prob_map:180 | topk[2]: token_id=236789, text=''', logprob=-9.7882, prob=0.000056
2025-11-21 08:19:55 | DEBUG    | logits_to_prob_map:180 | topk[3]: token_id=236763, text='b', logprob=-10.6632, prob=0.000023
2025-11-21 08:19:55 | DEBUG    | logits_to_prob_map:180 | topk[4]: token_id=107, text='
', logprob=-11.2882, prob=0.000013
2025-11-21 08:19:55 | DEBUG    | logits_to_prob_map:180 | topk[5]: token_id=35343, text='Bs', logprob=-11.4132, prob=0.000011
2025-11-21 08:19:55 | DEBUG    | logits_to_prob_map:180 | topk[6]: token_id=22186, text='Both', logprob=-11.5382, prob=0.000010
2025-11-21 08:19:55 | DEBUG    | logits_to_prob_map:180 | topk[7]: token_id=236774, text='T', logprob=-11.5382, prob=0.000010
2025-11-21 08:19:55 | DEBUG    | logits_to_prob_map:180 | topk[8]: token_id=2205, text='As', logprob=-12.0382, prob=0.000006
2025-11-21 08:19:55 | DEBUG    | logits_to_prob_map:180 | topk[9]: token_id=27413, text='both', logprob=-12.2882, prob=0.000005
2025-11-21 08:19:55 | DEBUG    | only_abt_probs:198 | only_abt_probs result: {'A': 0.037319804764226826, 'B': 0.9624903788015668, 'T': 9.750120676091439e-06}
2025-11-21 08:19:55 | DEBUG    | main:544 | Row 77 complete: JR={'A': 0.7308966953765416, 'B': 0.26888187586248025, 'T': 1.872037331213392e-06}, RJ={'A': 0.037319804764226826, 'B': 0.9624903788015668, 'T': 9.750120676091439e-06}, combined_norm={'A': 0.8468627500211721, 'B': 0.15313143773847168, 'T': 5.8122403562243946e-06}
2025-11-21 08:19:55 | DEBUG    | main:393 | ========== Row 78 ==========
2025-11-21 08:19:55 | DEBUG    | main:394 | Built msgs_jr with 2 messages
2025-11-21 08:19:55 | DEBUG    | main:396 | msgs_jr[0] role=system content=You are an impartial and unbiased judge.
2025-11-21 08:19:55 | DEBUG    | main:396 | msgs_jr[1] role=user content=You will be given answers from two assistants (Assistant A and Assistant B) to a user prompt. Please act as an impartial judge and evaluate the quality of their answers. You must output only one of the following choices:
'A' if Assistant A's answer is better.
'T' if both answers are relatively the s...<truncated 7084 chars>
2025-11-21 08:19:55 | DEBUG    | main:410 | JR prompt (truncated): <bos><start_of_turn>user
You are an impartial and unbiased judge.

You will be given answers from two assistants (Assistant A and Assistant B) to a user prompt. Please act as an impartial judge and evaluate the quality of their answers. You must output only one of the following choices:
'A' if Assistant A's answer is better.
'T' if both answers are relatively the same in quality.
'B' if Assistant B's answer is better.
Do not think or reason. Just choose which answer you prefer: A or B or T.
Outp...<truncated 7299 chars>
2025-11-21 08:19:55 | DEBUG    | main:440 | JR prompt length: 2321
2025-11-21 08:19:59 | DEBUG    | main:461 | JR: Generated 8 steps
2025-11-21 08:19:59 | DEBUG    | main:467 | JR: generated text='A's answer.

A<end_of_turn>'
2025-11-21 08:19:59 | DEBUG    | main:473 | JR step 0: token_id=236776, text='A'
2025-11-21 08:19:59 | DEBUG    | main:476 | JR: Found A/B/T at step 0
2025-11-21 08:19:59 | DEBUG    | main:483 | JR step 0: extracting probs from logits
2025-11-21 08:19:59 | DEBUG    | logits_to_prob_map:157 | logits_to_prob_map: input shape=torch.Size([262208]), dtype=torch.float32
2025-11-21 08:19:59 | DEBUG    | logits_to_prob_map:170 | Top-k extraction: k=50, top logprobs range=[-16.3391, -0.0891]
2025-11-21 08:19:59 | DEBUG    | logits_to_prob_map:180 | topk[0]: token_id=236776, text='A', logprob=-0.0891, prob=0.914796
2025-11-21 08:19:59 | DEBUG    | logits_to_prob_map:180 | topk[1]: token_id=236799, text='B', logprob=-2.4641, prob=0.085089
2025-11-21 08:19:59 | DEBUG    | logits_to_prob_map:180 | topk[2]: token_id=236789, text=''', logprob=-9.9641, prob=0.000047
2025-11-21 08:19:59 | DEBUG    | logits_to_prob_map:180 | topk[3]: token_id=2205, text='As', logprob=-11.0891, prob=0.000015
2025-11-21 08:19:59 | DEBUG    | logits_to_prob_map:180 | topk[4]: token_id=107, text='
', logprob=-11.4641, prob=0.000011
2025-11-21 08:19:59 | DEBUG    | logits_to_prob_map:180 | topk[5]: token_id=236746, text='a', logprob=-11.9641, prob=0.000006
2025-11-21 08:19:59 | DEBUG    | logits_to_prob_map:180 | topk[6]: token_id=236769, text='(', logprob=-12.3391, prob=0.000004
2025-11-21 08:19:59 | DEBUG    | logits_to_prob_map:180 | topk[7]: token_id=236763, text='b', logprob=-12.4641, prob=0.000004
2025-11-21 08:19:59 | DEBUG    | logits_to_prob_map:180 | topk[8]: token_id=22186, text='Both', logprob=-12.7141, prob=0.000003
2025-11-21 08:19:59 | DEBUG    | logits_to_prob_map:180 | topk[9]: token_id=1018, text='**', logprob=-12.8391, prob=0.000003
2025-11-21 08:19:59 | DEBUG    | only_abt_probs:198 | only_abt_probs result: {'A': 0.9147955022310269, 'B': 0.08508922876466112, 'T': 5.924169981029107e-07}
2025-11-21 08:19:59 | DEBUG    | main:410 | RJ prompt (truncated): <bos><start_of_turn>user
You are an impartial and unbiased judge.

You will be given answers from two assistants (Assistant A and Assistant B) to a user prompt. Please act as an impartial judge and evaluate the quality of their answers. You must output only one of the following choices:
'A' if Assistant A's answer is better.
'T' if both answers are relatively the same in quality.
'B' if Assistant B's answer is better.
Do not think or reason. Just choose which answer you prefer: A or B or T.
Outp...<truncated 7299 chars>
2025-11-21 08:19:59 | DEBUG    | main:440 | RJ prompt length: 2321
2025-11-21 08:20:03 | DEBUG    | main:461 | RJ: Generated 8 steps
2025-11-21 08:20:03 | DEBUG    | main:467 | RJ: generated text='B's answer.

B<end_of_turn>'
2025-11-21 08:20:03 | DEBUG    | main:473 | RJ step 0: token_id=236799, text='B'
2025-11-21 08:20:03 | DEBUG    | main:476 | RJ: Found A/B/T at step 0
2025-11-21 08:20:03 | DEBUG    | main:483 | RJ step 0: extracting probs from logits
2025-11-21 08:20:03 | DEBUG    | logits_to_prob_map:157 | logits_to_prob_map: input shape=torch.Size([262208]), dtype=torch.float32
2025-11-21 08:20:03 | DEBUG    | logits_to_prob_map:170 | Top-k extraction: k=50, top logprobs range=[-16.0634, -0.3134]
2025-11-21 08:20:03 | DEBUG    | logits_to_prob_map:180 | topk[0]: token_id=236799, text='B', logprob=-0.3134, prob=0.730970
2025-11-21 08:20:03 | DEBUG    | logits_to_prob_map:180 | topk[1]: token_id=236776, text='A', logprob=-1.3134, prob=0.268909
2025-11-21 08:20:03 | DEBUG    | logits_to_prob_map:180 | topk[2]: token_id=236789, text=''', logprob=-10.0634, prob=0.000043
2025-11-21 08:20:03 | DEBUG    | logits_to_prob_map:180 | topk[3]: token_id=236763, text='b', logprob=-11.3134, prob=0.000012
2025-11-21 08:20:03 | DEBUG    | logits_to_prob_map:180 | topk[4]: token_id=22186, text='Both', logprob=-11.5634, prob=0.000010
2025-11-21 08:20:03 | DEBUG    | logits_to_prob_map:180 | topk[5]: token_id=2205, text='As', logprob=-11.6884, prob=0.000008
2025-11-21 08:20:03 | DEBUG    | logits_to_prob_map:180 | topk[6]: token_id=107, text='
', logprob=-11.9384, prob=0.000007
2025-11-21 08:20:03 | DEBUG    | logits_to_prob_map:180 | topk[7]: token_id=236769, text='(', logprob=-12.0634, prob=0.000006
2025-11-21 08:20:03 | DEBUG    | logits_to_prob_map:180 | topk[8]: token_id=236746, text='a', logprob=-12.3134, prob=0.000004
2025-11-21 08:20:03 | DEBUG    | logits_to_prob_map:180 | topk[9]: token_id=35343, text='Bs', logprob=-12.5634, prob=0.000003
2025-11-21 08:20:03 | DEBUG    | only_abt_probs:198 | only_abt_probs result: {'A': 0.2689087057439356, 'B': 0.7309696701227741, 'T': 1.6522325856722881e-06}
2025-11-21 08:20:03 | DEBUG    | main:544 | Row 78 complete: JR={'A': 0.9147955022310269, 'B': 0.08508922876466112, 'T': 5.924169981029107e-07}, RJ={'A': 0.2689087057439356, 'B': 0.7309696701227741, 'T': 1.6522325856722881e-06}, combined_norm={'A': 0.8229791415825221, 'B': 0.1770197359609947, 'T': 1.1224564832459295e-06}
2025-11-21 08:20:03 | DEBUG    | main:393 | ========== Row 79 ==========
2025-11-21 08:20:03 | DEBUG    | main:394 | Built msgs_jr with 2 messages
2025-11-21 08:20:03 | DEBUG    | main:396 | msgs_jr[0] role=system content=You are an impartial and unbiased judge.
2025-11-21 08:20:03 | DEBUG    | main:396 | msgs_jr[1] role=user content=You will be given answers from two assistants (Assistant A and Assistant B) to a user prompt. Please act as an impartial judge and evaluate the quality of their answers. You must output only one of the following choices:
'A' if Assistant A's answer is better.
'T' if both answers are relatively the s...<truncated 4610 chars>
2025-11-21 08:20:03 | DEBUG    | main:410 | JR prompt (truncated): <bos><start_of_turn>user
You are an impartial and unbiased judge.

You will be given answers from two assistants (Assistant A and Assistant B) to a user prompt. Please act as an impartial judge and evaluate the quality of their answers. You must output only one of the following choices:
'A' if Assistant A's answer is better.
'T' if both answers are relatively the same in quality.
'B' if Assistant B's answer is better.
Do not think or reason. Just choose which answer you prefer: A or B or T.
Outp...<truncated 4825 chars>
2025-11-21 08:20:03 | DEBUG    | main:440 | JR prompt length: 1807
2025-11-21 08:20:06 | DEBUG    | main:461 | JR: Generated 8 steps
2025-11-21 08:20:06 | DEBUG    | main:467 | JR: generated text='A's answer.

A<end_of_turn>'
2025-11-21 08:20:06 | DEBUG    | main:473 | JR step 0: token_id=236776, text='A'
2025-11-21 08:20:06 | DEBUG    | main:476 | JR: Found A/B/T at step 0
2025-11-21 08:20:06 | DEBUG    | main:483 | JR step 0: extracting probs from logits
2025-11-21 08:20:06 | DEBUG    | logits_to_prob_map:157 | logits_to_prob_map: input shape=torch.Size([262208]), dtype=torch.float32
2025-11-21 08:20:06 | DEBUG    | logits_to_prob_map:170 | Top-k extraction: k=50, top logprobs range=[-15.9413, -0.0038]
2025-11-21 08:20:06 | DEBUG    | logits_to_prob_map:180 | topk[0]: token_id=236776, text='A', logprob=-0.0038, prob=0.996222
2025-11-21 08:20:06 | DEBUG    | logits_to_prob_map:180 | topk[1]: token_id=236799, text='B', logprob=-5.6288, prob=0.003593
2025-11-21 08:20:06 | DEBUG    | logits_to_prob_map:180 | topk[2]: token_id=236789, text=''', logprob=-9.3788, prob=0.000084
2025-11-21 08:20:06 | DEBUG    | logits_to_prob_map:180 | topk[3]: token_id=2205, text='As', logprob=-10.1288, prob=0.000040
2025-11-21 08:20:06 | DEBUG    | logits_to_prob_map:180 | topk[4]: token_id=236746, text='a', logprob=-11.2538, prob=0.000013
2025-11-21 08:20:06 | DEBUG    | logits_to_prob_map:180 | topk[5]: token_id=107, text='
', logprob=-11.7538, prob=0.000008
2025-11-21 08:20:06 | DEBUG    | logits_to_prob_map:180 | topk[6]: token_id=236769, text='(', logprob=-12.1288, prob=0.000005
2025-11-21 08:20:06 | DEBUG    | logits_to_prob_map:180 | topk[7]: token_id=236775, text='"', logprob=-12.8788, prob=0.000003
2025-11-21 08:20:06 | DEBUG    | logits_to_prob_map:180 | topk[8]: token_id=236858, text='’', logprob=-12.8788, prob=0.000003
2025-11-21 08:20:06 | DEBUG    | logits_to_prob_map:180 | topk[9]: token_id=236795, text='$', logprob=-13.0038, prob=0.000002
2025-11-21 08:20:06 | DEBUG    | only_abt_probs:198 | only_abt_probs result: {'A': 0.996222159468412, 'B': 0.0035929376170393216, 'T': 1.193404942465187e-07}
2025-11-21 08:20:06 | DEBUG    | main:410 | RJ prompt (truncated): <bos><start_of_turn>user
You are an impartial and unbiased judge.

You will be given answers from two assistants (Assistant A and Assistant B) to a user prompt. Please act as an impartial judge and evaluate the quality of their answers. You must output only one of the following choices:
'A' if Assistant A's answer is better.
'T' if both answers are relatively the same in quality.
'B' if Assistant B's answer is better.
Do not think or reason. Just choose which answer you prefer: A or B or T.
Outp...<truncated 4825 chars>
2025-11-21 08:20:06 | DEBUG    | main:440 | RJ prompt length: 1807
2025-11-21 08:20:09 | DEBUG    | main:461 | RJ: Generated 8 steps
2025-11-21 08:20:09 | DEBUG    | main:467 | RJ: generated text='B's answer.

B<end_of_turn>'
2025-11-21 08:20:09 | DEBUG    | main:473 | RJ step 0: token_id=236799, text='B'
2025-11-21 08:20:09 | DEBUG    | main:476 | RJ: Found A/B/T at step 0
2025-11-21 08:20:09 | DEBUG    | main:483 | RJ step 0: extracting probs from logits
2025-11-21 08:20:09 | DEBUG    | logits_to_prob_map:157 | logits_to_prob_map: input shape=torch.Size([262208]), dtype=torch.float32
2025-11-21 08:20:09 | DEBUG    | logits_to_prob_map:170 | Top-k extraction: k=50, top logprobs range=[-15.2684, -0.0184]
2025-11-21 08:20:09 | DEBUG    | logits_to_prob_map:180 | topk[0]: token_id=236799, text='B', logprob=-0.0184, prob=0.981799
2025-11-21 08:20:09 | DEBUG    | logits_to_prob_map:180 | topk[1]: token_id=236776, text='A', logprob=-4.0184, prob=0.017982
2025-11-21 08:20:09 | DEBUG    | logits_to_prob_map:180 | topk[2]: token_id=236789, text=''', logprob=-9.3934, prob=0.000083
2025-11-21 08:20:09 | DEBUG    | logits_to_prob_map:180 | topk[3]: token_id=236763, text='b', logprob=-10.7684, prob=0.000021
2025-11-21 08:20:09 | DEBUG    | logits_to_prob_map:180 | topk[4]: token_id=35343, text='Bs', logprob=-10.8934, prob=0.000019
2025-11-21 08:20:09 | DEBUG    | logits_to_prob_map:180 | topk[5]: token_id=107, text='
', logprob=-11.5184, prob=0.000010
2025-11-21 08:20:09 | DEBUG    | logits_to_prob_map:180 | topk[6]: token_id=236774, text='T', logprob=-11.6434, prob=0.000009
2025-11-21 08:20:09 | DEBUG    | logits_to_prob_map:180 | topk[7]: token_id=236775, text='"', logprob=-12.1434, prob=0.000005
2025-11-21 08:20:09 | DEBUG    | logits_to_prob_map:180 | topk[8]: token_id=7925, text='Answer', logprob=-12.2684, prob=0.000005
2025-11-21 08:20:09 | DEBUG    | logits_to_prob_map:180 | topk[9]: token_id=2205, text='As', logprob=-12.5184, prob=0.000004
2025-11-21 08:20:09 | DEBUG    | only_abt_probs:198 | only_abt_probs result: {'A': 0.017982275134100015, 'B': 0.9817989447364134, 'T': 8.777062960683598e-06}
2025-11-21 08:20:09 | DEBUG    | main:544 | Row 79 complete: JR={'A': 0.996222159468412, 'B': 0.0035929376170393216, 'T': 1.193404942465187e-07}, RJ={'A': 0.017982275134100015, 'B': 0.9817989447364134, 'T': 8.777062960683598e-06}, combined_norm={'A': 0.9892058147226311, 'B': 0.010789736197422732, 'T': 4.4490799461278615e-06}
2025-11-21 08:20:09 | INFO     | main:391 | Processing row 80/970
2025-11-21 08:20:09 | DEBUG    | main:393 | ========== Row 80 ==========
2025-11-21 08:20:09 | DEBUG    | main:394 | Built msgs_jr with 2 messages
2025-11-21 08:20:09 | DEBUG    | main:396 | msgs_jr[0] role=system content=You are an impartial and unbiased judge.
2025-11-21 08:20:09 | DEBUG    | main:396 | msgs_jr[1] role=user content=You will be given answers from two assistants (Assistant A and Assistant B) to a user prompt. Please act as an impartial judge and evaluate the quality of their answers. You must output only one of the following choices:
'A' if Assistant A's answer is better.
'T' if both answers are relatively the s...<truncated 4195 chars>
2025-11-21 08:20:09 | DEBUG    | main:410 | JR prompt (truncated): <bos><start_of_turn>user
You are an impartial and unbiased judge.

You will be given answers from two assistants (Assistant A and Assistant B) to a user prompt. Please act as an impartial judge and evaluate the quality of their answers. You must output only one of the following choices:
'A' if Assistant A's answer is better.
'T' if both answers are relatively the same in quality.
'B' if Assistant B's answer is better.
Do not think or reason. Just choose which answer you prefer: A or B or T.
Outp...<truncated 4410 chars>
2025-11-21 08:20:09 | DEBUG    | main:440 | JR prompt length: 1457
2025-11-21 08:20:11 | DEBUG    | main:461 | JR: Generated 8 steps
2025-11-21 08:20:11 | DEBUG    | main:467 | JR: generated text='B's answer.

B<end_of_turn>'
2025-11-21 08:20:11 | DEBUG    | main:473 | JR step 0: token_id=236799, text='B'
2025-11-21 08:20:11 | DEBUG    | main:476 | JR: Found A/B/T at step 0
2025-11-21 08:20:11 | DEBUG    | main:483 | JR step 0: extracting probs from logits
2025-11-21 08:20:11 | DEBUG    | logits_to_prob_map:157 | logits_to_prob_map: input shape=torch.Size([262208]), dtype=torch.float32
2025-11-21 08:20:11 | DEBUG    | logits_to_prob_map:170 | Top-k extraction: k=50, top logprobs range=[-15.7678, -0.1428]
2025-11-21 08:20:11 | DEBUG    | logits_to_prob_map:180 | topk[0]: token_id=236799, text='B', logprob=-0.1428, prob=0.866929
2025-11-21 08:20:11 | DEBUG    | logits_to_prob_map:180 | topk[1]: token_id=236776, text='A', logprob=-2.0178, prob=0.132948
2025-11-21 08:20:11 | DEBUG    | logits_to_prob_map:180 | topk[2]: token_id=236789, text=''', logprob=-10.1428, prob=0.000039
2025-11-21 08:20:11 | DEBUG    | logits_to_prob_map:180 | topk[3]: token_id=107, text='
', logprob=-10.8928, prob=0.000019
2025-11-21 08:20:11 | DEBUG    | logits_to_prob_map:180 | topk[4]: token_id=35343, text='Bs', logprob=-11.3928, prob=0.000011
2025-11-21 08:20:11 | DEBUG    | logits_to_prob_map:180 | topk[5]: token_id=236763, text='b', logprob=-11.6428, prob=0.000009
2025-11-21 08:20:11 | DEBUG    | logits_to_prob_map:180 | topk[6]: token_id=2205, text='As', logprob=-11.6428, prob=0.000009
2025-11-21 08:20:11 | DEBUG    | logits_to_prob_map:180 | topk[7]: token_id=22186, text='Both', logprob=-12.3928, prob=0.000004
2025-11-21 08:20:11 | DEBUG    | logits_to_prob_map:180 | topk[8]: token_id=236769, text='(', logprob=-12.6428, prob=0.000003
2025-11-21 08:20:11 | DEBUG    | logits_to_prob_map:180 | topk[9]: token_id=1018, text='**', logprob=-13.0178, prob=0.000002
2025-11-21 08:20:11 | DEBUG    | only_abt_probs:198 | only_abt_probs result: {'A': 0.13294780622443372, 'B': 0.8669286614254464, 'T': 1.0488686784379795e-06}
2025-11-21 08:20:11 | DEBUG    | main:410 | RJ prompt (truncated): <bos><start_of_turn>user
You are an impartial and unbiased judge.

You will be given answers from two assistants (Assistant A and Assistant B) to a user prompt. Please act as an impartial judge and evaluate the quality of their answers. You must output only one of the following choices:
'A' if Assistant A's answer is better.
'T' if both answers are relatively the same in quality.
'B' if Assistant B's answer is better.
Do not think or reason. Just choose which answer you prefer: A or B or T.
Outp...<truncated 4410 chars>
2025-11-21 08:20:11 | DEBUG    | main:440 | RJ prompt length: 1457
2025-11-21 08:20:14 | DEBUG    | main:461 | RJ: Generated 8 steps
2025-11-21 08:20:14 | DEBUG    | main:467 | RJ: generated text='A's answer.

A<end_of_turn>'
2025-11-21 08:20:14 | DEBUG    | main:473 | RJ step 0: token_id=236776, text='A'
2025-11-21 08:20:14 | DEBUG    | main:476 | RJ: Found A/B/T at step 0
2025-11-21 08:20:14 | DEBUG    | main:483 | RJ step 0: extracting probs from logits
2025-11-21 08:20:14 | DEBUG    | logits_to_prob_map:157 | logits_to_prob_map: input shape=torch.Size([262208]), dtype=torch.float32
2025-11-21 08:20:14 | DEBUG    | logits_to_prob_map:170 | Top-k extraction: k=50, top logprobs range=[-15.7213, -0.0338]
2025-11-21 08:20:14 | DEBUG    | logits_to_prob_map:180 | topk[0]: token_id=236776, text='A', logprob=-0.0338, prob=0.966775
2025-11-21 08:20:14 | DEBUG    | logits_to_prob_map:180 | topk[1]: token_id=236799, text='B', logprob=-3.4088, prob=0.033081
2025-11-21 08:20:14 | DEBUG    | logits_to_prob_map:180 | topk[2]: token_id=236789, text=''', logprob=-9.7838, prob=0.000056
2025-11-21 08:20:14 | DEBUG    | logits_to_prob_map:180 | topk[3]: token_id=2205, text='As', logprob=-10.7838, prob=0.000021
2025-11-21 08:20:14 | DEBUG    | logits_to_prob_map:180 | topk[4]: token_id=236746, text='a', logprob=-11.5338, prob=0.000010
2025-11-21 08:20:14 | DEBUG    | logits_to_prob_map:180 | topk[5]: token_id=107, text='
', logprob=-11.5338, prob=0.000010
2025-11-21 08:20:14 | DEBUG    | logits_to_prob_map:180 | topk[6]: token_id=236769, text='(', logprob=-12.1588, prob=0.000005
2025-11-21 08:20:14 | DEBUG    | logits_to_prob_map:180 | topk[7]: token_id=1018, text='**', logprob=-12.6588, prob=0.000003
2025-11-21 08:20:14 | DEBUG    | logits_to_prob_map:180 | topk[8]: token_id=236763, text='b', logprob=-12.9088, prob=0.000002
2025-11-21 08:20:14 | DEBUG    | logits_to_prob_map:180 | topk[9]: token_id=35343, text='Bs', logprob=-12.9088, prob=0.000002
2025-11-21 08:20:14 | DEBUG    | only_abt_probs:198 | only_abt_probs result: {'A': 0.9667753273235522, 'B': 0.03308123228468258, 'T': 7.094408722486384e-07}
2025-11-21 08:20:14 | DEBUG    | main:544 | Row 80 complete: JR={'A': 0.13294780622443372, 'B': 0.8669286614254464, 'T': 1.0488686784379795e-06}, RJ={'A': 0.9667753273235522, 'B': 0.03308123228468258, 'T': 7.094408722486384e-07}, combined_norm={'A': 0.0830255290388348, 'B': 0.9169735916897921, 'T': 8.792713730723476e-07}
2025-11-21 08:20:14 | DEBUG    | main:393 | ========== Row 81 ==========
2025-11-21 08:20:14 | DEBUG    | main:394 | Built msgs_jr with 2 messages
2025-11-21 08:20:14 | DEBUG    | main:396 | msgs_jr[0] role=system content=You are an impartial and unbiased judge.
2025-11-21 08:20:14 | DEBUG    | main:396 | msgs_jr[1] role=user content=You will be given answers from two assistants (Assistant A and Assistant B) to a user prompt. Please act as an impartial judge and evaluate the quality of their answers. You must output only one of the following choices:
'A' if Assistant A's answer is better.
'T' if both answers are relatively the s...<truncated 6104 chars>
2025-11-21 08:20:14 | DEBUG    | main:410 | JR prompt (truncated): <bos><start_of_turn>user
You are an impartial and unbiased judge.

You will be given answers from two assistants (Assistant A and Assistant B) to a user prompt. Please act as an impartial judge and evaluate the quality of their answers. You must output only one of the following choices:
'A' if Assistant A's answer is better.
'T' if both answers are relatively the same in quality.
'B' if Assistant B's answer is better.
Do not think or reason. Just choose which answer you prefer: A or B or T.
Outp...<truncated 6319 chars>
2025-11-21 08:20:14 | DEBUG    | main:440 | JR prompt length: 2199
2025-11-21 08:20:17 | DEBUG    | main:461 | JR: Generated 8 steps
2025-11-21 08:20:17 | DEBUG    | main:467 | JR: generated text='B's answer.

B<end_of_turn>'
2025-11-21 08:20:17 | DEBUG    | main:473 | JR step 0: token_id=236799, text='B'
2025-11-21 08:20:17 | DEBUG    | main:476 | JR: Found A/B/T at step 0
2025-11-21 08:20:17 | DEBUG    | main:483 | JR step 0: extracting probs from logits
2025-11-21 08:20:17 | DEBUG    | logits_to_prob_map:157 | logits_to_prob_map: input shape=torch.Size([262208]), dtype=torch.float32
2025-11-21 08:20:17 | DEBUG    | logits_to_prob_map:170 | Top-k extraction: k=50, top logprobs range=[-16.2533, -0.0033]
2025-11-21 08:20:17 | DEBUG    | logits_to_prob_map:180 | topk[0]: token_id=236799, text='B', logprob=-0.0033, prob=0.996722
2025-11-21 08:20:17 | DEBUG    | logits_to_prob_map:180 | topk[1]: token_id=236776, text='A', logprob=-5.7533, prob=0.003172
2025-11-21 08:20:17 | DEBUG    | logits_to_prob_map:180 | topk[2]: token_id=236789, text=''', logprob=-10.3783, prob=0.000031
2025-11-21 08:20:17 | DEBUG    | logits_to_prob_map:180 | topk[3]: token_id=35343, text='Bs', logprob=-10.5033, prob=0.000027
2025-11-21 08:20:17 | DEBUG    | logits_to_prob_map:180 | topk[4]: token_id=107, text='
', logprob=-12.1283, prob=0.000005
2025-11-21 08:20:17 | DEBUG    | logits_to_prob_map:180 | topk[5]: token_id=74314, text='Assistant', logprob=-12.2533, prob=0.000005
2025-11-21 08:20:17 | DEBUG    | logits_to_prob_map:180 | topk[6]: token_id=236763, text='b', logprob=-12.2533, prob=0.000005
2025-11-21 08:20:17 | DEBUG    | logits_to_prob_map:180 | topk[7]: token_id=7925, text='Answer', logprob=-12.7533, prob=0.000003
2025-11-21 08:20:17 | DEBUG    | logits_to_prob_map:180 | topk[8]: token_id=236774, text='T', logprob=-13.0033, prob=0.000002
2025-11-21 08:20:17 | DEBUG    | logits_to_prob_map:180 | topk[9]: token_id=1018, text='**', logprob=-13.1283, prob=0.000002
2025-11-21 08:20:17 | DEBUG    | only_abt_probs:198 | only_abt_probs result: {'A': 0.003172348784936814, 'B': 0.9967223897966614, 'T': 2.2529219338145415e-06}
2025-11-21 08:20:17 | DEBUG    | main:410 | RJ prompt (truncated): <bos><start_of_turn>user
You are an impartial and unbiased judge.

You will be given answers from two assistants (Assistant A and Assistant B) to a user prompt. Please act as an impartial judge and evaluate the quality of their answers. You must output only one of the following choices:
'A' if Assistant A's answer is better.
'T' if both answers are relatively the same in quality.
'B' if Assistant B's answer is better.
Do not think or reason. Just choose which answer you prefer: A or B or T.
Outp...<truncated 6319 chars>
2025-11-21 08:20:17 | DEBUG    | main:440 | RJ prompt length: 2199
2025-11-21 08:20:21 | DEBUG    | main:461 | RJ: Generated 8 steps
2025-11-21 08:20:21 | DEBUG    | main:467 | RJ: generated text='A's answer.

A<end_of_turn>'
2025-11-21 08:20:21 | DEBUG    | main:473 | RJ step 0: token_id=236776, text='A'
2025-11-21 08:20:21 | DEBUG    | main:476 | RJ: Found A/B/T at step 0
2025-11-21 08:20:21 | DEBUG    | main:483 | RJ step 0: extracting probs from logits
2025-11-21 08:20:21 | DEBUG    | logits_to_prob_map:157 | logits_to_prob_map: input shape=torch.Size([262208]), dtype=torch.float32
2025-11-21 08:20:21 | DEBUG    | logits_to_prob_map:170 | Top-k extraction: k=50, top logprobs range=[-15.4538, -0.0163]
2025-11-21 08:20:21 | DEBUG    | logits_to_prob_map:180 | topk[0]: token_id=236776, text='A', logprob=-0.0163, prob=0.983811
2025-11-21 08:20:21 | DEBUG    | logits_to_prob_map:180 | topk[1]: token_id=236799, text='B', logprob=-4.1413, prob=0.015902
2025-11-21 08:20:21 | DEBUG    | logits_to_prob_map:180 | topk[2]: token_id=236789, text=''', logprob=-9.0163, prob=0.000121
2025-11-21 08:20:21 | DEBUG    | logits_to_prob_map:180 | topk[3]: token_id=2205, text='As', logprob=-9.3913, prob=0.000083
2025-11-21 08:20:21 | DEBUG    | logits_to_prob_map:180 | topk[4]: token_id=236746, text='a', logprob=-11.5163, prob=0.000010
2025-11-21 08:20:21 | DEBUG    | logits_to_prob_map:180 | topk[5]: token_id=107, text='
', logprob=-12.0163, prob=0.000006
2025-11-21 08:20:21 | DEBUG    | logits_to_prob_map:180 | topk[6]: token_id=236769, text='(', logprob=-12.0163, prob=0.000006
2025-11-21 08:20:21 | DEBUG    | logits_to_prob_map:180 | topk[7]: token_id=236858, text='’', logprob=-12.2663, prob=0.000005
2025-11-21 08:20:21 | DEBUG    | logits_to_prob_map:180 | topk[8]: token_id=236775, text='"', logprob=-12.6413, prob=0.000003
2025-11-21 08:20:21 | DEBUG    | logits_to_prob_map:180 | topk[9]: token_id=35343, text='Bs', logprob=-12.7663, prob=0.000003
2025-11-21 08:20:21 | DEBUG    | only_abt_probs:198 | only_abt_probs result: {'A': 0.9838108687743378, 'B': 0.01590182082386817, 'T': 6.782016446396367e-07}
2025-11-21 08:20:21 | DEBUG    | main:544 | Row 81 complete: JR={'A': 0.003172348784936814, 'B': 0.9967223897966614, 'T': 2.2529219338145415e-06}, RJ={'A': 0.9838108687743378, 'B': 0.01590182082386817, 'T': 6.782016446396367e-07}, combined_norm={'A': 0.009538943184636219, 'B': 0.9904595909679976, 'T': 1.4658473661215241e-06}
2025-11-21 08:20:21 | DEBUG    | main:393 | ========== Row 82 ==========
2025-11-21 08:20:21 | DEBUG    | main:394 | Built msgs_jr with 2 messages
2025-11-21 08:20:21 | DEBUG    | main:396 | msgs_jr[0] role=system content=You are an impartial and unbiased judge.
2025-11-21 08:20:21 | DEBUG    | main:396 | msgs_jr[1] role=user content=You will be given answers from two assistants (Assistant A and Assistant B) to a user prompt. Please act as an impartial judge and evaluate the quality of their answers. You must output only one of the following choices:
'A' if Assistant A's answer is better.
'T' if both answers are relatively the s...<truncated 4176 chars>
2025-11-21 08:20:21 | DEBUG    | main:410 | JR prompt (truncated): <bos><start_of_turn>user
You are an impartial and unbiased judge.

You will be given answers from two assistants (Assistant A and Assistant B) to a user prompt. Please act as an impartial judge and evaluate the quality of their answers. You must output only one of the following choices:
'A' if Assistant A's answer is better.
'T' if both answers are relatively the same in quality.
'B' if Assistant B's answer is better.
Do not think or reason. Just choose which answer you prefer: A or B or T.
Outp...<truncated 4391 chars>
2025-11-21 08:20:21 | DEBUG    | main:440 | JR prompt length: 1592
2025-11-21 08:20:23 | DEBUG    | main:461 | JR: Generated 8 steps
2025-11-21 08:20:23 | DEBUG    | main:467 | JR: generated text='A's answer.

A<end_of_turn>'
2025-11-21 08:20:23 | DEBUG    | main:473 | JR step 0: token_id=236776, text='A'
2025-11-21 08:20:23 | DEBUG    | main:476 | JR: Found A/B/T at step 0
2025-11-21 08:20:23 | DEBUG    | main:483 | JR step 0: extracting probs from logits
2025-11-21 08:20:23 | DEBUG    | logits_to_prob_map:157 | logits_to_prob_map: input shape=torch.Size([262208]), dtype=torch.float32
2025-11-21 08:20:23 | DEBUG    | logits_to_prob_map:170 | Top-k extraction: k=50, top logprobs range=[-15.8808, -0.6933]
2025-11-21 08:20:23 | DEBUG    | logits_to_prob_map:180 | topk[0]: token_id=236799, text='B', logprob=-0.6933, prob=0.499919
2025-11-21 08:20:23 | DEBUG    | logits_to_prob_map:180 | topk[1]: token_id=236776, text='A', logprob=-0.6933, prob=0.499919
2025-11-21 08:20:23 | DEBUG    | logits_to_prob_map:180 | topk[2]: token_id=236789, text=''', logprob=-9.5683, prob=0.000070
2025-11-21 08:20:23 | DEBUG    | logits_to_prob_map:180 | topk[3]: token_id=107, text='
', logprob=-10.9433, prob=0.000018
2025-11-21 08:20:23 | DEBUG    | logits_to_prob_map:180 | topk[4]: token_id=2205, text='As', logprob=-11.3183, prob=0.000012
2025-11-21 08:20:23 | DEBUG    | logits_to_prob_map:180 | topk[5]: token_id=22186, text='Both', logprob=-11.8183, prob=0.000007
2025-11-21 08:20:23 | DEBUG    | logits_to_prob_map:180 | topk[6]: token_id=236763, text='b', logprob=-11.8183, prob=0.000007
2025-11-21 08:20:23 | DEBUG    | logits_to_prob_map:180 | topk[7]: token_id=35343, text='Bs', logprob=-11.9433, prob=0.000007
2025-11-21 08:20:23 | DEBUG    | logits_to_prob_map:180 | topk[8]: token_id=236746, text='a', logprob=-12.3183, prob=0.000004
2025-11-21 08:20:23 | DEBUG    | logits_to_prob_map:180 | topk[9]: token_id=236769, text='(', logprob=-12.3183, prob=0.000004
2025-11-21 08:20:23 | DEBUG    | only_abt_probs:198 | only_abt_probs result: {'A': 0.4999189433016768, 'B': 0.4999189433016768, 'T': 3.944021050321382e-06}
2025-11-21 08:20:23 | DEBUG    | main:410 | RJ prompt (truncated): <bos><start_of_turn>user
You are an impartial and unbiased judge.

You will be given answers from two assistants (Assistant A and Assistant B) to a user prompt. Please act as an impartial judge and evaluate the quality of their answers. You must output only one of the following choices:
'A' if Assistant A's answer is better.
'T' if both answers are relatively the same in quality.
'B' if Assistant B's answer is better.
Do not think or reason. Just choose which answer you prefer: A or B or T.
Outp...<truncated 4391 chars>
2025-11-21 08:20:23 | DEBUG    | main:440 | RJ prompt length: 1592
2025-11-21 08:20:26 | DEBUG    | main:461 | RJ: Generated 8 steps
2025-11-21 08:20:26 | DEBUG    | main:467 | RJ: generated text='B's answer.

B<end_of_turn>'
2025-11-21 08:20:26 | DEBUG    | main:473 | RJ step 0: token_id=236799, text='B'
2025-11-21 08:20:26 | DEBUG    | main:476 | RJ: Found A/B/T at step 0
2025-11-21 08:20:26 | DEBUG    | main:483 | RJ step 0: extracting probs from logits
2025-11-21 08:20:26 | DEBUG    | logits_to_prob_map:157 | logits_to_prob_map: input shape=torch.Size([262208]), dtype=torch.float32
2025-11-21 08:20:26 | DEBUG    | logits_to_prob_map:170 | Top-k extraction: k=50, top logprobs range=[-15.9088, -0.0338]
2025-11-21 08:20:26 | DEBUG    | logits_to_prob_map:180 | topk[0]: token_id=236799, text='B', logprob=-0.0338, prob=0.966774
2025-11-21 08:20:26 | DEBUG    | logits_to_prob_map:180 | topk[1]: token_id=236776, text='A', logprob=-3.4088, prob=0.033081
2025-11-21 08:20:26 | DEBUG    | logits_to_prob_map:180 | topk[2]: token_id=236789, text=''', logprob=-9.7838, prob=0.000056
2025-11-21 08:20:26 | DEBUG    | logits_to_prob_map:180 | topk[3]: token_id=236763, text='b', logprob=-11.2838, prob=0.000013
2025-11-21 08:20:26 | DEBUG    | logits_to_prob_map:180 | topk[4]: token_id=107, text='
', logprob=-11.2838, prob=0.000013
2025-11-21 08:20:26 | DEBUG    | logits_to_prob_map:180 | topk[5]: token_id=35343, text='Bs', logprob=-11.5338, prob=0.000010
2025-11-21 08:20:26 | DEBUG    | logits_to_prob_map:180 | topk[6]: token_id=236774, text='T', logprob=-11.7838, prob=0.000008
2025-11-21 08:20:26 | DEBUG    | logits_to_prob_map:180 | topk[7]: token_id=22186, text='Both', logprob=-11.7838, prob=0.000008
2025-11-21 08:20:26 | DEBUG    | logits_to_prob_map:180 | topk[8]: token_id=2205, text='As', logprob=-12.4088, prob=0.000004
2025-11-21 08:20:26 | DEBUG    | logits_to_prob_map:180 | topk[9]: token_id=27413, text='both', logprob=-12.7838, prob=0.000003
2025-11-21 08:20:26 | DEBUG    | only_abt_probs:198 | only_abt_probs result: {'A': 0.03308118496163405, 'B': 0.9667738795140998, 'T': 7.6271936245554175e-06}
2025-11-21 08:20:26 | WARNING  | main:510 | JR probs A and B are TOO CLOSE: {'A': 0.4999189433016768, 'B': 0.4999189433016768, 'T': 3.944021050321382e-06}
2025-11-21 08:20:26 | DEBUG    | main:544 | Row 82 complete: JR={'A': 0.4999189433016768, 'B': 0.4999189433016768, 'T': 3.944021050321382e-06}, RJ={'A': 0.03308118496163405, 'B': 0.9667738795140998, 'T': 7.6271936245554175e-06}, combined_norm={'A': 0.7334547711745961, 'B': 0.2665394423631811, 'T': 5.786462222730801e-06}
2025-11-21 08:20:26 | DEBUG    | main:393 | ========== Row 83 ==========
2025-11-21 08:20:26 | DEBUG    | main:394 | Built msgs_jr with 2 messages
2025-11-21 08:20:26 | DEBUG    | main:396 | msgs_jr[0] role=system content=You are an impartial and unbiased judge.
2025-11-21 08:20:26 | DEBUG    | main:396 | msgs_jr[1] role=user content=You will be given answers from two assistants (Assistant A and Assistant B) to a user prompt. Please act as an impartial judge and evaluate the quality of their answers. You must output only one of the following choices:
'A' if Assistant A's answer is better.
'T' if both answers are relatively the s...<truncated 14477 chars>
2025-11-21 08:20:26 | DEBUG    | main:410 | JR prompt (truncated): <bos><start_of_turn>user
You are an impartial and unbiased judge.

You will be given answers from two assistants (Assistant A and Assistant B) to a user prompt. Please act as an impartial judge and evaluate the quality of their answers. You must output only one of the following choices:
'A' if Assistant A's answer is better.
'T' if both answers are relatively the same in quality.
'B' if Assistant B's answer is better.
Do not think or reason. Just choose which answer you prefer: A or B or T.
Outp...<truncated 14692 chars>
2025-11-21 08:20:26 | DEBUG    | main:440 | JR prompt length: 10215
2025-11-21 08:20:47 | DEBUG    | main:461 | JR: Generated 8 steps
2025-11-21 08:20:47 | DEBUG    | main:467 | JR: generated text='B's answer.

B<end_of_turn>'
2025-11-21 08:20:47 | DEBUG    | main:473 | JR step 0: token_id=236799, text='B'
2025-11-21 08:20:47 | DEBUG    | main:476 | JR: Found A/B/T at step 0
2025-11-21 08:20:47 | DEBUG    | main:483 | JR step 0: extracting probs from logits
2025-11-21 08:20:47 | DEBUG    | logits_to_prob_map:157 | logits_to_prob_map: input shape=torch.Size([262208]), dtype=torch.float32
2025-11-21 08:20:47 | DEBUG    | logits_to_prob_map:170 | Top-k extraction: k=50, top logprobs range=[-14.5966, -0.0341]
2025-11-21 08:20:47 | DEBUG    | logits_to_prob_map:180 | topk[0]: token_id=236799, text='B', logprob=-0.0341, prob=0.966498
2025-11-21 08:20:47 | DEBUG    | logits_to_prob_map:180 | topk[1]: token_id=236776, text='A', logprob=-3.4091, prob=0.033072
2025-11-21 08:20:47 | DEBUG    | logits_to_prob_map:180 | topk[2]: token_id=236789, text=''', logprob=-8.5341, prob=0.000197
2025-11-21 08:20:47 | DEBUG    | logits_to_prob_map:180 | topk[3]: token_id=236763, text='b', logprob=-10.0341, prob=0.000044
2025-11-21 08:20:47 | DEBUG    | logits_to_prob_map:180 | topk[4]: token_id=236774, text='T', logprob=-10.7841, prob=0.000021
2025-11-21 08:20:47 | DEBUG    | logits_to_prob_map:180 | topk[5]: token_id=35343, text='Bs', logprob=-10.9091, prob=0.000018
2025-11-21 08:20:47 | DEBUG    | logits_to_prob_map:180 | topk[6]: token_id=107, text='
', logprob=-11.0341, prob=0.000016
2025-11-21 08:20:47 | DEBUG    | logits_to_prob_map:180 | topk[7]: token_id=236775, text='"', logprob=-11.2841, prob=0.000013
2025-11-21 08:20:47 | DEBUG    | logits_to_prob_map:180 | topk[8]: token_id=2205, text='As', logprob=-11.4091, prob=0.000011
2025-11-21 08:20:47 | DEBUG    | logits_to_prob_map:180 | topk[9]: token_id=236769, text='(', logprob=-11.6591, prob=0.000009
2025-11-21 08:20:47 | DEBUG    | only_abt_probs:198 | only_abt_probs result: {'A': 0.03307172959740483, 'B': 0.966497528079693, 'T': 2.0726930960875648e-05}
2025-11-21 08:20:47 | DEBUG    | main:410 | RJ prompt (truncated): <bos><start_of_turn>user
You are an impartial and unbiased judge.

You will be given answers from two assistants (Assistant A and Assistant B) to a user prompt. Please act as an impartial judge and evaluate the quality of their answers. You must output only one of the following choices:
'A' if Assistant A's answer is better.
'T' if both answers are relatively the same in quality.
'B' if Assistant B's answer is better.
Do not think or reason. Just choose which answer you prefer: A or B or T.
Outp...<truncated 14692 chars>
2025-11-21 08:20:47 | DEBUG    | main:440 | RJ prompt length: 10215
2025-11-21 08:21:08 | DEBUG    | main:461 | RJ: Generated 8 steps
2025-11-21 08:21:08 | DEBUG    | main:467 | RJ: generated text='B's answer.

B<end_of_turn>'
2025-11-21 08:21:08 | DEBUG    | main:473 | RJ step 0: token_id=236799, text='B'
2025-11-21 08:21:08 | DEBUG    | main:476 | RJ: Found A/B/T at step 0
2025-11-21 08:21:08 | DEBUG    | main:483 | RJ step 0: extracting probs from logits
2025-11-21 08:21:08 | DEBUG    | logits_to_prob_map:157 | logits_to_prob_map: input shape=torch.Size([262208]), dtype=torch.float32
2025-11-21 08:21:08 | DEBUG    | logits_to_prob_map:170 | Top-k extraction: k=50, top logprobs range=[-14.8440, -0.2815]
2025-11-21 08:21:08 | DEBUG    | logits_to_prob_map:180 | topk[0]: token_id=236799, text='B', logprob=-0.2815, prob=0.754646
2025-11-21 08:21:08 | DEBUG    | logits_to_prob_map:180 | topk[1]: token_id=236776, text='A', logprob=-1.4065, prob=0.244998
2025-11-21 08:21:08 | DEBUG    | logits_to_prob_map:180 | topk[2]: token_id=236789, text=''', logprob=-8.6565, prob=0.000174
2025-11-21 08:21:08 | DEBUG    | logits_to_prob_map:180 | topk[3]: token_id=236763, text='b', logprob=-10.1565, prob=0.000039
2025-11-21 08:21:08 | DEBUG    | logits_to_prob_map:180 | topk[4]: token_id=236774, text='T', logprob=-10.9065, prob=0.000018
2025-11-21 08:21:08 | DEBUG    | logits_to_prob_map:180 | topk[5]: token_id=107, text='
', logprob=-11.0315, prob=0.000016
2025-11-21 08:21:08 | DEBUG    | logits_to_prob_map:180 | topk[6]: token_id=236769, text='(', logprob=-11.1565, prob=0.000014
2025-11-21 08:21:08 | DEBUG    | logits_to_prob_map:180 | topk[7]: token_id=236775, text='"', logprob=-11.6565, prob=0.000009
2025-11-21 08:21:08 | DEBUG    | logits_to_prob_map:180 | topk[8]: token_id=236746, text='a', logprob=-11.7815, prob=0.000008
2025-11-21 08:21:08 | DEBUG    | logits_to_prob_map:180 | topk[9]: token_id=1018, text='**', logprob=-11.9065, prob=0.000007
2025-11-21 08:21:08 | DEBUG    | only_abt_probs:198 | only_abt_probs result: {'A': 0.24499753384237521, 'B': 0.7546455316846497, 'T': 1.833850716771323e-05}
2025-11-21 08:21:08 | DEBUG    | main:544 | Row 83 complete: JR={'A': 0.03307172959740483, 'B': 0.966497528079693, 'T': 2.0726930960875648e-05}, RJ={'A': 0.24499753384237521, 'B': 0.7546455316846497, 'T': 1.833850716771323e-05}, combined_norm={'A': 0.39400610936527386, 'B': 0.6059743506017166, 'T': 1.954003300961533e-05}
2025-11-21 08:21:08 | DEBUG    | main:393 | ========== Row 84 ==========
2025-11-21 08:21:08 | DEBUG    | main:394 | Built msgs_jr with 2 messages
2025-11-21 08:21:08 | DEBUG    | main:396 | msgs_jr[0] role=system content=You are an impartial and unbiased judge.
2025-11-21 08:21:08 | DEBUG    | main:396 | msgs_jr[1] role=user content=You will be given answers from two assistants (Assistant A and Assistant B) to a user prompt. Please act as an impartial judge and evaluate the quality of their answers. You must output only one of the following choices:
'A' if Assistant A's answer is better.
'T' if both answers are relatively the s...<truncated 10030 chars>
2025-11-21 08:21:08 | DEBUG    | main:410 | JR prompt (truncated): <bos><start_of_turn>user
You are an impartial and unbiased judge.

You will be given answers from two assistants (Assistant A and Assistant B) to a user prompt. Please act as an impartial judge and evaluate the quality of their answers. You must output only one of the following choices:
'A' if Assistant A's answer is better.
'T' if both answers are relatively the same in quality.
'B' if Assistant B's answer is better.
Do not think or reason. Just choose which answer you prefer: A or B or T.
Outp...<truncated 10245 chars>
2025-11-21 08:21:08 | DEBUG    | main:440 | JR prompt length: 4232
2025-11-21 08:21:14 | DEBUG    | main:461 | JR: Generated 8 steps
2025-11-21 08:21:14 | DEBUG    | main:467 | JR: generated text='B's answer.

B<end_of_turn>'
2025-11-21 08:21:14 | DEBUG    | main:473 | JR step 0: token_id=236799, text='B'
2025-11-21 08:21:14 | DEBUG    | main:476 | JR: Found A/B/T at step 0
2025-11-21 08:21:14 | DEBUG    | main:483 | JR step 0: extracting probs from logits
2025-11-21 08:21:14 | DEBUG    | logits_to_prob_map:157 | logits_to_prob_map: input shape=torch.Size([262208]), dtype=torch.float32
2025-11-21 08:21:14 | DEBUG    | logits_to_prob_map:170 | Top-k extraction: k=50, top logprobs range=[-13.8312, -0.0187]
2025-11-21 08:21:14 | DEBUG    | logits_to_prob_map:180 | topk[0]: token_id=236799, text='B', logprob=-0.0187, prob=0.981467
2025-11-21 08:21:14 | DEBUG    | logits_to_prob_map:180 | topk[1]: token_id=236776, text='A', logprob=-4.0187, prob=0.017976
2025-11-21 08:21:14 | DEBUG    | logits_to_prob_map:180 | topk[2]: token_id=236789, text=''', logprob=-8.7687, prob=0.000156
2025-11-21 08:21:14 | DEBUG    | logits_to_prob_map:180 | topk[3]: token_id=107, text='
', logprob=-9.7687, prob=0.000057
2025-11-21 08:21:14 | DEBUG    | logits_to_prob_map:180 | topk[4]: token_id=35343, text='Bs', logprob=-10.3937, prob=0.000031
2025-11-21 08:21:14 | DEBUG    | logits_to_prob_map:180 | topk[5]: token_id=236763, text='b', logprob=-10.3937, prob=0.000031
2025-11-21 08:21:14 | DEBUG    | logits_to_prob_map:180 | topk[6]: token_id=74314, text='Assistant', logprob=-11.0187, prob=0.000016
2025-11-21 08:21:14 | DEBUG    | logits_to_prob_map:180 | topk[7]: token_id=1018, text='**', logprob=-11.0187, prob=0.000016
2025-11-21 08:21:14 | DEBUG    | logits_to_prob_map:180 | topk[8]: token_id=22186, text='Both', logprob=-11.1437, prob=0.000014
2025-11-21 08:21:14 | DEBUG    | logits_to_prob_map:180 | topk[9]: token_id=7925, text='Answer', logprob=-11.2062, prob=0.000014
2025-11-21 08:21:14 | DEBUG    | only_abt_probs:198 | only_abt_probs result: {'A': 0.017976205329925898, 'B': 0.9814674276611048, 'T': 4.411894708244209e-06}
2025-11-21 08:21:14 | DEBUG    | main:410 | RJ prompt (truncated): <bos><start_of_turn>user
You are an impartial and unbiased judge.

You will be given answers from two assistants (Assistant A and Assistant B) to a user prompt. Please act as an impartial judge and evaluate the quality of their answers. You must output only one of the following choices:
'A' if Assistant A's answer is better.
'T' if both answers are relatively the same in quality.
'B' if Assistant B's answer is better.
Do not think or reason. Just choose which answer you prefer: A or B or T.
Outp...<truncated 10245 chars>
2025-11-21 08:21:14 | DEBUG    | main:440 | RJ prompt length: 4232
2025-11-21 08:21:20 | DEBUG    | main:461 | RJ: Generated 8 steps
2025-11-21 08:21:20 | DEBUG    | main:467 | RJ: generated text='B's answer.

B<end_of_turn>'
2025-11-21 08:21:20 | DEBUG    | main:473 | RJ step 0: token_id=236799, text='B'
2025-11-21 08:21:20 | DEBUG    | main:476 | RJ: Found A/B/T at step 0
2025-11-21 08:21:20 | DEBUG    | main:483 | RJ step 0: extracting probs from logits
2025-11-21 08:21:20 | DEBUG    | logits_to_prob_map:157 | logits_to_prob_map: input shape=torch.Size([262208]), dtype=torch.float32
2025-11-21 08:21:20 | DEBUG    | logits_to_prob_map:170 | Top-k extraction: k=50, top logprobs range=[-14.8934, -0.0184]
2025-11-21 08:21:20 | DEBUG    | logits_to_prob_map:180 | topk[0]: token_id=236799, text='B', logprob=-0.0184, prob=0.981754
2025-11-21 08:21:20 | DEBUG    | logits_to_prob_map:180 | topk[1]: token_id=236776, text='A', logprob=-4.0184, prob=0.017981
2025-11-21 08:21:20 | DEBUG    | logits_to_prob_map:180 | topk[2]: token_id=236789, text=''', logprob=-9.0184, prob=0.000121
2025-11-21 08:21:20 | DEBUG    | logits_to_prob_map:180 | topk[3]: token_id=107, text='
', logprob=-10.8934, prob=0.000019
2025-11-21 08:21:20 | DEBUG    | logits_to_prob_map:180 | topk[4]: token_id=236763, text='b', logprob=-11.1434, prob=0.000014
2025-11-21 08:21:20 | DEBUG    | logits_to_prob_map:180 | topk[5]: token_id=1018, text='**', logprob=-11.5184, prob=0.000010
2025-11-21 08:21:20 | DEBUG    | logits_to_prob_map:180 | topk[6]: token_id=35343, text='Bs', logprob=-11.7684, prob=0.000008
2025-11-21 08:21:20 | DEBUG    | logits_to_prob_map:180 | topk[7]: token_id=236775, text='"', logprob=-11.8934, prob=0.000007
2025-11-21 08:21:20 | DEBUG    | logits_to_prob_map:180 | topk[8]: token_id=236769, text='(', logprob=-12.0184, prob=0.000006
2025-11-21 08:21:20 | DEBUG    | logits_to_prob_map:180 | topk[9]: token_id=236774, text='T', logprob=-12.1434, prob=0.000005
2025-11-21 08:21:20 | DEBUG    | only_abt_probs:198 | only_abt_probs result: {'A': 0.017981460563937547, 'B': 0.9817543628220212, 'T': 5.323314100324308e-06}
2025-11-21 08:21:20 | DEBUG    | main:544 | Row 84 complete: JR={'A': 0.017976205329925898, 'B': 0.9814674276611048, 'T': 4.411894708244209e-06}, RJ={'A': 0.017981460563937547, 'B': 0.9817543628220212, 'T': 5.323314100324308e-06}, combined_norm={'A': 0.5000680137525855, 'B': 0.4999271166688626, 'T': 4.869578551916013e-06}
2025-11-21 08:21:20 | DEBUG    | main:393 | ========== Row 85 ==========
2025-11-21 08:21:20 | DEBUG    | main:394 | Built msgs_jr with 2 messages
2025-11-21 08:21:20 | DEBUG    | main:396 | msgs_jr[0] role=system content=You are an impartial and unbiased judge.
2025-11-21 08:21:20 | DEBUG    | main:396 | msgs_jr[1] role=user content=You will be given answers from two assistants (Assistant A and Assistant B) to a user prompt. Please act as an impartial judge and evaluate the quality of their answers. You must output only one of the following choices:
'A' if Assistant A's answer is better.
'T' if both answers are relatively the s...<truncated 4648 chars>
2025-11-21 08:21:20 | DEBUG    | main:410 | JR prompt (truncated): <bos><start_of_turn>user
You are an impartial and unbiased judge.

You will be given answers from two assistants (Assistant A and Assistant B) to a user prompt. Please act as an impartial judge and evaluate the quality of their answers. You must output only one of the following choices:
'A' if Assistant A's answer is better.
'T' if both answers are relatively the same in quality.
'B' if Assistant B's answer is better.
Do not think or reason. Just choose which answer you prefer: A or B or T.
Outp...<truncated 4863 chars>
2025-11-21 08:21:20 | DEBUG    | main:440 | JR prompt length: 1933
2025-11-21 08:21:23 | DEBUG    | main:461 | JR: Generated 8 steps
2025-11-21 08:21:23 | DEBUG    | main:467 | JR: generated text='A's answer.

A<end_of_turn>'
2025-11-21 08:21:23 | DEBUG    | main:473 | JR step 0: token_id=236776, text='A'
2025-11-21 08:21:23 | DEBUG    | main:476 | JR: Found A/B/T at step 0
2025-11-21 08:21:23 | DEBUG    | main:483 | JR step 0: extracting probs from logits
2025-11-21 08:21:23 | DEBUG    | logits_to_prob_map:157 | logits_to_prob_map: input shape=torch.Size([262208]), dtype=torch.float32
2025-11-21 08:21:23 | DEBUG    | logits_to_prob_map:170 | Top-k extraction: k=50, top logprobs range=[-16.1349, -0.0099]
2025-11-21 08:21:23 | DEBUG    | logits_to_prob_map:180 | topk[0]: token_id=236776, text='A', logprob=-0.0099, prob=0.990156
2025-11-21 08:21:23 | DEBUG    | logits_to_prob_map:180 | topk[1]: token_id=236799, text='B', logprob=-4.6349, prob=0.009707
2025-11-21 08:21:23 | DEBUG    | logits_to_prob_map:180 | topk[2]: token_id=236789, text=''', logprob=-9.6349, prob=0.000065
2025-11-21 08:21:23 | DEBUG    | logits_to_prob_map:180 | topk[3]: token_id=2205, text='As', logprob=-10.7599, prob=0.000021
2025-11-21 08:21:23 | DEBUG    | logits_to_prob_map:180 | topk[4]: token_id=107, text='
', logprob=-11.3849, prob=0.000011
2025-11-21 08:21:23 | DEBUG    | logits_to_prob_map:180 | topk[5]: token_id=236746, text='a', logprob=-12.0099, prob=0.000006
2025-11-21 08:21:23 | DEBUG    | logits_to_prob_map:180 | topk[6]: token_id=236769, text='(', logprob=-12.1349, prob=0.000005
2025-11-21 08:21:23 | DEBUG    | logits_to_prob_map:180 | topk[7]: token_id=22186, text='Both', logprob=-13.0099, prob=0.000002
2025-11-21 08:21:23 | DEBUG    | logits_to_prob_map:180 | topk[8]: token_id=1018, text='**', logprob=-13.5099, prob=0.000001
2025-11-21 08:21:23 | DEBUG    | logits_to_prob_map:180 | topk[9]: token_id=236763, text='b', logprob=-13.6349, prob=0.000001
2025-11-21 08:21:23 | DEBUG    | only_abt_probs:198 | only_abt_probs result: {'A': 0.9901564007675286, 'B': 0.009707150853465416, 'T': 1.5230321559885867e-07}
2025-11-21 08:21:23 | DEBUG    | main:410 | RJ prompt (truncated): <bos><start_of_turn>user
You are an impartial and unbiased judge.

You will be given answers from two assistants (Assistant A and Assistant B) to a user prompt. Please act as an impartial judge and evaluate the quality of their answers. You must output only one of the following choices:
'A' if Assistant A's answer is better.
'T' if both answers are relatively the same in quality.
'B' if Assistant B's answer is better.
Do not think or reason. Just choose which answer you prefer: A or B or T.
Outp...<truncated 4863 chars>
2025-11-21 08:21:23 | DEBUG    | main:440 | RJ prompt length: 1933
2025-11-21 08:21:26 | DEBUG    | main:461 | RJ: Generated 8 steps
2025-11-21 08:21:26 | DEBUG    | main:467 | RJ: generated text='B's answer.

B<end_of_turn>'
2025-11-21 08:21:26 | DEBUG    | main:473 | RJ step 0: token_id=236799, text='B'
2025-11-21 08:21:26 | DEBUG    | main:476 | RJ: Found A/B/T at step 0
2025-11-21 08:21:26 | DEBUG    | main:483 | RJ step 0: extracting probs from logits
2025-11-21 08:21:26 | DEBUG    | logits_to_prob_map:157 | logits_to_prob_map: input shape=torch.Size([262208]), dtype=torch.float32
2025-11-21 08:21:26 | DEBUG    | logits_to_prob_map:170 | Top-k extraction: k=50, top logprobs range=[-14.7215, -0.0340]
2025-11-21 08:21:26 | DEBUG    | logits_to_prob_map:180 | topk[0]: token_id=236799, text='B', logprob=-0.0340, prob=0.966570
2025-11-21 08:21:26 | DEBUG    | logits_to_prob_map:180 | topk[1]: token_id=236776, text='A', logprob=-3.4090, prob=0.033074
2025-11-21 08:21:26 | DEBUG    | logits_to_prob_map:180 | topk[2]: token_id=236789, text=''', logprob=-8.9090, prob=0.000135
2025-11-21 08:21:26 | DEBUG    | logits_to_prob_map:180 | topk[3]: token_id=236763, text='b', logprob=-10.2840, prob=0.000034
2025-11-21 08:21:26 | DEBUG    | logits_to_prob_map:180 | topk[4]: token_id=35343, text='Bs', logprob=-10.6590, prob=0.000023
2025-11-21 08:21:26 | DEBUG    | logits_to_prob_map:180 | topk[5]: token_id=107, text='
', logprob=-10.7840, prob=0.000021
2025-11-21 08:21:26 | DEBUG    | logits_to_prob_map:180 | topk[6]: token_id=22186, text='Both', logprob=-10.9090, prob=0.000018
2025-11-21 08:21:26 | DEBUG    | logits_to_prob_map:180 | topk[7]: token_id=2205, text='As', logprob=-11.6590, prob=0.000009
2025-11-21 08:21:26 | DEBUG    | logits_to_prob_map:180 | topk[8]: token_id=236769, text='(', logprob=-11.7840, prob=0.000008
2025-11-21 08:21:26 | DEBUG    | logits_to_prob_map:180 | topk[9]: token_id=1018, text='**', logprob=-11.7840, prob=0.000008
2025-11-21 08:21:26 | DEBUG    | only_abt_probs:198 | only_abt_probs result: {'A': 0.033074189782317145, 'B': 0.9665695800479003, 'T': 5.240978690488974e-06}
2025-11-21 08:21:26 | DEBUG    | main:544 | Row 85 complete: JR={'A': 0.9901564007675286, 'B': 0.009707150853465416, 'T': 1.5230321559885867e-07}, RJ={'A': 0.033074189782317145, 'B': 0.9665695800479003, 'T': 5.240978690488974e-06}, combined_norm={'A': 0.9786014194346347, 'B': 0.021395883267235308, 'T': 2.697298129863452e-06}
2025-11-21 08:21:26 | DEBUG    | main:393 | ========== Row 86 ==========
2025-11-21 08:21:26 | DEBUG    | main:394 | Built msgs_jr with 2 messages
2025-11-21 08:21:26 | DEBUG    | main:396 | msgs_jr[0] role=system content=You are an impartial and unbiased judge.
2025-11-21 08:21:26 | DEBUG    | main:396 | msgs_jr[1] role=user content=You will be given answers from two assistants (Assistant A and Assistant B) to a user prompt. Please act as an impartial judge and evaluate the quality of their answers. You must output only one of the following choices:
'A' if Assistant A's answer is better.
'T' if both answers are relatively the s...<truncated 4666 chars>
2025-11-21 08:21:26 | DEBUG    | main:410 | JR prompt (truncated): <bos><start_of_turn>user
You are an impartial and unbiased judge.

You will be given answers from two assistants (Assistant A and Assistant B) to a user prompt. Please act as an impartial judge and evaluate the quality of their answers. You must output only one of the following choices:
'A' if Assistant A's answer is better.
'T' if both answers are relatively the same in quality.
'B' if Assistant B's answer is better.
Do not think or reason. Just choose which answer you prefer: A or B or T.
Outp...<truncated 4881 chars>
2025-11-21 08:21:26 | DEBUG    | main:440 | JR prompt length: 1801
2025-11-21 08:21:29 | DEBUG    | main:461 | JR: Generated 8 steps
2025-11-21 08:21:29 | DEBUG    | main:467 | JR: generated text='A's answer.

A<end_of_turn>'
2025-11-21 08:21:29 | DEBUG    | main:473 | JR step 0: token_id=236776, text='A'
2025-11-21 08:21:29 | DEBUG    | main:476 | JR: Found A/B/T at step 0
2025-11-21 08:21:29 | DEBUG    | main:483 | JR step 0: extracting probs from logits
2025-11-21 08:21:29 | DEBUG    | logits_to_prob_map:157 | logits_to_prob_map: input shape=torch.Size([262208]), dtype=torch.float32
2025-11-21 08:21:29 | DEBUG    | logits_to_prob_map:170 | Top-k extraction: k=50, top logprobs range=[-15.6004, -0.1004]
2025-11-21 08:21:29 | DEBUG    | logits_to_prob_map:180 | topk[0]: token_id=236776, text='A', logprob=-0.1004, prob=0.904464
2025-11-21 08:21:29 | DEBUG    | logits_to_prob_map:180 | topk[1]: token_id=236799, text='B', logprob=-2.3504, prob=0.095330
2025-11-21 08:21:29 | DEBUG    | logits_to_prob_map:180 | topk[2]: token_id=236789, text=''', logprob=-9.2254, prob=0.000099
2025-11-21 08:21:29 | DEBUG    | logits_to_prob_map:180 | topk[3]: token_id=2205, text='As', logprob=-10.6004, prob=0.000025
2025-11-21 08:21:29 | DEBUG    | logits_to_prob_map:180 | topk[4]: token_id=107, text='
', logprob=-11.3504, prob=0.000012
2025-11-21 08:21:29 | DEBUG    | logits_to_prob_map:180 | topk[5]: token_id=236746, text='a', logprob=-11.6004, prob=0.000009
2025-11-21 08:21:29 | DEBUG    | logits_to_prob_map:180 | topk[6]: token_id=236769, text='(', logprob=-11.8504, prob=0.000007
2025-11-21 08:21:29 | DEBUG    | logits_to_prob_map:180 | topk[7]: token_id=22186, text='Both', logprob=-11.9754, prob=0.000006
2025-11-21 08:21:29 | DEBUG    | logits_to_prob_map:180 | topk[8]: token_id=236763, text='b', logprob=-12.1004, prob=0.000006
2025-11-21 08:21:29 | DEBUG    | logits_to_prob_map:180 | topk[9]: token_id=35343, text='Bs', logprob=-12.7254, prob=0.000003
2025-11-21 08:21:29 | DEBUG    | only_abt_probs:198 | only_abt_probs result: {'A': 0.9044640178444305, 'B': 0.09532979760176274, 'T': 6.637154166160003e-07}
2025-11-21 08:21:29 | DEBUG    | main:410 | RJ prompt (truncated): <bos><start_of_turn>user
You are an impartial and unbiased judge.

You will be given answers from two assistants (Assistant A and Assistant B) to a user prompt. Please act as an impartial judge and evaluate the quality of their answers. You must output only one of the following choices:
'A' if Assistant A's answer is better.
'T' if both answers are relatively the same in quality.
'B' if Assistant B's answer is better.
Do not think or reason. Just choose which answer you prefer: A or B or T.
Outp...<truncated 4881 chars>
2025-11-21 08:21:29 | DEBUG    | main:440 | RJ prompt length: 1801
2025-11-21 08:21:32 | DEBUG    | main:461 | RJ: Generated 8 steps
2025-11-21 08:21:32 | DEBUG    | main:467 | RJ: generated text='B's answer.

B<end_of_turn>'
2025-11-21 08:21:32 | DEBUG    | main:473 | RJ step 0: token_id=236799, text='B'
2025-11-21 08:21:32 | DEBUG    | main:476 | RJ: Found A/B/T at step 0
2025-11-21 08:21:32 | DEBUG    | main:483 | RJ step 0: extracting probs from logits
2025-11-21 08:21:32 | DEBUG    | logits_to_prob_map:157 | logits_to_prob_map: input shape=torch.Size([262208]), dtype=torch.float32
2025-11-21 08:21:33 | DEBUG    | logits_to_prob_map:170 | Top-k extraction: k=50, top logprobs range=[-14.8309, -0.0184]
2025-11-21 08:21:33 | DEBUG    | logits_to_prob_map:180 | topk[0]: token_id=236799, text='B', logprob=-0.0184, prob=0.981725
2025-11-21 08:21:33 | DEBUG    | logits_to_prob_map:180 | topk[1]: token_id=236776, text='A', logprob=-4.0184, prob=0.017981
2025-11-21 08:21:33 | DEBUG    | logits_to_prob_map:180 | topk[2]: token_id=236789, text=''', logprob=-9.1434, prob=0.000107
2025-11-21 08:21:33 | DEBUG    | logits_to_prob_map:180 | topk[3]: token_id=236763, text='b', logprob=-10.5184, prob=0.000027
2025-11-21 08:21:33 | DEBUG    | logits_to_prob_map:180 | topk[4]: token_id=35343, text='Bs', logprob=-10.7684, prob=0.000021
2025-11-21 08:21:33 | DEBUG    | logits_to_prob_map:180 | topk[5]: token_id=236774, text='T', logprob=-11.1434, prob=0.000014
2025-11-21 08:21:33 | DEBUG    | logits_to_prob_map:180 | topk[6]: token_id=107, text='
', logprob=-11.2684, prob=0.000013
2025-11-21 08:21:33 | DEBUG    | logits_to_prob_map:180 | topk[7]: token_id=22186, text='Both', logprob=-11.3934, prob=0.000011
2025-11-21 08:21:33 | DEBUG    | logits_to_prob_map:180 | topk[8]: token_id=2205, text='As', logprob=-12.0184, prob=0.000006
2025-11-21 08:21:33 | DEBUG    | logits_to_prob_map:180 | topk[9]: token_id=14433, text='answer', logprob=-12.0184, prob=0.000006
2025-11-21 08:21:33 | DEBUG    | only_abt_probs:198 | only_abt_probs result: {'A': 0.017980928969625137, 'B': 0.9817252930443621, 'T': 1.4469840194804174e-05}
2025-11-21 08:21:33 | DEBUG    | main:544 | Row 86 complete: JR={'A': 0.9044640178444305, 'B': 0.09532979760176274, 'T': 6.637154166160003e-07}, RJ={'A': 0.017980928969625137, 'B': 0.9817252930443621, 'T': 1.4469840194804174e-05}, combined_norm={'A': 0.9433233306904956, 'B': 0.05666910069695739, 'T': 7.568612547076619e-06}
2025-11-21 08:21:33 | DEBUG    | main:393 | ========== Row 87 ==========
2025-11-21 08:21:33 | DEBUG    | main:394 | Built msgs_jr with 2 messages
2025-11-21 08:21:33 | DEBUG    | main:396 | msgs_jr[0] role=system content=You are an impartial and unbiased judge.
2025-11-21 08:21:33 | DEBUG    | main:396 | msgs_jr[1] role=user content=You will be given answers from two assistants (Assistant A and Assistant B) to a user prompt. Please act as an impartial judge and evaluate the quality of their answers. You must output only one of the following choices:
'A' if Assistant A's answer is better.
'T' if both answers are relatively the s...<truncated 3882 chars>
2025-11-21 08:21:33 | DEBUG    | main:410 | JR prompt (truncated): <bos><start_of_turn>user
You are an impartial and unbiased judge.

You will be given answers from two assistants (Assistant A and Assistant B) to a user prompt. Please act as an impartial judge and evaluate the quality of their answers. You must output only one of the following choices:
'A' if Assistant A's answer is better.
'T' if both answers are relatively the same in quality.
'B' if Assistant B's answer is better.
Do not think or reason. Just choose which answer you prefer: A or B or T.
Outp...<truncated 4097 chars>
2025-11-21 08:21:33 | DEBUG    | main:440 | JR prompt length: 1265
2025-11-21 08:21:35 | DEBUG    | main:461 | JR: Generated 8 steps
2025-11-21 08:21:35 | DEBUG    | main:467 | JR: generated text='A's answer.

A<end_of_turn>'
2025-11-21 08:21:35 | DEBUG    | main:473 | JR step 0: token_id=236776, text='A'
2025-11-21 08:21:35 | DEBUG    | main:476 | JR: Found A/B/T at step 0
2025-11-21 08:21:35 | DEBUG    | main:483 | JR step 0: extracting probs from logits
2025-11-21 08:21:35 | DEBUG    | logits_to_prob_map:157 | logits_to_prob_map: input shape=torch.Size([262208]), dtype=torch.float32
2025-11-21 08:21:35 | DEBUG    | logits_to_prob_map:170 | Top-k extraction: k=50, top logprobs range=[-15.3871, -0.3871]
2025-11-21 08:21:35 | DEBUG    | logits_to_prob_map:180 | topk[0]: token_id=236776, text='A', logprob=-0.3871, prob=0.679039
2025-11-21 08:21:35 | DEBUG    | logits_to_prob_map:180 | topk[1]: token_id=236799, text='B', logprob=-1.1371, prob=0.320755
2025-11-21 08:21:35 | DEBUG    | logits_to_prob_map:180 | topk[2]: token_id=236789, text=''', logprob=-9.3871, prob=0.000084
2025-11-21 08:21:35 | DEBUG    | logits_to_prob_map:180 | topk[3]: token_id=107, text='
', logprob=-10.5121, prob=0.000027
2025-11-21 08:21:35 | DEBUG    | logits_to_prob_map:180 | topk[4]: token_id=2205, text='As', logprob=-10.8871, prob=0.000019
2025-11-21 08:21:35 | DEBUG    | logits_to_prob_map:180 | topk[5]: token_id=236769, text='(', logprob=-11.7621, prob=0.000008
2025-11-21 08:21:35 | DEBUG    | logits_to_prob_map:180 | topk[6]: token_id=236763, text='b', logprob=-12.0121, prob=0.000006
2025-11-21 08:21:35 | DEBUG    | logits_to_prob_map:180 | topk[7]: token_id=236746, text='a', logprob=-12.0121, prob=0.000006
2025-11-21 08:21:35 | DEBUG    | logits_to_prob_map:180 | topk[8]: token_id=35343, text='Bs', logprob=-12.2621, prob=0.000005
2025-11-21 08:21:35 | DEBUG    | logits_to_prob_map:180 | topk[9]: token_id=1018, text='**', logprob=-12.3871, prob=0.000004
2025-11-21 08:21:35 | DEBUG    | only_abt_probs:198 | only_abt_probs result: {'A': 0.6790388853489054, 'B': 0.32075526700861534, 'T': 4.172157242650918e-06}
2025-11-21 08:21:35 | DEBUG    | main:410 | RJ prompt (truncated): <bos><start_of_turn>user
You are an impartial and unbiased judge.

You will be given answers from two assistants (Assistant A and Assistant B) to a user prompt. Please act as an impartial judge and evaluate the quality of their answers. You must output only one of the following choices:
'A' if Assistant A's answer is better.
'T' if both answers are relatively the same in quality.
'B' if Assistant B's answer is better.
Do not think or reason. Just choose which answer you prefer: A or B or T.
Outp...<truncated 4097 chars>
2025-11-21 08:21:35 | DEBUG    | main:440 | RJ prompt length: 1265
2025-11-21 08:21:37 | DEBUG    | main:461 | RJ: Generated 8 steps
2025-11-21 08:21:37 | DEBUG    | main:467 | RJ: generated text='B's answer.

B<end_of_turn>'
2025-11-21 08:21:37 | DEBUG    | main:473 | RJ step 0: token_id=236799, text='B'
2025-11-21 08:21:37 | DEBUG    | main:476 | RJ: Found A/B/T at step 0
2025-11-21 08:21:37 | DEBUG    | main:483 | RJ step 0: extracting probs from logits
2025-11-21 08:21:37 | DEBUG    | logits_to_prob_map:157 | logits_to_prob_map: input shape=torch.Size([262208]), dtype=torch.float32
2025-11-21 08:21:37 | DEBUG    | logits_to_prob_map:170 | Top-k extraction: k=50, top logprobs range=[-15.0925, -0.0300]
2025-11-21 08:21:37 | DEBUG    | logits_to_prob_map:180 | topk[0]: token_id=236799, text='B', logprob=-0.0300, prob=0.970481
2025-11-21 08:21:37 | DEBUG    | logits_to_prob_map:180 | topk[1]: token_id=236776, text='A', logprob=-3.5300, prob=0.029306
2025-11-21 08:21:37 | DEBUG    | logits_to_prob_map:180 | topk[2]: token_id=236789, text=''', logprob=-9.7800, prob=0.000057
2025-11-21 08:21:37 | DEBUG    | logits_to_prob_map:180 | topk[3]: token_id=107, text='
', logprob=-10.7800, prob=0.000021
2025-11-21 08:21:37 | DEBUG    | logits_to_prob_map:180 | topk[4]: token_id=236763, text='b', logprob=-10.7800, prob=0.000021
2025-11-21 08:21:37 | DEBUG    | logits_to_prob_map:180 | topk[5]: token_id=236774, text='T', logprob=-11.0300, prob=0.000016
2025-11-21 08:21:37 | DEBUG    | logits_to_prob_map:180 | topk[6]: token_id=35343, text='Bs', logprob=-11.1550, prob=0.000014
2025-11-21 08:21:37 | DEBUG    | logits_to_prob_map:180 | topk[7]: token_id=22186, text='Both', logprob=-11.7800, prob=0.000008
2025-11-21 08:21:37 | DEBUG    | logits_to_prob_map:180 | topk[8]: token_id=2205, text='As', logprob=-11.9050, prob=0.000007
2025-11-21 08:21:37 | DEBUG    | logits_to_prob_map:180 | topk[9]: token_id=1018, text='**', logprob=-12.0300, prob=0.000006
2025-11-21 08:21:37 | DEBUG    | only_abt_probs:198 | only_abt_probs result: {'A': 0.02930599269805098, 'B': 0.9704811408718959, 'T': 1.6208682648506988e-05}
2025-11-21 08:21:37 | DEBUG    | main:544 | Row 87 complete: JR={'A': 0.6790388853489054, 'B': 0.32075526700861534, 'T': 4.172157242650918e-06}, RJ={'A': 0.02930599269805098, 'B': 0.9704811408718959, 'T': 1.6208682648506988e-05}, combined_norm={'A': 0.8249243104940424, 'B': 0.1750654970560163, 'T': 1.0192449941345787e-05}
2025-11-21 08:21:37 | DEBUG    | main:393 | ========== Row 88 ==========
2025-11-21 08:21:37 | DEBUG    | main:394 | Built msgs_jr with 2 messages
2025-11-21 08:21:37 | DEBUG    | main:396 | msgs_jr[0] role=system content=You are an impartial and unbiased judge.
2025-11-21 08:21:37 | DEBUG    | main:396 | msgs_jr[1] role=user content=You will be given answers from two assistants (Assistant A and Assistant B) to a user prompt. Please act as an impartial judge and evaluate the quality of their answers. You must output only one of the following choices:
'A' if Assistant A's answer is better.
'T' if both answers are relatively the s...<truncated 5130 chars>
2025-11-21 08:21:37 | DEBUG    | main:410 | JR prompt (truncated): <bos><start_of_turn>user
You are an impartial and unbiased judge.

You will be given answers from two assistants (Assistant A and Assistant B) to a user prompt. Please act as an impartial judge and evaluate the quality of their answers. You must output only one of the following choices:
'A' if Assistant A's answer is better.
'T' if both answers are relatively the same in quality.
'B' if Assistant B's answer is better.
Do not think or reason. Just choose which answer you prefer: A or B or T.
Outp...<truncated 5345 chars>
2025-11-21 08:21:37 | DEBUG    | main:440 | JR prompt length: 1944
2025-11-21 08:21:40 | DEBUG    | main:461 | JR: Generated 8 steps
2025-11-21 08:21:40 | DEBUG    | main:467 | JR: generated text='A's answer.

A<end_of_turn>'
2025-11-21 08:21:40 | DEBUG    | main:473 | JR step 0: token_id=236776, text='A'
2025-11-21 08:21:40 | DEBUG    | main:476 | JR: Found A/B/T at step 0
2025-11-21 08:21:40 | DEBUG    | main:483 | JR step 0: extracting probs from logits
2025-11-21 08:21:40 | DEBUG    | logits_to_prob_map:157 | logits_to_prob_map: input shape=torch.Size([262208]), dtype=torch.float32
2025-11-21 08:21:40 | DEBUG    | logits_to_prob_map:170 | Top-k extraction: k=50, top logprobs range=[-15.5924, -0.0299]
2025-11-21 08:21:40 | DEBUG    | logits_to_prob_map:180 | topk[0]: token_id=236776, text='A', logprob=-0.0299, prob=0.970543
2025-11-21 08:21:40 | DEBUG    | logits_to_prob_map:180 | topk[1]: token_id=236799, text='B', logprob=-3.5299, prob=0.029308
2025-11-21 08:21:40 | DEBUG    | logits_to_prob_map:180 | topk[2]: token_id=236789, text=''', logprob=-9.9049, prob=0.000050
2025-11-21 08:21:40 | DEBUG    | logits_to_prob_map:180 | topk[3]: token_id=2205, text='As', logprob=-10.9049, prob=0.000018
2025-11-21 08:21:40 | DEBUG    | logits_to_prob_map:180 | topk[4]: token_id=107, text='
', logprob=-11.0299, prob=0.000016
2025-11-21 08:21:40 | DEBUG    | logits_to_prob_map:180 | topk[5]: token_id=236746, text='a', logprob=-11.0299, prob=0.000016
2025-11-21 08:21:40 | DEBUG    | logits_to_prob_map:180 | topk[6]: token_id=236769, text='(', logprob=-12.4049, prob=0.000004
2025-11-21 08:21:40 | DEBUG    | logits_to_prob_map:180 | topk[7]: token_id=236763, text='b', logprob=-12.4049, prob=0.000004
2025-11-21 08:21:40 | DEBUG    | logits_to_prob_map:180 | topk[8]: token_id=236795, text='$', logprob=-12.7799, prob=0.000003
2025-11-21 08:21:40 | DEBUG    | logits_to_prob_map:180 | topk[9]: token_id=7925, text='Answer', logprob=-13.1549, prob=0.000002
2025-11-21 08:21:40 | DEBUG    | only_abt_probs:198 | only_abt_probs result: {'A': 0.9705433445143603, 'B': 0.02930787228637784, 'T': 2.0405024035606994e-07}
2025-11-21 08:21:40 | DEBUG    | main:410 | RJ prompt (truncated): <bos><start_of_turn>user
You are an impartial and unbiased judge.

You will be given answers from two assistants (Assistant A and Assistant B) to a user prompt. Please act as an impartial judge and evaluate the quality of their answers. You must output only one of the following choices:
'A' if Assistant A's answer is better.
'T' if both answers are relatively the same in quality.
'B' if Assistant B's answer is better.
Do not think or reason. Just choose which answer you prefer: A or B or T.
Outp...<truncated 5345 chars>
2025-11-21 08:21:40 | DEBUG    | main:440 | RJ prompt length: 1944
2025-11-21 08:21:43 | DEBUG    | main:461 | RJ: Generated 8 steps
2025-11-21 08:21:43 | DEBUG    | main:467 | RJ: generated text='A's answer.

A<end_of_turn>'
2025-11-21 08:21:43 | DEBUG    | main:473 | RJ step 0: token_id=236776, text='A'
2025-11-21 08:21:43 | DEBUG    | main:476 | RJ: Found A/B/T at step 0
2025-11-21 08:21:43 | DEBUG    | main:483 | RJ step 0: extracting probs from logits
2025-11-21 08:21:43 | DEBUG    | logits_to_prob_map:157 | logits_to_prob_map: input shape=torch.Size([262208]), dtype=torch.float32
2025-11-21 08:21:43 | DEBUG    | logits_to_prob_map:170 | Top-k extraction: k=50, top logprobs range=[-14.4067, -0.2817]
2025-11-21 08:21:43 | DEBUG    | logits_to_prob_map:180 | topk[0]: token_id=236776, text='A', logprob=-0.2817, prob=0.754490
2025-11-21 08:21:43 | DEBUG    | logits_to_prob_map:180 | topk[1]: token_id=236799, text='B', logprob=-1.4067, prob=0.244947
2025-11-21 08:21:43 | DEBUG    | logits_to_prob_map:180 | topk[2]: token_id=236789, text=''', logprob=-8.2817, prob=0.000253
2025-11-21 08:21:43 | DEBUG    | logits_to_prob_map:180 | topk[3]: token_id=236746, text='a', logprob=-9.7817, prob=0.000056
2025-11-21 08:21:43 | DEBUG    | logits_to_prob_map:180 | topk[4]: token_id=107, text='
', logprob=-10.1567, prob=0.000039
2025-11-21 08:21:43 | DEBUG    | logits_to_prob_map:180 | topk[5]: token_id=2205, text='As', logprob=-10.4067, prob=0.000030
2025-11-21 08:21:43 | DEBUG    | logits_to_prob_map:180 | topk[6]: token_id=236763, text='b', logprob=-10.7817, prob=0.000021
2025-11-21 08:21:43 | DEBUG    | logits_to_prob_map:180 | topk[7]: token_id=236769, text='(', logprob=-11.1567, prob=0.000014
2025-11-21 08:21:43 | DEBUG    | logits_to_prob_map:180 | topk[8]: token_id=236775, text='"', logprob=-11.4067, prob=0.000011
2025-11-21 08:21:43 | DEBUG    | logits_to_prob_map:180 | topk[9]: token_id=35343, text='Bs', logprob=-11.6567, prob=0.000009
2025-11-21 08:21:43 | DEBUG    | only_abt_probs:198 | only_abt_probs result: {'A': 0.7544899605920056, 'B': 0.24494704190327962, 'T': 4.635745707395512e-06}
2025-11-21 08:21:43 | DEBUG    | main:544 | Row 88 complete: JR={'A': 0.9705433445143603, 'B': 0.02930787228637784, 'T': 2.0405024035606994e-07}, RJ={'A': 0.7544899605920056, 'B': 0.24494704190327962, 'T': 4.635745707395512e-06}, combined_norm={'A': 0.6079600891375501, 'B': 0.39203749010881117, 'T': 2.420753638763542e-06}
2025-11-21 08:21:43 | DEBUG    | main:393 | ========== Row 89 ==========
2025-11-21 08:21:43 | DEBUG    | main:394 | Built msgs_jr with 2 messages
2025-11-21 08:21:43 | DEBUG    | main:396 | msgs_jr[0] role=system content=You are an impartial and unbiased judge.
2025-11-21 08:21:43 | DEBUG    | main:396 | msgs_jr[1] role=user content=You will be given answers from two assistants (Assistant A and Assistant B) to a user prompt. Please act as an impartial judge and evaluate the quality of their answers. You must output only one of the following choices:
'A' if Assistant A's answer is better.
'T' if both answers are relatively the s...<truncated 5652 chars>
2025-11-21 08:21:43 | DEBUG    | main:410 | JR prompt (truncated): <bos><start_of_turn>user
You are an impartial and unbiased judge.

You will be given answers from two assistants (Assistant A and Assistant B) to a user prompt. Please act as an impartial judge and evaluate the quality of their answers. You must output only one of the following choices:
'A' if Assistant A's answer is better.
'T' if both answers are relatively the same in quality.
'B' if Assistant B's answer is better.
Do not think or reason. Just choose which answer you prefer: A or B or T.
Outp...<truncated 5867 chars>
2025-11-21 08:21:43 | DEBUG    | main:440 | JR prompt length: 2071
2025-11-21 08:21:47 | DEBUG    | main:461 | JR: Generated 8 steps
2025-11-21 08:21:47 | DEBUG    | main:467 | JR: generated text='A's answer.

A<end_of_turn>'
2025-11-21 08:21:47 | DEBUG    | main:473 | JR step 0: token_id=236776, text='A'
2025-11-21 08:21:47 | DEBUG    | main:476 | JR: Found A/B/T at step 0
2025-11-21 08:21:47 | DEBUG    | main:483 | JR step 0: extracting probs from logits
2025-11-21 08:21:47 | DEBUG    | logits_to_prob_map:157 | logits_to_prob_map: input shape=torch.Size([262208]), dtype=torch.float32
2025-11-21 08:21:47 | DEBUG    | logits_to_prob_map:170 | Top-k extraction: k=50, top logprobs range=[-16.4501, -0.0126]
2025-11-21 08:21:47 | DEBUG    | logits_to_prob_map:180 | topk[0]: token_id=236776, text='A', logprob=-0.0126, prob=0.987475
2025-11-21 08:21:47 | DEBUG    | logits_to_prob_map:180 | topk[1]: token_id=236799, text='B', logprob=-4.3876, prob=0.012430
2025-11-21 08:21:47 | DEBUG    | logits_to_prob_map:180 | topk[2]: token_id=236789, text=''', logprob=-10.3876, prob=0.000031
2025-11-21 08:21:47 | DEBUG    | logits_to_prob_map:180 | topk[3]: token_id=2205, text='As', logprob=-10.7626, prob=0.000021
2025-11-21 08:21:47 | DEBUG    | logits_to_prob_map:180 | topk[4]: token_id=107, text='
', logprob=-11.5126, prob=0.000010
2025-11-21 08:21:47 | DEBUG    | logits_to_prob_map:180 | topk[5]: token_id=236746, text='a', logprob=-11.7626, prob=0.000008
2025-11-21 08:21:47 | DEBUG    | logits_to_prob_map:180 | topk[6]: token_id=236769, text='(', logprob=-12.5126, prob=0.000004
2025-11-21 08:21:47 | DEBUG    | logits_to_prob_map:180 | topk[7]: token_id=236763, text='b', logprob=-13.5126, prob=0.000001
2025-11-21 08:21:47 | DEBUG    | logits_to_prob_map:180 | topk[8]: token_id=1018, text='**', logprob=-13.6376, prob=0.000001
2025-11-21 08:21:47 | DEBUG    | logits_to_prob_map:180 | topk[9]: token_id=236858, text='’', logprob=-13.8876, prob=0.000001
2025-11-21 08:21:47 | DEBUG    | only_abt_probs:198 | only_abt_probs result: {'A': 0.9874749974543026, 'B': 0.01243047405016854, 'T': 9.21264488309848e-08}
2025-11-21 08:21:47 | DEBUG    | main:410 | RJ prompt (truncated): <bos><start_of_turn>user
You are an impartial and unbiased judge.

You will be given answers from two assistants (Assistant A and Assistant B) to a user prompt. Please act as an impartial judge and evaluate the quality of their answers. You must output only one of the following choices:
'A' if Assistant A's answer is better.
'T' if both answers are relatively the same in quality.
'B' if Assistant B's answer is better.
Do not think or reason. Just choose which answer you prefer: A or B or T.
Outp...<truncated 5867 chars>
2025-11-21 08:21:47 | DEBUG    | main:440 | RJ prompt length: 2071
2025-11-21 08:21:50 | DEBUG    | main:461 | RJ: Generated 8 steps
2025-11-21 08:21:50 | DEBUG    | main:467 | RJ: generated text='B's answer.

B<end_of_turn>'
2025-11-21 08:21:50 | DEBUG    | main:473 | RJ step 0: token_id=236799, text='B'
2025-11-21 08:21:50 | DEBUG    | main:476 | RJ: Found A/B/T at step 0
2025-11-21 08:21:50 | DEBUG    | main:483 | RJ step 0: extracting probs from logits
2025-11-21 08:21:50 | DEBUG    | logits_to_prob_map:157 | logits_to_prob_map: input shape=torch.Size([262208]), dtype=torch.float32
2025-11-21 08:21:50 | DEBUG    | logits_to_prob_map:170 | Top-k extraction: k=50, top logprobs range=[-15.5069, -0.0069]
2025-11-21 08:21:50 | DEBUG    | logits_to_prob_map:180 | topk[0]: token_id=236799, text='B', logprob=-0.0069, prob=0.993150
2025-11-21 08:21:50 | DEBUG    | logits_to_prob_map:180 | topk[1]: token_id=236776, text='A', logprob=-5.0069, prob=0.006692
2025-11-21 08:21:50 | DEBUG    | logits_to_prob_map:180 | topk[2]: token_id=236789, text=''', logprob=-10.1319, prob=0.000040
2025-11-21 08:21:50 | DEBUG    | logits_to_prob_map:180 | topk[3]: token_id=35343, text='Bs', logprob=-11.0069, prob=0.000017
2025-11-21 08:21:50 | DEBUG    | logits_to_prob_map:180 | topk[4]: token_id=236763, text='b', logprob=-11.0069, prob=0.000017
2025-11-21 08:21:50 | DEBUG    | logits_to_prob_map:180 | topk[5]: token_id=236774, text='T', logprob=-11.3819, prob=0.000011
2025-11-21 08:21:50 | DEBUG    | logits_to_prob_map:180 | topk[6]: token_id=107, text='
', logprob=-11.5069, prob=0.000010
2025-11-21 08:21:50 | DEBUG    | logits_to_prob_map:180 | topk[7]: token_id=22186, text='Both', logprob=-11.6319, prob=0.000009
2025-11-21 08:21:50 | DEBUG    | logits_to_prob_map:180 | topk[8]: token_id=27413, text='both', logprob=-12.5069, prob=0.000004
2025-11-21 08:21:50 | DEBUG    | logits_to_prob_map:180 | topk[9]: token_id=1018, text='**', logprob=-12.5069, prob=0.000004
2025-11-21 08:21:50 | DEBUG    | only_abt_probs:198 | only_abt_probs result: {'A': 0.006691788612326512, 'B': 0.9931496817775056, 'T': 1.1400263549285683e-05}
2025-11-21 08:21:50 | DEBUG    | main:544 | Row 89 complete: JR={'A': 0.9874749974543026, 'B': 0.01243047405016854, 'T': 9.21264488309848e-08}, RJ={'A': 0.006691788612326512, 'B': 0.9931496817775056, 'T': 1.1400263549285683e-05}, combined_norm={'A': 0.990431966819362, 'B': 0.00956228629151339, 'T': 5.746889124750564e-06}
2025-11-21 08:21:50 | INFO     | main:391 | Processing row 90/970
2025-11-21 08:21:50 | DEBUG    | main:393 | ========== Row 90 ==========
2025-11-21 08:21:50 | DEBUG    | main:394 | Built msgs_jr with 2 messages
2025-11-21 08:21:50 | DEBUG    | main:396 | msgs_jr[0] role=system content=You are an impartial and unbiased judge.
2025-11-21 08:21:50 | DEBUG    | main:396 | msgs_jr[1] role=user content=You will be given answers from two assistants (Assistant A and Assistant B) to a user prompt. Please act as an impartial judge and evaluate the quality of their answers. You must output only one of the following choices:
'A' if Assistant A's answer is better.
'T' if both answers are relatively the s...<truncated 4403 chars>
2025-11-21 08:21:50 | DEBUG    | main:410 | JR prompt (truncated): <bos><start_of_turn>user
You are an impartial and unbiased judge.

You will be given answers from two assistants (Assistant A and Assistant B) to a user prompt. Please act as an impartial judge and evaluate the quality of their answers. You must output only one of the following choices:
'A' if Assistant A's answer is better.
'T' if both answers are relatively the same in quality.
'B' if Assistant B's answer is better.
Do not think or reason. Just choose which answer you prefer: A or B or T.
Outp...<truncated 4618 chars>
2025-11-21 08:21:50 | DEBUG    | main:440 | JR prompt length: 1668
2025-11-21 08:21:53 | DEBUG    | main:461 | JR: Generated 8 steps
2025-11-21 08:21:53 | DEBUG    | main:467 | JR: generated text='A's answer.

A<end_of_turn>'
2025-11-21 08:21:53 | DEBUG    | main:473 | JR step 0: token_id=236776, text='A'
2025-11-21 08:21:53 | DEBUG    | main:476 | JR: Found A/B/T at step 0
2025-11-21 08:21:53 | DEBUG    | main:483 | JR step 0: extracting probs from logits
2025-11-21 08:21:53 | DEBUG    | logits_to_prob_map:157 | logits_to_prob_map: input shape=torch.Size([262208]), dtype=torch.float32
2025-11-21 08:21:53 | DEBUG    | logits_to_prob_map:170 | Top-k extraction: k=50, top logprobs range=[-16.6878, -0.0003]
2025-11-21 08:21:53 | DEBUG    | logits_to_prob_map:180 | topk[0]: token_id=236776, text='A', logprob=-0.0003, prob=0.999726
2025-11-21 08:21:53 | DEBUG    | logits_to_prob_map:180 | topk[1]: token_id=236799, text='B', logprob=-8.5003, prob=0.000203
2025-11-21 08:21:53 | DEBUG    | logits_to_prob_map:180 | topk[2]: token_id=236789, text=''', logprob=-10.3753, prob=0.000031
2025-11-21 08:21:53 | DEBUG    | logits_to_prob_map:180 | topk[3]: token_id=2205, text='As', logprob=-11.0003, prob=0.000017
2025-11-21 08:21:53 | DEBUG    | logits_to_prob_map:180 | topk[4]: token_id=236746, text='a', logprob=-12.3753, prob=0.000004
2025-11-21 08:21:53 | DEBUG    | logits_to_prob_map:180 | topk[5]: token_id=236769, text='(', logprob=-13.0003, prob=0.000002
2025-11-21 08:21:53 | DEBUG    | logits_to_prob_map:180 | topk[6]: token_id=236795, text='$', logprob=-13.3753, prob=0.000002
2025-11-21 08:21:53 | DEBUG    | logits_to_prob_map:180 | topk[7]: token_id=107, text='
', logprob=-13.3753, prob=0.000002
2025-11-21 08:21:53 | DEBUG    | logits_to_prob_map:180 | topk[8]: token_id=7925, text='Answer', logprob=-13.8753, prob=0.000001
2025-11-21 08:21:53 | DEBUG    | logits_to_prob_map:180 | topk[9]: token_id=1018, text='**', logprob=-13.8753, prob=0.000001
2025-11-21 08:21:53 | DEBUG    | only_abt_probs:198 | only_abt_probs result: {'A': 0.9997262512236712, 'B': 0.00020341268641721328, 'T': 0.0}
2025-11-21 08:21:53 | DEBUG    | main:410 | RJ prompt (truncated): <bos><start_of_turn>user
You are an impartial and unbiased judge.

You will be given answers from two assistants (Assistant A and Assistant B) to a user prompt. Please act as an impartial judge and evaluate the quality of their answers. You must output only one of the following choices:
'A' if Assistant A's answer is better.
'T' if both answers are relatively the same in quality.
'B' if Assistant B's answer is better.
Do not think or reason. Just choose which answer you prefer: A or B or T.
Outp...<truncated 4618 chars>
2025-11-21 08:21:53 | DEBUG    | main:440 | RJ prompt length: 1668
2025-11-21 08:21:56 | DEBUG    | main:461 | RJ: Generated 8 steps
2025-11-21 08:21:56 | DEBUG    | main:467 | RJ: generated text='B's answer.

B<end_of_turn>'
2025-11-21 08:21:56 | DEBUG    | main:473 | RJ step 0: token_id=236799, text='B'
2025-11-21 08:21:56 | DEBUG    | main:476 | RJ: Found A/B/T at step 0
2025-11-21 08:21:56 | DEBUG    | main:483 | RJ step 0: extracting probs from logits
2025-11-21 08:21:56 | DEBUG    | logits_to_prob_map:157 | logits_to_prob_map: input shape=torch.Size([262208]), dtype=torch.float32
2025-11-21 08:21:56 | DEBUG    | logits_to_prob_map:170 | Top-k extraction: k=50, top logprobs range=[-17.0627, -0.0002]
2025-11-21 08:21:56 | DEBUG    | logits_to_prob_map:180 | topk[0]: token_id=236799, text='B', logprob=-0.0002, prob=0.999785
2025-11-21 08:21:56 | DEBUG    | logits_to_prob_map:180 | topk[1]: token_id=236776, text='A', logprob=-8.7502, prob=0.000158
2025-11-21 08:21:56 | DEBUG    | logits_to_prob_map:180 | topk[2]: token_id=236789, text=''', logprob=-10.8752, prob=0.000019
2025-11-21 08:21:56 | DEBUG    | logits_to_prob_map:180 | topk[3]: token_id=35343, text='Bs', logprob=-11.0002, prob=0.000017
2025-11-21 08:21:56 | DEBUG    | logits_to_prob_map:180 | topk[4]: token_id=236763, text='b', logprob=-12.6252, prob=0.000003
2025-11-21 08:21:56 | DEBUG    | logits_to_prob_map:180 | topk[5]: token_id=7925, text='Answer', logprob=-13.0002, prob=0.000002
2025-11-21 08:21:56 | DEBUG    | logits_to_prob_map:180 | topk[6]: token_id=14433, text='answer', logprob=-13.2502, prob=0.000002
2025-11-21 08:21:56 | DEBUG    | logits_to_prob_map:180 | topk[7]: token_id=107, text='
', logprob=-13.2502, prob=0.000002
2025-11-21 08:21:56 | DEBUG    | logits_to_prob_map:180 | topk[8]: token_id=74314, text='Assistant', logprob=-13.5002, prob=0.000001
2025-11-21 08:21:56 | DEBUG    | logits_to_prob_map:180 | topk[9]: token_id=236775, text='"', logprob=-13.6252, prob=0.000001
2025-11-21 08:21:56 | DEBUG    | only_abt_probs:198 | only_abt_probs result: {'A': 0.00015842732665194217, 'B': 0.9997849926820307, 'T': 2.101982767417178e-07}
2025-11-21 08:21:56 | DEBUG    | main:544 | Row 90 complete: JR={'A': 0.9997262512236712, 'B': 0.00020341268641721328, 'T': 0.0}, RJ={'A': 0.00015842732665194217, 'B': 0.9997849926820307, 'T': 2.101982767417178e-07}, combined_norm={'A': 0.9998189634251275, 'B': 0.00018093146907534923, 'T': 1.0510579713227343e-07}
2025-11-21 08:21:56 | DEBUG    | main:393 | ========== Row 91 ==========
2025-11-21 08:21:56 | DEBUG    | main:394 | Built msgs_jr with 2 messages
2025-11-21 08:21:56 | DEBUG    | main:396 | msgs_jr[0] role=system content=You are an impartial and unbiased judge.
2025-11-21 08:21:56 | DEBUG    | main:396 | msgs_jr[1] role=user content=You will be given answers from two assistants (Assistant A and Assistant B) to a user prompt. Please act as an impartial judge and evaluate the quality of their answers. You must output only one of the following choices:
'A' if Assistant A's answer is better.
'T' if both answers are relatively the s...<truncated 7237 chars>
2025-11-21 08:21:56 | DEBUG    | main:410 | JR prompt (truncated): <bos><start_of_turn>user
You are an impartial and unbiased judge.

You will be given answers from two assistants (Assistant A and Assistant B) to a user prompt. Please act as an impartial judge and evaluate the quality of their answers. You must output only one of the following choices:
'A' if Assistant A's answer is better.
'T' if both answers are relatively the same in quality.
'B' if Assistant B's answer is better.
Do not think or reason. Just choose which answer you prefer: A or B or T.
Outp...<truncated 7452 chars>
2025-11-21 08:21:56 | DEBUG    | main:440 | JR prompt length: 2862
2025-11-21 08:22:00 | DEBUG    | main:461 | JR: Generated 8 steps
2025-11-21 08:22:00 | DEBUG    | main:467 | JR: generated text='A's answer.

A<end_of_turn>'
2025-11-21 08:22:00 | DEBUG    | main:473 | JR step 0: token_id=236776, text='A'
2025-11-21 08:22:00 | DEBUG    | main:476 | JR: Found A/B/T at step 0
2025-11-21 08:22:00 | DEBUG    | main:483 | JR step 0: extracting probs from logits
2025-11-21 08:22:00 | DEBUG    | logits_to_prob_map:157 | logits_to_prob_map: input shape=torch.Size([262208]), dtype=torch.float32
2025-11-21 08:22:00 | DEBUG    | logits_to_prob_map:170 | Top-k extraction: k=50, top logprobs range=[-16.4391, -0.0016]
2025-11-21 08:22:00 | DEBUG    | logits_to_prob_map:180 | topk[0]: token_id=236776, text='A', logprob=-0.0016, prob=0.998355
2025-11-21 08:22:00 | DEBUG    | logits_to_prob_map:180 | topk[1]: token_id=236799, text='B', logprob=-6.5016, prob=0.001501
2025-11-21 08:22:00 | DEBUG    | logits_to_prob_map:180 | topk[2]: token_id=236789, text=''', logprob=-9.5016, prob=0.000075
2025-11-21 08:22:00 | DEBUG    | logits_to_prob_map:180 | topk[3]: token_id=2205, text='As', logprob=-10.2516, prob=0.000035
2025-11-21 08:22:00 | DEBUG    | logits_to_prob_map:180 | topk[4]: token_id=236746, text='a', logprob=-11.7516, prob=0.000008
2025-11-21 08:22:00 | DEBUG    | logits_to_prob_map:180 | topk[5]: token_id=236769, text='(', logprob=-12.7516, prob=0.000003
2025-11-21 08:22:00 | DEBUG    | logits_to_prob_map:180 | topk[6]: token_id=236858, text='’', logprob=-12.8766, prob=0.000003
2025-11-21 08:22:00 | DEBUG    | logits_to_prob_map:180 | topk[7]: token_id=107, text='
', logprob=-13.1266, prob=0.000002
2025-11-21 08:22:00 | DEBUG    | logits_to_prob_map:180 | topk[8]: token_id=237095, text='‘', logprob=-13.5016, prob=0.000001
2025-11-21 08:22:00 | DEBUG    | logits_to_prob_map:180 | topk[9]: token_id=239549, text='Ａ', logprob=-13.5016, prob=0.000001
2025-11-21 08:22:00 | DEBUG    | only_abt_probs:198 | only_abt_probs result: {'A': 0.9983551184848717, 'B': 0.0015009665047492368, 'T': 7.253866971720826e-08}
2025-11-21 08:22:00 | DEBUG    | main:410 | RJ prompt (truncated): <bos><start_of_turn>user
You are an impartial and unbiased judge.

You will be given answers from two assistants (Assistant A and Assistant B) to a user prompt. Please act as an impartial judge and evaluate the quality of their answers. You must output only one of the following choices:
'A' if Assistant A's answer is better.
'T' if both answers are relatively the same in quality.
'B' if Assistant B's answer is better.
Do not think or reason. Just choose which answer you prefer: A or B or T.
Outp...<truncated 7452 chars>
2025-11-21 08:22:00 | DEBUG    | main:440 | RJ prompt length: 2862
2025-11-21 08:22:04 | DEBUG    | main:461 | RJ: Generated 8 steps
2025-11-21 08:22:04 | DEBUG    | main:467 | RJ: generated text='A's answer.

A<end_of_turn>'
2025-11-21 08:22:04 | DEBUG    | main:473 | RJ step 0: token_id=236776, text='A'
2025-11-21 08:22:04 | DEBUG    | main:476 | RJ: Found A/B/T at step 0
2025-11-21 08:22:04 | DEBUG    | main:483 | RJ step 0: extracting probs from logits
2025-11-21 08:22:04 | DEBUG    | logits_to_prob_map:157 | logits_to_prob_map: input shape=torch.Size([262208]), dtype=torch.float32
2025-11-21 08:22:04 | DEBUG    | logits_to_prob_map:170 | Top-k extraction: k=50, top logprobs range=[-15.9736, -0.3486]
2025-11-21 08:22:04 | DEBUG    | logits_to_prob_map:180 | topk[0]: token_id=236776, text='A', logprob=-0.3486, prob=0.705709
2025-11-21 08:22:04 | DEBUG    | logits_to_prob_map:180 | topk[1]: token_id=236799, text='B', logprob=-1.2236, prob=0.294183
2025-11-21 08:22:04 | DEBUG    | logits_to_prob_map:180 | topk[2]: token_id=236789, text=''', logprob=-9.8486, prob=0.000053
2025-11-21 08:22:04 | DEBUG    | logits_to_prob_map:180 | topk[3]: token_id=2205, text='As', logprob=-11.8486, prob=0.000007
2025-11-21 08:22:04 | DEBUG    | logits_to_prob_map:180 | topk[4]: token_id=236746, text='a', logprob=-12.0986, prob=0.000006
2025-11-21 08:22:04 | DEBUG    | logits_to_prob_map:180 | topk[5]: token_id=236769, text='(', logprob=-12.2236, prob=0.000005
2025-11-21 08:22:04 | DEBUG    | logits_to_prob_map:180 | topk[6]: token_id=236763, text='b', logprob=-12.3486, prob=0.000004
2025-11-21 08:22:04 | DEBUG    | logits_to_prob_map:180 | topk[7]: token_id=107, text='
', logprob=-12.3486, prob=0.000004
2025-11-21 08:22:04 | DEBUG    | logits_to_prob_map:180 | topk[8]: token_id=1018, text='**', logprob=-13.2236, prob=0.000002
2025-11-21 08:22:04 | DEBUG    | logits_to_prob_map:180 | topk[9]: token_id=74314, text='Assistant', logprob=-13.3486, prob=0.000002
2025-11-21 08:22:04 | DEBUG    | only_abt_probs:198 | only_abt_probs result: {'A': 0.7057093303932722, 'B': 0.29418340800635834, 'T': 1.2422929282816346e-06}
2025-11-21 08:22:04 | DEBUG    | main:544 | Row 91 complete: JR={'A': 0.9983551184848717, 'B': 0.0015009665047492368, 'T': 7.253866971720826e-08}, RJ={'A': 0.7057093303932722, 'B': 0.29418340800635834, 'T': 1.2422929282816346e-06}, combined_norm={'A': 0.646350012327632, 'B': 0.35364933017442707, 'T': 6.574979408020596e-07}
2025-11-21 08:22:04 | DEBUG    | main:393 | ========== Row 92 ==========
2025-11-21 08:22:04 | DEBUG    | main:394 | Built msgs_jr with 2 messages
2025-11-21 08:22:04 | DEBUG    | main:396 | msgs_jr[0] role=system content=You are an impartial and unbiased judge.
2025-11-21 08:22:04 | DEBUG    | main:396 | msgs_jr[1] role=user content=You will be given answers from two assistants (Assistant A and Assistant B) to a user prompt. Please act as an impartial judge and evaluate the quality of their answers. You must output only one of the following choices:
'A' if Assistant A's answer is better.
'T' if both answers are relatively the s...<truncated 5177 chars>
2025-11-21 08:22:04 | DEBUG    | main:410 | JR prompt (truncated): <bos><start_of_turn>user
You are an impartial and unbiased judge.

You will be given answers from two assistants (Assistant A and Assistant B) to a user prompt. Please act as an impartial judge and evaluate the quality of their answers. You must output only one of the following choices:
'A' if Assistant A's answer is better.
'T' if both answers are relatively the same in quality.
'B' if Assistant B's answer is better.
Do not think or reason. Just choose which answer you prefer: A or B or T.
Outp...<truncated 5392 chars>
2025-11-21 08:22:04 | DEBUG    | main:440 | JR prompt length: 2105
2025-11-21 08:22:08 | DEBUG    | main:461 | JR: Generated 8 steps
2025-11-21 08:22:08 | DEBUG    | main:467 | JR: generated text='B's answer.

B<end_of_turn>'
2025-11-21 08:22:08 | DEBUG    | main:473 | JR step 0: token_id=236799, text='B'
2025-11-21 08:22:08 | DEBUG    | main:476 | JR: Found A/B/T at step 0
2025-11-21 08:22:08 | DEBUG    | main:483 | JR step 0: extracting probs from logits
2025-11-21 08:22:08 | DEBUG    | logits_to_prob_map:157 | logits_to_prob_map: input shape=torch.Size([262208]), dtype=torch.float32
2025-11-21 08:22:08 | DEBUG    | logits_to_prob_map:170 | Top-k extraction: k=50, top logprobs range=[-15.9806, -0.0431]
2025-11-21 08:22:08 | DEBUG    | logits_to_prob_map:180 | topk[0]: token_id=236799, text='B', logprob=-0.0431, prob=0.957780
2025-11-21 08:22:08 | DEBUG    | logits_to_prob_map:180 | topk[1]: token_id=236776, text='A', logprob=-3.1681, prob=0.042082
2025-11-21 08:22:08 | DEBUG    | logits_to_prob_map:180 | topk[2]: token_id=236789, text=''', logprob=-9.9181, prob=0.000049
2025-11-21 08:22:08 | DEBUG    | logits_to_prob_map:180 | topk[3]: token_id=107, text='
', logprob=-11.1681, prob=0.000014
2025-11-21 08:22:08 | DEBUG    | logits_to_prob_map:180 | topk[4]: token_id=35343, text='Bs', logprob=-11.2931, prob=0.000012
2025-11-21 08:22:08 | DEBUG    | logits_to_prob_map:180 | topk[5]: token_id=236763, text='b', logprob=-11.4181, prob=0.000011
2025-11-21 08:22:08 | DEBUG    | logits_to_prob_map:180 | topk[6]: token_id=22186, text='Both', logprob=-11.5431, prob=0.000010
2025-11-21 08:22:08 | DEBUG    | logits_to_prob_map:180 | topk[7]: token_id=2205, text='As', logprob=-12.0431, prob=0.000006
2025-11-21 08:22:08 | DEBUG    | logits_to_prob_map:180 | topk[8]: token_id=236769, text='(', logprob=-12.4181, prob=0.000004
2025-11-21 08:22:08 | DEBUG    | logits_to_prob_map:180 | topk[9]: token_id=1018, text='**', logprob=-12.5431, prob=0.000004
2025-11-21 08:22:08 | DEBUG    | only_abt_probs:198 | only_abt_probs result: {'A': 0.04208191041717903, 'B': 0.9577799021102654, 'T': 1.910515321708705e-06}
2025-11-21 08:22:08 | DEBUG    | main:410 | RJ prompt (truncated): <bos><start_of_turn>user
You are an impartial and unbiased judge.

You will be given answers from two assistants (Assistant A and Assistant B) to a user prompt. Please act as an impartial judge and evaluate the quality of their answers. You must output only one of the following choices:
'A' if Assistant A's answer is better.
'T' if both answers are relatively the same in quality.
'B' if Assistant B's answer is better.
Do not think or reason. Just choose which answer you prefer: A or B or T.
Outp...<truncated 5392 chars>
2025-11-21 08:22:08 | DEBUG    | main:440 | RJ prompt length: 2105
2025-11-21 08:22:11 | DEBUG    | main:461 | RJ: Generated 8 steps
2025-11-21 08:22:11 | DEBUG    | main:467 | RJ: generated text='B's answer.

B<end_of_turn>'
2025-11-21 08:22:11 | DEBUG    | main:473 | RJ step 0: token_id=236799, text='B'
2025-11-21 08:22:11 | DEBUG    | main:476 | RJ: Found A/B/T at step 0
2025-11-21 08:22:11 | DEBUG    | main:483 | RJ step 0: extracting probs from logits
2025-11-21 08:22:11 | DEBUG    | logits_to_prob_map:157 | logits_to_prob_map: input shape=torch.Size([262208]), dtype=torch.float32
2025-11-21 08:22:11 | DEBUG    | logits_to_prob_map:170 | Top-k extraction: k=50, top logprobs range=[-15.5054, -0.0054]
2025-11-21 08:22:11 | DEBUG    | logits_to_prob_map:180 | topk[0]: token_id=236799, text='B', logprob=-0.0054, prob=0.994610
2025-11-21 08:22:11 | DEBUG    | logits_to_prob_map:180 | topk[1]: token_id=236776, text='A', logprob=-5.2554, prob=0.005219
2025-11-21 08:22:11 | DEBUG    | logits_to_prob_map:180 | topk[2]: token_id=236789, text=''', logprob=-9.8804, prob=0.000051
2025-11-21 08:22:11 | DEBUG    | logits_to_prob_map:180 | topk[3]: token_id=35343, text='Bs', logprob=-10.3804, prob=0.000031
2025-11-21 08:22:11 | DEBUG    | logits_to_prob_map:180 | topk[4]: token_id=236763, text='b', logprob=-11.0054, prob=0.000017
2025-11-21 08:22:11 | DEBUG    | logits_to_prob_map:180 | topk[5]: token_id=107, text='
', logprob=-11.5054, prob=0.000010
2025-11-21 08:22:11 | DEBUG    | logits_to_prob_map:180 | topk[6]: token_id=22186, text='Both', logprob=-12.0054, prob=0.000006
2025-11-21 08:22:11 | DEBUG    | logits_to_prob_map:180 | topk[7]: token_id=236774, text='T', logprob=-12.5054, prob=0.000004
2025-11-21 08:22:11 | DEBUG    | logits_to_prob_map:180 | topk[8]: token_id=2205, text='As', logprob=-12.6304, prob=0.000003
2025-11-21 08:22:11 | DEBUG    | logits_to_prob_map:180 | topk[9]: token_id=1018, text='**', logprob=-12.7554, prob=0.000003
2025-11-21 08:22:11 | DEBUG    | only_abt_probs:198 | only_abt_probs result: {'A': 0.005219237317536914, 'B': 0.9946104274261607, 'T': 3.706566904776752e-06}
2025-11-21 08:22:11 | DEBUG    | main:544 | Row 92 complete: JR={'A': 0.04208191041717903, 'B': 0.9577799021102654, 'T': 1.910515321708705e-06}, RJ={'A': 0.005219237317536914, 'B': 0.9946104274261607, 'T': 3.706566904776752e-06}, combined_norm={'A': 0.5184246858040115, 'B': 0.4815725052294494, 'T': 2.808966539155683e-06}
2025-11-21 08:22:11 | DEBUG    | main:393 | ========== Row 93 ==========
2025-11-21 08:22:11 | DEBUG    | main:394 | Built msgs_jr with 2 messages
2025-11-21 08:22:11 | DEBUG    | main:396 | msgs_jr[0] role=system content=You are an impartial and unbiased judge.
2025-11-21 08:22:11 | DEBUG    | main:396 | msgs_jr[1] role=user content=You will be given answers from two assistants (Assistant A and Assistant B) to a user prompt. Please act as an impartial judge and evaluate the quality of their answers. You must output only one of the following choices:
'A' if Assistant A's answer is better.
'T' if both answers are relatively the s...<truncated 7980 chars>
2025-11-21 08:22:11 | DEBUG    | main:410 | JR prompt (truncated): <bos><start_of_turn>user
You are an impartial and unbiased judge.

You will be given answers from two assistants (Assistant A and Assistant B) to a user prompt. Please act as an impartial judge and evaluate the quality of their answers. You must output only one of the following choices:
'A' if Assistant A's answer is better.
'T' if both answers are relatively the same in quality.
'B' if Assistant B's answer is better.
Do not think or reason. Just choose which answer you prefer: A or B or T.
Outp...<truncated 8195 chars>
2025-11-21 08:22:11 | DEBUG    | main:440 | JR prompt length: 3057
2025-11-21 08:22:15 | DEBUG    | main:461 | JR: Generated 8 steps
2025-11-21 08:22:15 | DEBUG    | main:467 | JR: generated text='B's answer.

B<end_of_turn>'
2025-11-21 08:22:15 | DEBUG    | main:473 | JR step 0: token_id=236799, text='B'
2025-11-21 08:22:15 | DEBUG    | main:476 | JR: Found A/B/T at step 0
2025-11-21 08:22:15 | DEBUG    | main:483 | JR step 0: extracting probs from logits
2025-11-21 08:22:15 | DEBUG    | logits_to_prob_map:157 | logits_to_prob_map: input shape=torch.Size([262208]), dtype=torch.float32
2025-11-21 08:22:15 | DEBUG    | logits_to_prob_map:170 | Top-k extraction: k=50, top logprobs range=[-14.7800, -0.0300]
2025-11-21 08:22:15 | DEBUG    | logits_to_prob_map:180 | topk[0]: token_id=236799, text='B', logprob=-0.0300, prob=0.970399
2025-11-21 08:22:15 | DEBUG    | logits_to_prob_map:180 | topk[1]: token_id=236776, text='A', logprob=-3.5300, prob=0.029304
2025-11-21 08:22:15 | DEBUG    | logits_to_prob_map:180 | topk[2]: token_id=236789, text=''', logprob=-9.6550, prob=0.000064
2025-11-21 08:22:15 | DEBUG    | logits_to_prob_map:180 | topk[3]: token_id=35343, text='Bs', logprob=-10.0300, prob=0.000044
2025-11-21 08:22:15 | DEBUG    | logits_to_prob_map:180 | topk[4]: token_id=236763, text='b', logprob=-10.2800, prob=0.000034
2025-11-21 08:22:15 | DEBUG    | logits_to_prob_map:180 | topk[5]: token_id=107, text='
', logprob=-10.5300, prob=0.000027
2025-11-21 08:22:15 | DEBUG    | logits_to_prob_map:180 | topk[6]: token_id=236774, text='T', logprob=-10.6550, prob=0.000024
2025-11-21 08:22:15 | DEBUG    | logits_to_prob_map:180 | topk[7]: token_id=2205, text='As', logprob=-11.9050, prob=0.000007
2025-11-21 08:22:15 | DEBUG    | logits_to_prob_map:180 | topk[8]: token_id=7925, text='Answer', logprob=-12.0300, prob=0.000006
2025-11-21 08:22:15 | DEBUG    | logits_to_prob_map:180 | topk[9]: token_id=236775, text='"', logprob=-12.2175, prob=0.000005
2025-11-21 08:22:15 | DEBUG    | only_abt_probs:198 | only_abt_probs result: {'A': 0.029303519371456116, 'B': 0.9703992988111219, 'T': 2.358151497330742e-05}
2025-11-21 08:22:15 | DEBUG    | main:410 | RJ prompt (truncated): <bos><start_of_turn>user
You are an impartial and unbiased judge.

You will be given answers from two assistants (Assistant A and Assistant B) to a user prompt. Please act as an impartial judge and evaluate the quality of their answers. You must output only one of the following choices:
'A' if Assistant A's answer is better.
'T' if both answers are relatively the same in quality.
'B' if Assistant B's answer is better.
Do not think or reason. Just choose which answer you prefer: A or B or T.
Outp...<truncated 8195 chars>
2025-11-21 08:22:15 | DEBUG    | main:440 | RJ prompt length: 3057
2025-11-21 08:22:20 | DEBUG    | main:461 | RJ: Generated 8 steps
2025-11-21 08:22:20 | DEBUG    | main:467 | RJ: generated text='A's answer.

A<end_of_turn>'
2025-11-21 08:22:20 | DEBUG    | main:473 | RJ step 0: token_id=236776, text='A'
2025-11-21 08:22:20 | DEBUG    | main:476 | RJ: Found A/B/T at step 0
2025-11-21 08:22:20 | DEBUG    | main:483 | RJ step 0: extracting probs from logits
2025-11-21 08:22:20 | DEBUG    | logits_to_prob_map:157 | logits_to_prob_map: input shape=torch.Size([262208]), dtype=torch.float32
2025-11-21 08:22:20 | DEBUG    | logits_to_prob_map:170 | Top-k extraction: k=50, top logprobs range=[-15.6176, -0.0551]
2025-11-21 08:22:20 | DEBUG    | logits_to_prob_map:180 | topk[0]: token_id=236776, text='A', logprob=-0.0551, prob=0.946383
2025-11-21 08:22:20 | DEBUG    | logits_to_prob_map:180 | topk[1]: token_id=236799, text='B', logprob=-2.9301, prob=0.053391
2025-11-21 08:22:20 | DEBUG    | logits_to_prob_map:180 | topk[2]: token_id=2205, text='As', logprob=-9.5551, prob=0.000071
2025-11-21 08:22:20 | DEBUG    | logits_to_prob_map:180 | topk[3]: token_id=236789, text=''', logprob=-9.5551, prob=0.000071
2025-11-21 08:22:20 | DEBUG    | logits_to_prob_map:180 | topk[4]: token_id=236746, text='a', logprob=-11.3051, prob=0.000012
2025-11-21 08:22:20 | DEBUG    | logits_to_prob_map:180 | topk[5]: token_id=107, text='
', logprob=-11.5551, prob=0.000010
2025-11-21 08:22:20 | DEBUG    | logits_to_prob_map:180 | topk[6]: token_id=236769, text='(', logprob=-11.8051, prob=0.000007
2025-11-21 08:22:20 | DEBUG    | logits_to_prob_map:180 | topk[7]: token_id=35343, text='Bs', logprob=-12.1801, prob=0.000005
2025-11-21 08:22:20 | DEBUG    | logits_to_prob_map:180 | topk[8]: token_id=236775, text='"', logprob=-12.4301, prob=0.000004
2025-11-21 08:22:20 | DEBUG    | logits_to_prob_map:180 | topk[9]: token_id=236858, text='’', logprob=-12.6801, prob=0.000003
2025-11-21 08:22:20 | DEBUG    | only_abt_probs:198 | only_abt_probs result: {'A': 0.946382644367216, 'B': 0.05339125508967664, 'T': 1.5650260787491263e-06}
2025-11-21 08:22:20 | DEBUG    | main:544 | Row 93 complete: JR={'A': 0.029303519371456116, 'B': 0.9703992988111219, 'T': 2.358151497330742e-05}, RJ={'A': 0.946382644367216, 'B': 0.05339125508967664, 'T': 1.5650260787491263e-06}, combined_norm={'A': 0.04135768810349393, 'B': 0.9586297354936015, 'T': 1.2576402904411704e-05}
2025-11-21 08:22:20 | DEBUG    | main:393 | ========== Row 94 ==========
2025-11-21 08:22:20 | DEBUG    | main:394 | Built msgs_jr with 2 messages
2025-11-21 08:22:20 | DEBUG    | main:396 | msgs_jr[0] role=system content=You are an impartial and unbiased judge.
2025-11-21 08:22:20 | DEBUG    | main:396 | msgs_jr[1] role=user content=You will be given answers from two assistants (Assistant A and Assistant B) to a user prompt. Please act as an impartial judge and evaluate the quality of their answers. You must output only one of the following choices:
'A' if Assistant A's answer is better.
'T' if both answers are relatively the s...<truncated 6211 chars>
2025-11-21 08:22:20 | DEBUG    | main:410 | JR prompt (truncated): <bos><start_of_turn>user
You are an impartial and unbiased judge.

You will be given answers from two assistants (Assistant A and Assistant B) to a user prompt. Please act as an impartial judge and evaluate the quality of their answers. You must output only one of the following choices:
'A' if Assistant A's answer is better.
'T' if both answers are relatively the same in quality.
'B' if Assistant B's answer is better.
Do not think or reason. Just choose which answer you prefer: A or B or T.
Outp...<truncated 6426 chars>
2025-11-21 08:22:20 | DEBUG    | main:440 | JR prompt length: 2772
2025-11-21 08:22:24 | DEBUG    | main:461 | JR: Generated 8 steps
2025-11-21 08:22:24 | DEBUG    | main:467 | JR: generated text='B's answer.

B<end_of_turn>'
2025-11-21 08:22:24 | DEBUG    | main:473 | JR step 0: token_id=236799, text='B'
2025-11-21 08:22:24 | DEBUG    | main:476 | JR: Found A/B/T at step 0
2025-11-21 08:22:24 | DEBUG    | main:483 | JR step 0: extracting probs from logits
2025-11-21 08:22:24 | DEBUG    | logits_to_prob_map:157 | logits_to_prob_map: input shape=torch.Size([262208]), dtype=torch.float32
2025-11-21 08:22:24 | DEBUG    | logits_to_prob_map:170 | Top-k extraction: k=50, top logprobs range=[-16.6415, -0.0790]
2025-11-21 08:22:24 | DEBUG    | logits_to_prob_map:180 | topk[0]: token_id=236799, text='B', logprob=-0.0790, prob=0.924078
2025-11-21 08:22:24 | DEBUG    | logits_to_prob_map:180 | topk[1]: token_id=236776, text='A', logprob=-2.5790, prob=0.075853
2025-11-21 08:22:24 | DEBUG    | logits_to_prob_map:180 | topk[2]: token_id=236789, text=''', logprob=-10.7040, prob=0.000022
2025-11-21 08:22:24 | DEBUG    | logits_to_prob_map:180 | topk[3]: token_id=236763, text='b', logprob=-11.3290, prob=0.000012
2025-11-21 08:22:24 | DEBUG    | logits_to_prob_map:180 | topk[4]: token_id=107, text='
', logprob=-11.8290, prob=0.000007
2025-11-21 08:22:24 | DEBUG    | logits_to_prob_map:180 | topk[5]: token_id=35343, text='Bs', logprob=-12.3290, prob=0.000004
2025-11-21 08:22:24 | DEBUG    | logits_to_prob_map:180 | topk[6]: token_id=236746, text='a', logprob=-12.9540, prob=0.000002
2025-11-21 08:22:24 | DEBUG    | logits_to_prob_map:180 | topk[7]: token_id=236769, text='(', logprob=-12.9540, prob=0.000002
2025-11-21 08:22:24 | DEBUG    | logits_to_prob_map:180 | topk[8]: token_id=2205, text='As', logprob=-13.2040, prob=0.000002
2025-11-21 08:22:24 | DEBUG    | logits_to_prob_map:180 | topk[9]: token_id=236775, text='"', logprob=-13.3290, prob=0.000002
2025-11-21 08:22:24 | DEBUG    | only_abt_probs:198 | only_abt_probs result: {'A': 0.0758529086438093, 'B': 0.924077670304148, 'T': 1.1180108650054376e-06}
2025-11-21 08:22:24 | DEBUG    | main:410 | RJ prompt (truncated): <bos><start_of_turn>user
You are an impartial and unbiased judge.

You will be given answers from two assistants (Assistant A and Assistant B) to a user prompt. Please act as an impartial judge and evaluate the quality of their answers. You must output only one of the following choices:
'A' if Assistant A's answer is better.
'T' if both answers are relatively the same in quality.
'B' if Assistant B's answer is better.
Do not think or reason. Just choose which answer you prefer: A or B or T.
Outp...<truncated 6426 chars>
2025-11-21 08:22:24 | DEBUG    | main:440 | RJ prompt length: 2772
2025-11-21 08:22:28 | DEBUG    | main:461 | RJ: Generated 8 steps
2025-11-21 08:22:28 | DEBUG    | main:467 | RJ: generated text='B's answer.

B<end_of_turn>'
2025-11-21 08:22:28 | DEBUG    | main:473 | RJ step 0: token_id=236799, text='B'
2025-11-21 08:22:28 | DEBUG    | main:476 | RJ: Found A/B/T at step 0
2025-11-21 08:22:28 | DEBUG    | main:483 | RJ step 0: extracting probs from logits
2025-11-21 08:22:28 | DEBUG    | logits_to_prob_map:157 | logits_to_prob_map: input shape=torch.Size([262208]), dtype=torch.float32
2025-11-21 08:22:28 | DEBUG    | logits_to_prob_map:170 | Top-k extraction: k=50, top logprobs range=[-15.6800, -0.0550]
2025-11-21 08:22:28 | DEBUG    | logits_to_prob_map:180 | topk[0]: token_id=236799, text='B', logprob=-0.0550, prob=0.946491
2025-11-21 08:22:28 | DEBUG    | logits_to_prob_map:180 | topk[1]: token_id=236776, text='A', logprob=-2.9300, prob=0.053397
2025-11-21 08:22:28 | DEBUG    | logits_to_prob_map:180 | topk[2]: token_id=236789, text=''', logprob=-10.3050, prob=0.000033
2025-11-21 08:22:28 | DEBUG    | logits_to_prob_map:180 | topk[3]: token_id=236763, text='b', logprob=-10.9300, prob=0.000018
2025-11-21 08:22:28 | DEBUG    | logits_to_prob_map:180 | topk[4]: token_id=35343, text='Bs', logprob=-11.9300, prob=0.000007
2025-11-21 08:22:28 | DEBUG    | logits_to_prob_map:180 | topk[5]: token_id=236774, text='T', logprob=-12.0550, prob=0.000006
2025-11-21 08:22:28 | DEBUG    | logits_to_prob_map:180 | topk[6]: token_id=107, text='
', logprob=-12.1800, prob=0.000005
2025-11-21 08:22:28 | DEBUG    | logits_to_prob_map:180 | topk[7]: token_id=2205, text='As', logprob=-12.4300, prob=0.000004
2025-11-21 08:22:28 | DEBUG    | logits_to_prob_map:180 | topk[8]: token_id=236746, text='a', logprob=-12.5550, prob=0.000004
2025-11-21 08:22:28 | DEBUG    | logits_to_prob_map:180 | topk[9]: token_id=236769, text='(', logprob=-12.6800, prob=0.000003
2025-11-21 08:22:28 | DEBUG    | only_abt_probs:198 | only_abt_probs result: {'A': 0.053397378314484746, 'B': 0.9464911352869289, 'T': 5.815442785716135e-06}
2025-11-21 08:22:28 | DEBUG    | main:544 | Row 94 complete: JR={'A': 0.0758529086438093, 'B': 0.924077670304148, 'T': 1.1180108650054376e-06}, RJ={'A': 0.053397378314484746, 'B': 0.9464911352869289, 'T': 5.815442785716135e-06}, combined_norm={'A': 0.5112164911535126, 'B': 0.48878004181807555, 'T': 3.4670284117560017e-06}
2025-11-21 08:22:28 | DEBUG    | main:393 | ========== Row 95 ==========
2025-11-21 08:22:28 | DEBUG    | main:394 | Built msgs_jr with 2 messages
2025-11-21 08:22:28 | DEBUG    | main:396 | msgs_jr[0] role=system content=You are an impartial and unbiased judge.
2025-11-21 08:22:28 | DEBUG    | main:396 | msgs_jr[1] role=user content=You will be given answers from two assistants (Assistant A and Assistant B) to a user prompt. Please act as an impartial judge and evaluate the quality of their answers. You must output only one of the following choices:
'A' if Assistant A's answer is better.
'T' if both answers are relatively the s...<truncated 17240 chars>
2025-11-21 08:22:28 | DEBUG    | main:410 | JR prompt (truncated): <bos><start_of_turn>user
You are an impartial and unbiased judge.

You will be given answers from two assistants (Assistant A and Assistant B) to a user prompt. Please act as an impartial judge and evaluate the quality of their answers. You must output only one of the following choices:
'A' if Assistant A's answer is better.
'T' if both answers are relatively the same in quality.
'B' if Assistant B's answer is better.
Do not think or reason. Just choose which answer you prefer: A or B or T.
Outp...<truncated 17455 chars>
2025-11-21 08:22:28 | DEBUG    | main:440 | JR prompt length: 9813
2025-11-21 08:22:48 | DEBUG    | main:461 | JR: Generated 8 steps
2025-11-21 08:22:48 | DEBUG    | main:467 | JR: generated text='B's answer.

B<end_of_turn>'
2025-11-21 08:22:48 | DEBUG    | main:473 | JR step 0: token_id=236799, text='B'
2025-11-21 08:22:48 | DEBUG    | main:476 | JR: Found A/B/T at step 0
2025-11-21 08:22:48 | DEBUG    | main:483 | JR step 0: extracting probs from logits
2025-11-21 08:22:48 | DEBUG    | logits_to_prob_map:157 | logits_to_prob_map: input shape=torch.Size([262208]), dtype=torch.float32
2025-11-21 08:22:48 | DEBUG    | logits_to_prob_map:170 | Top-k extraction: k=50, top logprobs range=[-13.2646, -0.5771]
2025-11-21 08:22:48 | DEBUG    | logits_to_prob_map:180 | topk[0]: token_id=236799, text='B', logprob=-0.5771, prob=0.561517
2025-11-21 08:22:48 | DEBUG    | logits_to_prob_map:180 | topk[1]: token_id=236776, text='A', logprob=-0.8271, prob=0.437310
2025-11-21 08:22:48 | DEBUG    | logits_to_prob_map:180 | topk[2]: token_id=236789, text=''', logprob=-8.3271, prob=0.000242
2025-11-21 08:22:48 | DEBUG    | logits_to_prob_map:180 | topk[3]: token_id=107, text='
', logprob=-8.9521, prob=0.000129
2025-11-21 08:22:48 | DEBUG    | logits_to_prob_map:180 | topk[4]: token_id=236746, text='a', logprob=-9.3896, prob=0.000084
2025-11-21 08:22:48 | DEBUG    | logits_to_prob_map:180 | topk[5]: token_id=1018, text='**', logprob=-9.4521, prob=0.000079
2025-11-21 08:22:48 | DEBUG    | logits_to_prob_map:180 | topk[6]: token_id=236763, text='b', logprob=-9.5771, prob=0.000069
2025-11-21 08:22:48 | DEBUG    | logits_to_prob_map:180 | topk[7]: token_id=236775, text='"', logprob=-9.8896, prob=0.000051
2025-11-21 08:22:48 | DEBUG    | logits_to_prob_map:180 | topk[8]: token_id=236774, text='T', logprob=-9.9521, prob=0.000048
2025-11-21 08:22:48 | DEBUG    | logits_to_prob_map:180 | topk[9]: token_id=236769, text='(', logprob=-10.2646, prob=0.000035
2025-11-21 08:22:48 | DEBUG    | only_abt_probs:198 | only_abt_probs result: {'A': 0.4373095744177378, 'B': 0.5615166085132747, 'T': 4.762683927933519e-05}
2025-11-21 08:22:48 | DEBUG    | main:410 | RJ prompt (truncated): <bos><start_of_turn>user
You are an impartial and unbiased judge.

You will be given answers from two assistants (Assistant A and Assistant B) to a user prompt. Please act as an impartial judge and evaluate the quality of their answers. You must output only one of the following choices:
'A' if Assistant A's answer is better.
'T' if both answers are relatively the same in quality.
'B' if Assistant B's answer is better.
Do not think or reason. Just choose which answer you prefer: A or B or T.
Outp...<truncated 17455 chars>
2025-11-21 08:22:48 | DEBUG    | main:440 | RJ prompt length: 9813
2025-11-21 08:23:07 | DEBUG    | main:461 | RJ: Generated 8 steps
2025-11-21 08:23:07 | DEBUG    | main:467 | RJ: generated text='B's answer.

B<end_of_turn>'
2025-11-21 08:23:07 | DEBUG    | main:473 | RJ step 0: token_id=236799, text='B'
2025-11-21 08:23:07 | DEBUG    | main:476 | RJ: Found A/B/T at step 0
2025-11-21 08:23:07 | DEBUG    | main:483 | RJ step 0: extracting probs from logits
2025-11-21 08:23:07 | DEBUG    | logits_to_prob_map:157 | logits_to_prob_map: input shape=torch.Size([262208]), dtype=torch.float32
2025-11-21 08:23:07 | DEBUG    | logits_to_prob_map:170 | Top-k extraction: k=50, top logprobs range=[-13.6980, -0.0105]
2025-11-21 08:23:07 | DEBUG    | logits_to_prob_map:180 | topk[0]: token_id=236799, text='B', logprob=-0.0105, prob=0.989529
2025-11-21 08:23:07 | DEBUG    | logits_to_prob_map:180 | topk[1]: token_id=236776, text='A', logprob=-4.6355, prob=0.009701
2025-11-21 08:23:07 | DEBUG    | logits_to_prob_map:180 | topk[2]: token_id=236789, text=''', logprob=-8.3855, prob=0.000228
2025-11-21 08:23:07 | DEBUG    | logits_to_prob_map:180 | topk[3]: token_id=35343, text='Bs', logprob=-9.2605, prob=0.000095
2025-11-21 08:23:07 | DEBUG    | logits_to_prob_map:180 | topk[4]: token_id=236763, text='b', logprob=-9.8855, prob=0.000051
2025-11-21 08:23:07 | DEBUG    | logits_to_prob_map:180 | topk[5]: token_id=236774, text='T', logprob=-10.0105, prob=0.000045
2025-11-21 08:23:07 | DEBUG    | logits_to_prob_map:180 | topk[6]: token_id=107, text='
', logprob=-10.2605, prob=0.000035
2025-11-21 08:23:07 | DEBUG    | logits_to_prob_map:180 | topk[7]: token_id=22186, text='Both', logprob=-11.1980, prob=0.000014
2025-11-21 08:23:07 | DEBUG    | logits_to_prob_map:180 | topk[8]: token_id=236775, text='"', logprob=-11.1980, prob=0.000014
2025-11-21 08:23:07 | DEBUG    | logits_to_prob_map:180 | topk[9]: token_id=74314, text='Assistant', logprob=-11.2605, prob=0.000013
2025-11-21 08:23:07 | DEBUG    | only_abt_probs:198 | only_abt_probs result: {'A': 0.009700996593964931, 'B': 0.989528718289771, 'T': 4.492452686093441e-05}
2025-11-21 08:23:07 | DEBUG    | main:544 | Row 95 complete: JR={'A': 0.4373095744177378, 'B': 0.5615166085132747, 'T': 4.762683927933519e-05}, RJ={'A': 0.009700996593964931, 'B': 0.989528718289771, 'T': 4.492452686093441e-05}, combined_norm={'A': 0.7140802242658297, 'B': 0.28587345717051293, 'T': 4.6318563657374735e-05}
2025-11-21 08:23:07 | DEBUG    | main:393 | ========== Row 96 ==========
2025-11-21 08:23:07 | DEBUG    | main:394 | Built msgs_jr with 2 messages
2025-11-21 08:23:07 | DEBUG    | main:396 | msgs_jr[0] role=system content=You are an impartial and unbiased judge.
2025-11-21 08:23:07 | DEBUG    | main:396 | msgs_jr[1] role=user content=You will be given answers from two assistants (Assistant A and Assistant B) to a user prompt. Please act as an impartial judge and evaluate the quality of their answers. You must output only one of the following choices:
'A' if Assistant A's answer is better.
'T' if both answers are relatively the s...<truncated 3617 chars>
2025-11-21 08:23:07 | DEBUG    | main:410 | JR prompt (truncated): <bos><start_of_turn>user
You are an impartial and unbiased judge.

You will be given answers from two assistants (Assistant A and Assistant B) to a user prompt. Please act as an impartial judge and evaluate the quality of their answers. You must output only one of the following choices:
'A' if Assistant A's answer is better.
'T' if both answers are relatively the same in quality.
'B' if Assistant B's answer is better.
Do not think or reason. Just choose which answer you prefer: A or B or T.
Outp...<truncated 3832 chars>
2025-11-21 08:23:07 | DEBUG    | main:440 | JR prompt length: 1382
2025-11-21 08:23:09 | DEBUG    | main:461 | JR: Generated 8 steps
2025-11-21 08:23:09 | DEBUG    | main:467 | JR: generated text='A's answer.

A<end_of_turn>'
2025-11-21 08:23:09 | DEBUG    | main:473 | JR step 0: token_id=236776, text='A'
2025-11-21 08:23:09 | DEBUG    | main:476 | JR: Found A/B/T at step 0
2025-11-21 08:23:09 | DEBUG    | main:483 | JR step 0: extracting probs from logits
2025-11-21 08:23:09 | DEBUG    | logits_to_prob_map:157 | logits_to_prob_map: input shape=torch.Size([262208]), dtype=torch.float32
2025-11-21 08:23:09 | DEBUG    | logits_to_prob_map:170 | Top-k extraction: k=50, top logprobs range=[-17.7502, -0.0002]
2025-11-21 08:23:09 | DEBUG    | logits_to_prob_map:180 | topk[0]: token_id=236776, text='A', logprob=-0.0002, prob=0.999816
2025-11-21 08:23:09 | DEBUG    | logits_to_prob_map:180 | topk[1]: token_id=236799, text='B', logprob=-8.8752, prob=0.000140
2025-11-21 08:23:09 | DEBUG    | logits_to_prob_map:180 | topk[2]: token_id=236789, text=''', logprob=-10.5002, prob=0.000028
2025-11-21 08:23:09 | DEBUG    | logits_to_prob_map:180 | topk[3]: token_id=2205, text='As', logprob=-12.0002, prob=0.000006
2025-11-21 08:23:09 | DEBUG    | logits_to_prob_map:180 | topk[4]: token_id=236746, text='a', logprob=-13.3752, prob=0.000002
2025-11-21 08:23:09 | DEBUG    | logits_to_prob_map:180 | topk[5]: token_id=107, text='
', logprob=-13.8752, prob=0.000001
2025-11-21 08:23:09 | DEBUG    | logits_to_prob_map:180 | topk[6]: token_id=1018, text='**', logprob=-13.8752, prob=0.000001
2025-11-21 08:23:09 | DEBUG    | logits_to_prob_map:180 | topk[7]: token_id=236769, text='(', logprob=-14.0002, prob=0.000001
2025-11-21 08:23:09 | DEBUG    | logits_to_prob_map:180 | topk[8]: token_id=236795, text='$', logprob=-14.1252, prob=0.000001
2025-11-21 08:23:09 | DEBUG    | logits_to_prob_map:180 | topk[9]: token_id=236775, text='"', logprob=-14.5002, prob=0.000001
2025-11-21 08:23:09 | DEBUG    | only_abt_probs:198 | only_abt_probs result: {'A': 0.9998160938883512, 'B': 0.0001398158918323928, 'T': 0.0}
2025-11-21 08:23:09 | DEBUG    | main:410 | RJ prompt (truncated): <bos><start_of_turn>user
You are an impartial and unbiased judge.

You will be given answers from two assistants (Assistant A and Assistant B) to a user prompt. Please act as an impartial judge and evaluate the quality of their answers. You must output only one of the following choices:
'A' if Assistant A's answer is better.
'T' if both answers are relatively the same in quality.
'B' if Assistant B's answer is better.
Do not think or reason. Just choose which answer you prefer: A or B or T.
Outp...<truncated 3832 chars>
2025-11-21 08:23:09 | DEBUG    | main:440 | RJ prompt length: 1382
2025-11-21 08:23:12 | DEBUG    | main:461 | RJ: Generated 8 steps
2025-11-21 08:23:12 | DEBUG    | main:467 | RJ: generated text='B's answer.

B<end_of_turn>'
2025-11-21 08:23:12 | DEBUG    | main:473 | RJ step 0: token_id=236799, text='B'
2025-11-21 08:23:12 | DEBUG    | main:476 | RJ: Found A/B/T at step 0
2025-11-21 08:23:12 | DEBUG    | main:483 | RJ step 0: extracting probs from logits
2025-11-21 08:23:12 | DEBUG    | logits_to_prob_map:157 | logits_to_prob_map: input shape=torch.Size([262208]), dtype=torch.float32
2025-11-21 08:23:12 | DEBUG    | logits_to_prob_map:170 | Top-k extraction: k=50, top logprobs range=[-16.9387, -0.0012]
2025-11-21 08:23:12 | DEBUG    | logits_to_prob_map:180 | topk[0]: token_id=236799, text='B', logprob=-0.0012, prob=0.998786
2025-11-21 08:23:12 | DEBUG    | logits_to_prob_map:180 | topk[1]: token_id=236776, text='A', logprob=-6.7512, prob=0.001169
2025-11-21 08:23:12 | DEBUG    | logits_to_prob_map:180 | topk[2]: token_id=236789, text=''', logprob=-11.0012, prob=0.000017
2025-11-21 08:23:12 | DEBUG    | logits_to_prob_map:180 | topk[3]: token_id=35343, text='Bs', logprob=-12.1262, prob=0.000005
2025-11-21 08:23:12 | DEBUG    | logits_to_prob_map:180 | topk[4]: token_id=236763, text='b', logprob=-12.6262, prob=0.000003
2025-11-21 08:23:12 | DEBUG    | logits_to_prob_map:180 | topk[5]: token_id=7925, text='Answer', logprob=-13.0012, prob=0.000002
2025-11-21 08:23:12 | DEBUG    | logits_to_prob_map:180 | topk[6]: token_id=74314, text='Assistant', logprob=-13.1262, prob=0.000002
2025-11-21 08:23:12 | DEBUG    | logits_to_prob_map:180 | topk[7]: token_id=107, text='
', logprob=-13.1262, prob=0.000002
2025-11-21 08:23:12 | DEBUG    | logits_to_prob_map:180 | topk[8]: token_id=14433, text='answer', logprob=-13.5012, prob=0.000001
2025-11-21 08:23:12 | DEBUG    | logits_to_prob_map:180 | topk[9]: token_id=1018, text='**', logprob=-13.7512, prob=0.000001
2025-11-21 08:23:12 | DEBUG    | only_abt_probs:198 | only_abt_probs result: {'A': 0.0011694584457111886, 'B': 0.9987863743590736, 'T': 3.462121749600688e-07}
2025-11-21 08:23:12 | DEBUG    | main:544 | Row 96 complete: JR={'A': 0.9998160938883512, 'B': 0.0001398158918323928, 'T': 0.0}, RJ={'A': 0.0011694584457111886, 'B': 0.9987863743590736, 'T': 3.462121749600688e-07}, combined_norm={'A': 0.9993451609412961, 'B': 0.0006546659450071382, 'T': 1.7311369679669257e-07}
2025-11-21 08:23:12 | DEBUG    | main:393 | ========== Row 97 ==========
2025-11-21 08:23:12 | DEBUG    | main:394 | Built msgs_jr with 2 messages
2025-11-21 08:23:12 | DEBUG    | main:396 | msgs_jr[0] role=system content=You are an impartial and unbiased judge.
2025-11-21 08:23:12 | DEBUG    | main:396 | msgs_jr[1] role=user content=You will be given answers from two assistants (Assistant A and Assistant B) to a user prompt. Please act as an impartial judge and evaluate the quality of their answers. You must output only one of the following choices:
'A' if Assistant A's answer is better.
'T' if both answers are relatively the s...<truncated 3480 chars>
2025-11-21 08:23:12 | DEBUG    | main:410 | JR prompt (truncated): <bos><start_of_turn>user
You are an impartial and unbiased judge.

You will be given answers from two assistants (Assistant A and Assistant B) to a user prompt. Please act as an impartial judge and evaluate the quality of their answers. You must output only one of the following choices:
'A' if Assistant A's answer is better.
'T' if both answers are relatively the same in quality.
'B' if Assistant B's answer is better.
Do not think or reason. Just choose which answer you prefer: A or B or T.
Outp...<truncated 3695 chars>
2025-11-21 08:23:12 | DEBUG    | main:440 | JR prompt length: 1312
2025-11-21 08:23:14 | DEBUG    | main:461 | JR: Generated 8 steps
2025-11-21 08:23:14 | DEBUG    | main:467 | JR: generated text='A's answer.

A<end_of_turn>'
2025-11-21 08:23:14 | DEBUG    | main:473 | JR step 0: token_id=236776, text='A'
2025-11-21 08:23:14 | DEBUG    | main:476 | JR: Found A/B/T at step 0
2025-11-21 08:23:14 | DEBUG    | main:483 | JR step 0: extracting probs from logits
2025-11-21 08:23:14 | DEBUG    | logits_to_prob_map:157 | logits_to_prob_map: input shape=torch.Size([262208]), dtype=torch.float32
2025-11-21 08:23:14 | DEBUG    | logits_to_prob_map:170 | Top-k extraction: k=50, top logprobs range=[-16.0019, -0.0019]
2025-11-21 08:23:14 | DEBUG    | logits_to_prob_map:180 | topk[0]: token_id=236776, text='A', logprob=-0.0019, prob=0.998130
2025-11-21 08:23:14 | DEBUG    | logits_to_prob_map:180 | topk[1]: token_id=236799, text='B', logprob=-6.3769, prob=0.001700
2025-11-21 08:23:14 | DEBUG    | logits_to_prob_map:180 | topk[2]: token_id=236789, text=''', logprob=-9.2519, prob=0.000096
2025-11-21 08:23:14 | DEBUG    | logits_to_prob_map:180 | topk[3]: token_id=2205, text='As', logprob=-10.6269, prob=0.000024
2025-11-21 08:23:14 | DEBUG    | logits_to_prob_map:180 | topk[4]: token_id=107, text='
', logprob=-12.0019, prob=0.000006
2025-11-21 08:23:14 | DEBUG    | logits_to_prob_map:180 | topk[5]: token_id=236746, text='a', logprob=-12.1269, prob=0.000005
2025-11-21 08:23:14 | DEBUG    | logits_to_prob_map:180 | topk[6]: token_id=236795, text='$', logprob=-12.2519, prob=0.000005
2025-11-21 08:23:14 | DEBUG    | logits_to_prob_map:180 | topk[7]: token_id=236858, text='’', logprob=-12.7519, prob=0.000003
2025-11-21 08:23:14 | DEBUG    | logits_to_prob_map:180 | topk[8]: token_id=236769, text='(', logprob=-12.7519, prob=0.000003
2025-11-21 08:23:14 | DEBUG    | logits_to_prob_map:180 | topk[9]: token_id=236775, text='"', logprob=-13.3769, prob=0.000002
2025-11-21 08:23:14 | DEBUG    | only_abt_probs:198 | only_abt_probs result: {'A': 0.9981298914142841, 'B': 0.0017004334961635416, 'T': 0.0}
2025-11-21 08:23:14 | DEBUG    | main:410 | RJ prompt (truncated): <bos><start_of_turn>user
You are an impartial and unbiased judge.

You will be given answers from two assistants (Assistant A and Assistant B) to a user prompt. Please act as an impartial judge and evaluate the quality of their answers. You must output only one of the following choices:
'A' if Assistant A's answer is better.
'T' if both answers are relatively the same in quality.
'B' if Assistant B's answer is better.
Do not think or reason. Just choose which answer you prefer: A or B or T.
Outp...<truncated 3695 chars>
2025-11-21 08:23:14 | DEBUG    | main:440 | RJ prompt length: 1312
2025-11-21 08:23:16 | DEBUG    | main:461 | RJ: Generated 8 steps
2025-11-21 08:23:16 | DEBUG    | main:467 | RJ: generated text='B's answer.

B<end_of_turn>'
2025-11-21 08:23:16 | DEBUG    | main:473 | RJ step 0: token_id=236799, text='B'
2025-11-21 08:23:16 | DEBUG    | main:476 | RJ: Found A/B/T at step 0
2025-11-21 08:23:16 | DEBUG    | main:483 | RJ step 0: extracting probs from logits
2025-11-21 08:23:16 | DEBUG    | logits_to_prob_map:157 | logits_to_prob_map: input shape=torch.Size([262208]), dtype=torch.float32
2025-11-21 08:23:16 | DEBUG    | logits_to_prob_map:170 | Top-k extraction: k=50, top logprobs range=[-15.5808, -0.0183]
2025-11-21 08:23:16 | DEBUG    | logits_to_prob_map:180 | topk[0]: token_id=236799, text='B', logprob=-0.0183, prob=0.981865
2025-11-21 08:23:16 | DEBUG    | logits_to_prob_map:180 | topk[1]: token_id=236776, text='A', logprob=-4.0183, prob=0.017983
2025-11-21 08:23:16 | DEBUG    | logits_to_prob_map:180 | topk[2]: token_id=236789, text=''', logprob=-9.8933, prob=0.000051
2025-11-21 08:23:16 | DEBUG    | logits_to_prob_map:180 | topk[3]: token_id=35343, text='Bs', logprob=-10.8933, prob=0.000019
2025-11-21 08:23:16 | DEBUG    | logits_to_prob_map:180 | topk[4]: token_id=107, text='
', logprob=-11.1433, prob=0.000014
2025-11-21 08:23:16 | DEBUG    | logits_to_prob_map:180 | topk[5]: token_id=236763, text='b', logprob=-11.1433, prob=0.000014
2025-11-21 08:23:16 | DEBUG    | logits_to_prob_map:180 | topk[6]: token_id=1018, text='**', logprob=-12.6433, prob=0.000003
2025-11-21 08:23:16 | DEBUG    | logits_to_prob_map:180 | topk[7]: token_id=74314, text='Assistant', logprob=-12.7683, prob=0.000003
2025-11-21 08:23:16 | DEBUG    | logits_to_prob_map:180 | topk[8]: token_id=7925, text='Answer', logprob=-12.7683, prob=0.000003
2025-11-21 08:23:16 | DEBUG    | logits_to_prob_map:180 | topk[9]: token_id=236775, text='"', logprob=-12.8933, prob=0.000003
2025-11-21 08:23:16 | DEBUG    | only_abt_probs:198 | only_abt_probs result: {'A': 0.0179834841957378, 'B': 0.9818649078849938, 'T': 1.95855820755228e-06}
2025-11-21 08:23:16 | DEBUG    | main:544 | Row 97 complete: JR={'A': 0.9981298914142841, 'B': 0.0017004334961635416, 'T': 0.0}, RJ={'A': 0.0179834841957378, 'B': 0.9818649078849938, 'T': 1.95855820755228e-06}, combined_norm={'A': 0.9901554900785845, 'B': 0.009843530485932927, 'T': 9.794354826248402e-07}
2025-11-21 08:23:16 | DEBUG    | main:393 | ========== Row 98 ==========
2025-11-21 08:23:16 | DEBUG    | main:394 | Built msgs_jr with 2 messages
2025-11-21 08:23:16 | DEBUG    | main:396 | msgs_jr[0] role=system content=You are an impartial and unbiased judge.
2025-11-21 08:23:16 | DEBUG    | main:396 | msgs_jr[1] role=user content=You will be given answers from two assistants (Assistant A and Assistant B) to a user prompt. Please act as an impartial judge and evaluate the quality of their answers. You must output only one of the following choices:
'A' if Assistant A's answer is better.
'T' if both answers are relatively the s...<truncated 13960 chars>
2025-11-21 08:23:16 | DEBUG    | main:410 | JR prompt (truncated): <bos><start_of_turn>user
You are an impartial and unbiased judge.

You will be given answers from two assistants (Assistant A and Assistant B) to a user prompt. Please act as an impartial judge and evaluate the quality of their answers. You must output only one of the following choices:
'A' if Assistant A's answer is better.
'T' if both answers are relatively the same in quality.
'B' if Assistant B's answer is better.
Do not think or reason. Just choose which answer you prefer: A or B or T.
Outp...<truncated 14175 chars>
2025-11-21 08:23:16 | DEBUG    | main:440 | JR prompt length: 6877
2025-11-21 08:23:27 | DEBUG    | main:461 | JR: Generated 8 steps
2025-11-21 08:23:27 | DEBUG    | main:467 | JR: generated text='B's answer.

B<end_of_turn>'
2025-11-21 08:23:27 | DEBUG    | main:473 | JR step 0: token_id=236799, text='B'
2025-11-21 08:23:27 | DEBUG    | main:476 | JR: Found A/B/T at step 0
2025-11-21 08:23:27 | DEBUG    | main:483 | JR step 0: extracting probs from logits
2025-11-21 08:23:27 | DEBUG    | logits_to_prob_map:157 | logits_to_prob_map: input shape=torch.Size([262208]), dtype=torch.float32
2025-11-21 08:23:27 | DEBUG    | logits_to_prob_map:170 | Top-k extraction: k=50, top logprobs range=[-11.8538, -0.1038]
2025-11-21 08:23:27 | DEBUG    | logits_to_prob_map:180 | topk[0]: token_id=236799, text='B', logprob=-0.1038, prob=0.901430
2025-11-21 08:23:27 | DEBUG    | logits_to_prob_map:180 | topk[1]: token_id=236776, text='A', logprob=-2.3538, prob=0.095010
2025-11-21 08:23:27 | DEBUG    | logits_to_prob_map:180 | topk[2]: token_id=236789, text=''', logprob=-7.3538, prob=0.000640
2025-11-21 08:23:27 | DEBUG    | logits_to_prob_map:180 | topk[3]: token_id=74314, text='Assistant', logprob=-8.1038, prob=0.000302
2025-11-21 08:23:27 | DEBUG    | logits_to_prob_map:180 | topk[4]: token_id=236763, text='b', logprob=-8.3538, prob=0.000236
2025-11-21 08:23:27 | DEBUG    | logits_to_prob_map:180 | topk[5]: token_id=7925, text='Answer', logprob=-8.6663, prob=0.000172
2025-11-21 08:23:27 | DEBUG    | logits_to_prob_map:180 | topk[6]: token_id=107, text='
', logprob=-8.6663, prob=0.000172
2025-11-21 08:23:27 | DEBUG    | logits_to_prob_map:180 | topk[7]: token_id=14433, text='answer', logprob=-8.7913, prob=0.000152
2025-11-21 08:23:27 | DEBUG    | logits_to_prob_map:180 | topk[8]: token_id=35343, text='Bs', logprob=-8.9788, prob=0.000126
2025-11-21 08:23:27 | DEBUG    | logits_to_prob_map:180 | topk[9]: token_id=2205, text='As', logprob=-9.0413, prob=0.000118
2025-11-21 08:23:27 | DEBUG    | only_abt_probs:198 | only_abt_probs result: {'A': 0.09501000120644167, 'B': 0.9014297596779474, 'T': 1.1725165635162153e-05}
2025-11-21 08:23:27 | DEBUG    | main:410 | RJ prompt (truncated): <bos><start_of_turn>user
You are an impartial and unbiased judge.

You will be given answers from two assistants (Assistant A and Assistant B) to a user prompt. Please act as an impartial judge and evaluate the quality of their answers. You must output only one of the following choices:
'A' if Assistant A's answer is better.
'T' if both answers are relatively the same in quality.
'B' if Assistant B's answer is better.
Do not think or reason. Just choose which answer you prefer: A or B or T.
Outp...<truncated 14175 chars>
2025-11-21 08:23:27 | DEBUG    | main:440 | RJ prompt length: 6877
2025-11-21 08:23:38 | DEBUG    | main:461 | RJ: Generated 8 steps
2025-11-21 08:23:38 | DEBUG    | main:467 | RJ: generated text='A's answer.

A<end_of_turn>'
2025-11-21 08:23:38 | DEBUG    | main:473 | RJ step 0: token_id=236776, text='A'
2025-11-21 08:23:38 | DEBUG    | main:476 | RJ: Found A/B/T at step 0
2025-11-21 08:23:38 | DEBUG    | main:483 | RJ step 0: extracting probs from logits
2025-11-21 08:23:38 | DEBUG    | logits_to_prob_map:157 | logits_to_prob_map: input shape=torch.Size([262208]), dtype=torch.float32
2025-11-21 08:23:38 | DEBUG    | logits_to_prob_map:170 | Top-k extraction: k=50, top logprobs range=[-12.5382, -0.3507]
2025-11-21 08:23:38 | DEBUG    | logits_to_prob_map:180 | topk[0]: token_id=236776, text='A', logprob=-0.3507, prob=0.704192
2025-11-21 08:23:38 | DEBUG    | logits_to_prob_map:180 | topk[1]: token_id=236799, text='B', logprob=-1.2257, prob=0.293551
2025-11-21 08:23:38 | DEBUG    | logits_to_prob_map:180 | topk[2]: token_id=236789, text=''', logprob=-7.1007, prob=0.000825
2025-11-21 08:23:38 | DEBUG    | logits_to_prob_map:180 | topk[3]: token_id=2205, text='As', logprob=-8.9757, prob=0.000126
2025-11-21 08:23:38 | DEBUG    | logits_to_prob_map:180 | topk[4]: token_id=107, text='
', logprob=-8.9757, prob=0.000126
2025-11-21 08:23:38 | DEBUG    | logits_to_prob_map:180 | topk[5]: token_id=236746, text='a', logprob=-9.2882, prob=0.000093
2025-11-21 08:23:38 | DEBUG    | logits_to_prob_map:180 | topk[6]: token_id=236763, text='b', logprob=-9.6007, prob=0.000068
2025-11-21 08:23:38 | DEBUG    | logits_to_prob_map:180 | topk[7]: token_id=236769, text='(', logprob=-9.6632, prob=0.000064
2025-11-21 08:23:38 | DEBUG    | logits_to_prob_map:180 | topk[8]: token_id=1018, text='**', logprob=-9.9132, prob=0.000050
2025-11-21 08:23:38 | DEBUG    | logits_to_prob_map:180 | topk[9]: token_id=236858, text='’', logprob=-10.0382, prob=0.000044
2025-11-21 08:23:38 | DEBUG    | only_abt_probs:198 | only_abt_probs result: {'A': 0.7041923846712775, 'B': 0.29355105096779066, 'T': 1.3327203450545613e-05}
2025-11-21 08:23:38 | DEBUG    | main:544 | Row 98 complete: JR={'A': 0.09501000120644167, 'B': 0.9014297596779474, 'T': 1.1725165635162153e-05}, RJ={'A': 0.7041923846712775, 'B': 0.29355105096779066, 'T': 1.3327203450545613e-05}, combined_norm={'A': 0.19484477229999153, 'B': 0.8051426651358432, 'T': 1.2562564165312358e-05}
2025-11-21 08:23:38 | DEBUG    | main:393 | ========== Row 99 ==========
2025-11-21 08:23:38 | DEBUG    | main:394 | Built msgs_jr with 2 messages
2025-11-21 08:23:38 | DEBUG    | main:396 | msgs_jr[0] role=system content=You are an impartial and unbiased judge.
2025-11-21 08:23:38 | DEBUG    | main:396 | msgs_jr[1] role=user content=You will be given answers from two assistants (Assistant A and Assistant B) to a user prompt. Please act as an impartial judge and evaluate the quality of their answers. You must output only one of the following choices:
'A' if Assistant A's answer is better.
'T' if both answers are relatively the s...<truncated 3575 chars>
2025-11-21 08:23:38 | DEBUG    | main:410 | JR prompt (truncated): <bos><start_of_turn>user
You are an impartial and unbiased judge.

You will be given answers from two assistants (Assistant A and Assistant B) to a user prompt. Please act as an impartial judge and evaluate the quality of their answers. You must output only one of the following choices:
'A' if Assistant A's answer is better.
'T' if both answers are relatively the same in quality.
'B' if Assistant B's answer is better.
Do not think or reason. Just choose which answer you prefer: A or B or T.
Outp...<truncated 3790 chars>
2025-11-21 08:23:38 | DEBUG    | main:440 | JR prompt length: 1206
2025-11-21 08:23:40 | DEBUG    | main:461 | JR: Generated 8 steps
2025-11-21 08:23:40 | DEBUG    | main:467 | JR: generated text='A's answer.

A<end_of_turn>'
2025-11-21 08:23:40 | DEBUG    | main:473 | JR step 0: token_id=236776, text='A'
2025-11-21 08:23:40 | DEBUG    | main:476 | JR: Found A/B/T at step 0
2025-11-21 08:23:40 | DEBUG    | main:483 | JR step 0: extracting probs from logits
2025-11-21 08:23:40 | DEBUG    | logits_to_prob_map:157 | logits_to_prob_map: input shape=torch.Size([262208]), dtype=torch.float32
2025-11-21 08:23:40 | DEBUG    | logits_to_prob_map:170 | Top-k extraction: k=50, top logprobs range=[-16.0963, -0.0338]
2025-11-21 08:23:40 | DEBUG    | logits_to_prob_map:180 | topk[0]: token_id=236776, text='A', logprob=-0.0338, prob=0.966795
2025-11-21 08:23:40 | DEBUG    | logits_to_prob_map:180 | topk[1]: token_id=236799, text='B', logprob=-3.4088, prob=0.033082
2025-11-21 08:23:40 | DEBUG    | logits_to_prob_map:180 | topk[2]: token_id=236789, text=''', logprob=-9.9088, prob=0.000050
2025-11-21 08:23:40 | DEBUG    | logits_to_prob_map:180 | topk[3]: token_id=2205, text='As', logprob=-10.7838, prob=0.000021
2025-11-21 08:23:40 | DEBUG    | logits_to_prob_map:180 | topk[4]: token_id=107, text='
', logprob=-11.1588, prob=0.000014
2025-11-21 08:23:40 | DEBUG    | logits_to_prob_map:180 | topk[5]: token_id=236746, text='a', logprob=-11.9088, prob=0.000007
2025-11-21 08:23:40 | DEBUG    | logits_to_prob_map:180 | topk[6]: token_id=236769, text='(', logprob=-12.0338, prob=0.000006
2025-11-21 08:23:40 | DEBUG    | logits_to_prob_map:180 | topk[7]: token_id=236763, text='b', logprob=-13.2838, prob=0.000002
2025-11-21 08:23:40 | DEBUG    | logits_to_prob_map:180 | topk[8]: token_id=35343, text='Bs', logprob=-13.4088, prob=0.000002
2025-11-21 08:23:40 | DEBUG    | logits_to_prob_map:180 | topk[9]: token_id=22186, text='Both', logprob=-13.4088, prob=0.000002
2025-11-21 08:23:40 | DEBUG    | only_abt_probs:198 | only_abt_probs result: {'A': 0.9667946028440444, 'B': 0.03308189481447014, 'T': 2.7782633643335655e-07}
2025-11-21 08:23:40 | DEBUG    | main:410 | RJ prompt (truncated): <bos><start_of_turn>user
You are an impartial and unbiased judge.

You will be given answers from two assistants (Assistant A and Assistant B) to a user prompt. Please act as an impartial judge and evaluate the quality of their answers. You must output only one of the following choices:
'A' if Assistant A's answer is better.
'T' if both answers are relatively the same in quality.
'B' if Assistant B's answer is better.
Do not think or reason. Just choose which answer you prefer: A or B or T.
Outp...<truncated 3790 chars>
2025-11-21 08:23:40 | DEBUG    | main:440 | RJ prompt length: 1206
2025-11-21 08:23:42 | DEBUG    | main:461 | RJ: Generated 8 steps
2025-11-21 08:23:42 | DEBUG    | main:467 | RJ: generated text='B's answer.

B<end_of_turn>'
2025-11-21 08:23:42 | DEBUG    | main:473 | RJ step 0: token_id=236799, text='B'
2025-11-21 08:23:42 | DEBUG    | main:476 | RJ: Found A/B/T at step 0
2025-11-21 08:23:42 | DEBUG    | main:483 | RJ step 0: extracting probs from logits
2025-11-21 08:23:42 | DEBUG    | logits_to_prob_map:157 | logits_to_prob_map: input shape=torch.Size([262208]), dtype=torch.float32
2025-11-21 08:23:42 | DEBUG    | logits_to_prob_map:170 | Top-k extraction: k=50, top logprobs range=[-15.3862, -0.0112]
2025-11-21 08:23:42 | DEBUG    | logits_to_prob_map:180 | topk[0]: token_id=236799, text='B', logprob=-0.0112, prob=0.988850
2025-11-21 08:23:42 | DEBUG    | logits_to_prob_map:180 | topk[1]: token_id=236776, text='A', logprob=-4.5112, prob=0.010985
2025-11-21 08:23:42 | DEBUG    | logits_to_prob_map:180 | topk[2]: token_id=236789, text=''', logprob=-10.3862, prob=0.000031
2025-11-21 08:23:42 | DEBUG    | logits_to_prob_map:180 | topk[3]: token_id=35343, text='Bs', logprob=-10.6362, prob=0.000024
2025-11-21 08:23:42 | DEBUG    | logits_to_prob_map:180 | topk[4]: token_id=236774, text='T', logprob=-11.0112, prob=0.000017
2025-11-21 08:23:42 | DEBUG    | logits_to_prob_map:180 | topk[5]: token_id=236763, text='b', logprob=-11.0112, prob=0.000017
2025-11-21 08:23:42 | DEBUG    | logits_to_prob_map:180 | topk[6]: token_id=107, text='
', logprob=-11.2612, prob=0.000013
2025-11-21 08:23:42 | DEBUG    | logits_to_prob_map:180 | topk[7]: token_id=22186, text='Both', logprob=-11.6362, prob=0.000009
2025-11-21 08:23:42 | DEBUG    | logits_to_prob_map:180 | topk[8]: token_id=27413, text='both', logprob=-12.3862, prob=0.000004
2025-11-21 08:23:42 | DEBUG    | logits_to_prob_map:180 | topk[9]: token_id=2205, text='As', logprob=-12.3862, prob=0.000004
2025-11-21 08:23:42 | DEBUG    | only_abt_probs:198 | only_abt_probs result: {'A': 0.010985129045622002, 'B': 0.9888498404904582, 'T': 1.6515481422297786e-05}
2025-11-21 08:23:42 | DEBUG    | main:544 | Row 99 complete: JR={'A': 0.9667946028440444, 'B': 0.03308189481447014, 'T': 2.7782633643335655e-07}, RJ={'A': 0.010985129045622002, 'B': 0.9888498404904582, 'T': 1.6515481422297786e-05}, combined_norm={'A': 0.9779550961805297, 'B': 0.02203650602458457, 'T': 8.397794885647353e-06}
2025-11-21 08:23:42 | INFO     | main:391 | Processing row 100/970
2025-11-21 08:23:42 | DEBUG    | main:393 | ========== Row 100 ==========
2025-11-21 08:23:42 | DEBUG    | main:394 | Built msgs_jr with 2 messages
2025-11-21 08:23:42 | DEBUG    | main:396 | msgs_jr[0] role=system content=You are an impartial and unbiased judge.
2025-11-21 08:23:42 | DEBUG    | main:396 | msgs_jr[1] role=user content=You will be given answers from two assistants (Assistant A and Assistant B) to a user prompt. Please act as an impartial judge and evaluate the quality of their answers. You must output only one of the following choices:
'A' if Assistant A's answer is better.
'T' if both answers are relatively the s...<truncated 6628 chars>
2025-11-21 08:23:42 | DEBUG    | main:410 | JR prompt (truncated): <bos><start_of_turn>user
You are an impartial and unbiased judge.

You will be given answers from two assistants (Assistant A and Assistant B) to a user prompt. Please act as an impartial judge and evaluate the quality of their answers. You must output only one of the following choices:
'A' if Assistant A's answer is better.
'T' if both answers are relatively the same in quality.
'B' if Assistant B's answer is better.
Do not think or reason. Just choose which answer you prefer: A or B or T.
Outp...<truncated 6843 chars>
2025-11-21 08:23:42 | DEBUG    | main:440 | JR prompt length: 3056
2025-11-21 08:23:46 | DEBUG    | main:461 | JR: Generated 8 steps
2025-11-21 08:23:46 | DEBUG    | main:467 | JR: generated text='B's answer.

B<end_of_turn>'
2025-11-21 08:23:46 | DEBUG    | main:473 | JR step 0: token_id=236799, text='B'
2025-11-21 08:23:46 | DEBUG    | main:476 | JR: Found A/B/T at step 0
2025-11-21 08:23:46 | DEBUG    | main:483 | JR step 0: extracting probs from logits
2025-11-21 08:23:46 | DEBUG    | logits_to_prob_map:157 | logits_to_prob_map: input shape=torch.Size([262208]), dtype=torch.float32
2025-11-21 08:23:46 | DEBUG    | logits_to_prob_map:170 | Top-k extraction: k=50, top logprobs range=[-15.2140, -0.0265]
2025-11-21 08:23:46 | DEBUG    | logits_to_prob_map:180 | topk[0]: token_id=236799, text='B', logprob=-0.0265, prob=0.973854
2025-11-21 08:23:46 | DEBUG    | logits_to_prob_map:180 | topk[1]: token_id=236776, text='A', logprob=-3.6515, prob=0.025952
2025-11-21 08:23:46 | DEBUG    | logits_to_prob_map:180 | topk[2]: token_id=236789, text=''', logprob=-9.6515, prob=0.000064
2025-11-21 08:23:46 | DEBUG    | logits_to_prob_map:180 | topk[3]: token_id=107, text='
', logprob=-10.5265, prob=0.000027
2025-11-21 08:23:46 | DEBUG    | logits_to_prob_map:180 | topk[4]: token_id=35343, text='Bs', logprob=-11.0265, prob=0.000016
2025-11-21 08:23:46 | DEBUG    | logits_to_prob_map:180 | topk[5]: token_id=236763, text='b', logprob=-11.2765, prob=0.000013
2025-11-21 08:23:46 | DEBUG    | logits_to_prob_map:180 | topk[6]: token_id=22186, text='Both', logprob=-11.4015, prob=0.000011
2025-11-21 08:23:46 | DEBUG    | logits_to_prob_map:180 | topk[7]: token_id=236774, text='T', logprob=-12.0265, prob=0.000006
2025-11-21 08:23:46 | DEBUG    | logits_to_prob_map:180 | topk[8]: token_id=2205, text='As', logprob=-12.4015, prob=0.000004
2025-11-21 08:23:46 | DEBUG    | logits_to_prob_map:180 | topk[9]: token_id=1018, text='**', logprob=-12.4015, prob=0.000004
2025-11-21 08:23:46 | DEBUG    | only_abt_probs:198 | only_abt_probs result: {'A': 0.025952326344949712, 'B': 0.9738537816283174, 'T': 5.98356492580744e-06}
2025-11-21 08:23:46 | DEBUG    | main:410 | RJ prompt (truncated): <bos><start_of_turn>user
You are an impartial and unbiased judge.

You will be given answers from two assistants (Assistant A and Assistant B) to a user prompt. Please act as an impartial judge and evaluate the quality of their answers. You must output only one of the following choices:
'A' if Assistant A's answer is better.
'T' if both answers are relatively the same in quality.
'B' if Assistant B's answer is better.
Do not think or reason. Just choose which answer you prefer: A or B or T.
Outp...<truncated 6843 chars>
2025-11-21 08:23:46 | DEBUG    | main:440 | RJ prompt length: 3056
2025-11-21 08:23:51 | DEBUG    | main:461 | RJ: Generated 8 steps
2025-11-21 08:23:51 | DEBUG    | main:467 | RJ: generated text='A's answer.

A<end_of_turn>'
2025-11-21 08:23:51 | DEBUG    | main:473 | RJ step 0: token_id=236776, text='A'
2025-11-21 08:23:51 | DEBUG    | main:476 | RJ: Found A/B/T at step 0
2025-11-21 08:23:51 | DEBUG    | main:483 | RJ step 0: extracting probs from logits
2025-11-21 08:23:51 | DEBUG    | logits_to_prob_map:157 | logits_to_prob_map: input shape=torch.Size([262208]), dtype=torch.float32
2025-11-21 08:23:51 | DEBUG    | logits_to_prob_map:170 | Top-k extraction: k=50, top logprobs range=[-15.5058, -0.6933]
2025-11-21 08:23:51 | DEBUG    | logits_to_prob_map:180 | topk[0]: token_id=236776, text='A', logprob=-0.6933, prob=0.499902
2025-11-21 08:23:51 | DEBUG    | logits_to_prob_map:180 | topk[1]: token_id=236799, text='B', logprob=-0.6933, prob=0.499902
2025-11-21 08:23:51 | DEBUG    | logits_to_prob_map:180 | topk[2]: token_id=236789, text=''', logprob=-9.5683, prob=0.000070
2025-11-21 08:23:51 | DEBUG    | logits_to_prob_map:180 | topk[3]: token_id=107, text='
', logprob=-10.5683, prob=0.000026
2025-11-21 08:23:51 | DEBUG    | logits_to_prob_map:180 | topk[4]: token_id=22186, text='Both', logprob=-11.3183, prob=0.000012
2025-11-21 08:23:51 | DEBUG    | logits_to_prob_map:180 | topk[5]: token_id=2205, text='As', logprob=-11.5683, prob=0.000009
2025-11-21 08:23:51 | DEBUG    | logits_to_prob_map:180 | topk[6]: token_id=236763, text='b', logprob=-11.5683, prob=0.000009
2025-11-21 08:23:51 | DEBUG    | logits_to_prob_map:180 | topk[7]: token_id=236769, text='(', logprob=-11.5683, prob=0.000009
2025-11-21 08:23:51 | DEBUG    | logits_to_prob_map:180 | topk[8]: token_id=1018, text='**', logprob=-11.9433, prob=0.000007
2025-11-21 08:23:51 | DEBUG    | logits_to_prob_map:180 | topk[9]: token_id=236746, text='a', logprob=-12.0683, prob=0.000006
2025-11-21 08:23:51 | DEBUG    | only_abt_probs:198 | only_abt_probs result: {'A': 0.4999016610556096, 'B': 0.4999016610556096, 'T': 2.3920875623531928e-06}
2025-11-21 08:23:51 | WARNING  | main:507 | RJ probs A and B are TOO CLOSE: {'A': 0.4999016610556096, 'B': 0.4999016610556096, 'T': 2.3920875623531928e-06}
2025-11-21 08:23:51 | DEBUG    | main:544 | Row 100 complete: JR={'A': 0.025952326344949712, 'B': 0.9738537816283174, 'T': 5.98356492580744e-06}, RJ={'A': 0.4999016610556096, 'B': 0.4999016610556096, 'T': 2.3920875623531928e-06}, combined_norm={'A': 0.2629772478980061, 'B': 0.7370185634753152, 'T': 4.188626678623579e-06}
2025-11-21 08:23:51 | DEBUG    | main:393 | ========== Row 101 ==========
2025-11-21 08:23:51 | DEBUG    | main:394 | Built msgs_jr with 2 messages
2025-11-21 08:23:51 | DEBUG    | main:396 | msgs_jr[0] role=system content=You are an impartial and unbiased judge.
2025-11-21 08:23:51 | DEBUG    | main:396 | msgs_jr[1] role=user content=You will be given answers from two assistants (Assistant A and Assistant B) to a user prompt. Please act as an impartial judge and evaluate the quality of their answers. You must output only one of the following choices:
'A' if Assistant A's answer is better.
'T' if both answers are relatively the s...<truncated 9322 chars>
2025-11-21 08:23:51 | DEBUG    | main:410 | JR prompt (truncated): <bos><start_of_turn>user
You are an impartial and unbiased judge.

You will be given answers from two assistants (Assistant A and Assistant B) to a user prompt. Please act as an impartial judge and evaluate the quality of their answers. You must output only one of the following choices:
'A' if Assistant A's answer is better.
'T' if both answers are relatively the same in quality.
'B' if Assistant B's answer is better.
Do not think or reason. Just choose which answer you prefer: A or B or T.
Outp...<truncated 9537 chars>
2025-11-21 08:23:51 | DEBUG    | main:440 | JR prompt length: 3900
2025-11-21 08:23:56 | DEBUG    | main:461 | JR: Generated 8 steps
2025-11-21 08:23:56 | DEBUG    | main:467 | JR: generated text='B's answer.

B<end_of_turn>'
2025-11-21 08:23:56 | DEBUG    | main:473 | JR step 0: token_id=236799, text='B'
2025-11-21 08:23:56 | DEBUG    | main:476 | JR: Found A/B/T at step 0
2025-11-21 08:23:56 | DEBUG    | main:483 | JR step 0: extracting probs from logits
2025-11-21 08:23:56 | DEBUG    | logits_to_prob_map:157 | logits_to_prob_map: input shape=torch.Size([262208]), dtype=torch.float32
2025-11-21 08:23:56 | DEBUG    | logits_to_prob_map:170 | Top-k extraction: k=50, top logprobs range=[-13.8009, -0.1134]
2025-11-21 08:23:56 | DEBUG    | logits_to_prob_map:180 | topk[0]: token_id=236799, text='B', logprob=-0.1134, prob=0.892816
2025-11-21 08:23:56 | DEBUG    | logits_to_prob_map:180 | topk[1]: token_id=236776, text='A', logprob=-2.2384, prob=0.106632
2025-11-21 08:23:56 | DEBUG    | logits_to_prob_map:180 | topk[2]: token_id=236789, text=''', logprob=-8.7384, prob=0.000160
2025-11-21 08:23:56 | DEBUG    | logits_to_prob_map:180 | topk[3]: token_id=236763, text='b', logprob=-10.1134, prob=0.000041
2025-11-21 08:23:56 | DEBUG    | logits_to_prob_map:180 | topk[4]: token_id=236774, text='T', logprob=-10.2384, prob=0.000036
2025-11-21 08:23:56 | DEBUG    | logits_to_prob_map:180 | topk[5]: token_id=107, text='
', logprob=-10.2384, prob=0.000036
2025-11-21 08:23:56 | DEBUG    | logits_to_prob_map:180 | topk[6]: token_id=35343, text='Bs', logprob=-10.8634, prob=0.000019
2025-11-21 08:23:56 | DEBUG    | logits_to_prob_map:180 | topk[7]: token_id=236769, text='(', logprob=-10.8634, prob=0.000019
2025-11-21 08:23:56 | DEBUG    | logits_to_prob_map:180 | topk[8]: token_id=2205, text='As', logprob=-10.9884, prob=0.000017
2025-11-21 08:23:56 | DEBUG    | logits_to_prob_map:180 | topk[9]: token_id=236775, text='"', logprob=-11.0509, prob=0.000016
2025-11-21 08:23:56 | DEBUG    | only_abt_probs:198 | only_abt_probs result: {'A': 0.10663164557489035, 'B': 0.892815804128895, 'T': 3.5770940570577774e-05}
2025-11-21 08:23:56 | DEBUG    | main:410 | RJ prompt (truncated): <bos><start_of_turn>user
You are an impartial and unbiased judge.

You will be given answers from two assistants (Assistant A and Assistant B) to a user prompt. Please act as an impartial judge and evaluate the quality of their answers. You must output only one of the following choices:
'A' if Assistant A's answer is better.
'T' if both answers are relatively the same in quality.
'B' if Assistant B's answer is better.
Do not think or reason. Just choose which answer you prefer: A or B or T.
Outp...<truncated 9537 chars>
2025-11-21 08:23:56 | DEBUG    | main:440 | RJ prompt length: 3900
2025-11-21 08:24:02 | DEBUG    | main:461 | RJ: Generated 8 steps
2025-11-21 08:24:02 | DEBUG    | main:467 | RJ: generated text='B's answer.

B<end_of_turn>'
2025-11-21 08:24:02 | DEBUG    | main:473 | RJ step 0: token_id=236799, text='B'
2025-11-21 08:24:02 | DEBUG    | main:476 | RJ: Found A/B/T at step 0
2025-11-21 08:24:02 | DEBUG    | main:483 | RJ step 0: extracting probs from logits
2025-11-21 08:24:02 | DEBUG    | logits_to_prob_map:157 | logits_to_prob_map: input shape=torch.Size([262208]), dtype=torch.float32
2025-11-21 08:24:02 | DEBUG    | logits_to_prob_map:170 | Top-k extraction: k=50, top logprobs range=[-14.1621, -0.4746]
2025-11-21 08:24:02 | DEBUG    | logits_to_prob_map:180 | topk[0]: token_id=236799, text='B', logprob=-0.4746, prob=0.622120
2025-11-21 08:24:02 | DEBUG    | logits_to_prob_map:180 | topk[1]: token_id=236776, text='A', logprob=-0.9746, prob=0.377335
2025-11-21 08:24:02 | DEBUG    | logits_to_prob_map:180 | topk[2]: token_id=236789, text=''', logprob=-8.3496, prob=0.000236
2025-11-21 08:24:02 | DEBUG    | logits_to_prob_map:180 | topk[3]: token_id=236763, text='b', logprob=-10.3496, prob=0.000032
2025-11-21 08:24:02 | DEBUG    | logits_to_prob_map:180 | topk[4]: token_id=2205, text='As', logprob=-10.5996, prob=0.000025
2025-11-21 08:24:02 | DEBUG    | logits_to_prob_map:180 | topk[5]: token_id=236746, text='a', logprob=-10.7246, prob=0.000022
2025-11-21 08:24:02 | DEBUG    | logits_to_prob_map:180 | topk[6]: token_id=236775, text='"', logprob=-10.8496, prob=0.000019
2025-11-21 08:24:02 | DEBUG    | logits_to_prob_map:180 | topk[7]: token_id=107, text='
', logprob=-10.8496, prob=0.000019
2025-11-21 08:24:02 | DEBUG    | logits_to_prob_map:180 | topk[8]: token_id=236769, text='(', logprob=-10.8496, prob=0.000019
2025-11-21 08:24:02 | DEBUG    | logits_to_prob_map:180 | topk[9]: token_id=35343, text='Bs', logprob=-10.8496, prob=0.000019
2025-11-21 08:24:02 | DEBUG    | only_abt_probs:198 | only_abt_probs result: {'A': 0.3773345951487165, 'B': 0.6221195731927103, 'T': 1.3341611449747517e-05}
2025-11-21 08:24:02 | DEBUG    | main:544 | Row 101 complete: JR={'A': 0.10663164557489035, 'B': 0.892815804128895, 'T': 3.5770940570577774e-05}, RJ={'A': 0.3773345951487165, 'B': 0.6221195731927103, 'T': 1.3341611449747517e-05}, combined_norm={'A': 0.3645668738167796, 'B': 0.6354085570173733, 'T': 2.456916584715011e-05}
2025-11-21 08:24:02 | DEBUG    | main:393 | ========== Row 102 ==========
2025-11-21 08:24:02 | DEBUG    | main:394 | Built msgs_jr with 2 messages
2025-11-21 08:24:02 | DEBUG    | main:396 | msgs_jr[0] role=system content=You are an impartial and unbiased judge.
2025-11-21 08:24:02 | DEBUG    | main:396 | msgs_jr[1] role=user content=You will be given answers from two assistants (Assistant A and Assistant B) to a user prompt. Please act as an impartial judge and evaluate the quality of their answers. You must output only one of the following choices:
'A' if Assistant A's answer is better.
'T' if both answers are relatively the s...<truncated 2728 chars>
2025-11-21 08:24:02 | DEBUG    | main:410 | JR prompt (truncated): <bos><start_of_turn>user
You are an impartial and unbiased judge.

You will be given answers from two assistants (Assistant A and Assistant B) to a user prompt. Please act as an impartial judge and evaluate the quality of their answers. You must output only one of the following choices:
'A' if Assistant A's answer is better.
'T' if both answers are relatively the same in quality.
'B' if Assistant B's answer is better.
Do not think or reason. Just choose which answer you prefer: A or B or T.
Outp...<truncated 2943 chars>
2025-11-21 08:24:02 | DEBUG    | main:440 | JR prompt length: 961
2025-11-21 08:24:03 | DEBUG    | main:461 | JR: Generated 8 steps
2025-11-21 08:24:03 | DEBUG    | main:467 | JR: generated text='A's answer.

A<end_of_turn>'
2025-11-21 08:24:03 | DEBUG    | main:473 | JR step 0: token_id=236776, text='A'
2025-11-21 08:24:03 | DEBUG    | main:476 | JR: Found A/B/T at step 0
2025-11-21 08:24:03 | DEBUG    | main:483 | JR step 0: extracting probs from logits
2025-11-21 08:24:03 | DEBUG    | logits_to_prob_map:157 | logits_to_prob_map: input shape=torch.Size([262208]), dtype=torch.float32
2025-11-21 08:24:03 | DEBUG    | logits_to_prob_map:170 | Top-k extraction: k=50, top logprobs range=[-16.4254, -0.1129]
2025-11-21 08:24:03 | DEBUG    | logits_to_prob_map:180 | topk[0]: token_id=236776, text='A', logprob=-0.1129, prob=0.893239
2025-11-21 08:24:03 | DEBUG    | logits_to_prob_map:180 | topk[1]: token_id=236799, text='B', logprob=-2.2379, prob=0.106682
2025-11-21 08:24:03 | DEBUG    | logits_to_prob_map:180 | topk[2]: token_id=236789, text=''', logprob=-10.6129, prob=0.000025
2025-11-21 08:24:03 | DEBUG    | logits_to_prob_map:180 | topk[3]: token_id=2205, text='As', logprob=-11.1129, prob=0.000015
2025-11-21 08:24:03 | DEBUG    | logits_to_prob_map:180 | topk[4]: token_id=107, text='
', logprob=-11.8629, prob=0.000007
2025-11-21 08:24:03 | DEBUG    | logits_to_prob_map:180 | topk[5]: token_id=236746, text='a', logprob=-12.3629, prob=0.000004
2025-11-21 08:24:03 | DEBUG    | logits_to_prob_map:180 | topk[6]: token_id=236769, text='(', logprob=-12.6129, prob=0.000003
2025-11-21 08:24:03 | DEBUG    | logits_to_prob_map:180 | topk[7]: token_id=236763, text='b', logprob=-12.9879, prob=0.000002
2025-11-21 08:24:03 | DEBUG    | logits_to_prob_map:180 | topk[8]: token_id=35343, text='Bs', logprob=-13.2379, prob=0.000002
2025-11-21 08:24:03 | DEBUG    | logits_to_prob_map:180 | topk[9]: token_id=1018, text='**', logprob=-13.4879, prob=0.000001
2025-11-21 08:24:03 | DEBUG    | only_abt_probs:198 | only_abt_probs result: {'A': 0.8932394305391247, 'B': 0.10668222384464911, 'T': 8.416507171985218e-07}
2025-11-21 08:24:03 | DEBUG    | main:410 | RJ prompt (truncated): <bos><start_of_turn>user
You are an impartial and unbiased judge.

You will be given answers from two assistants (Assistant A and Assistant B) to a user prompt. Please act as an impartial judge and evaluate the quality of their answers. You must output only one of the following choices:
'A' if Assistant A's answer is better.
'T' if both answers are relatively the same in quality.
'B' if Assistant B's answer is better.
Do not think or reason. Just choose which answer you prefer: A or B or T.
Outp...<truncated 2943 chars>
2025-11-21 08:24:03 | DEBUG    | main:440 | RJ prompt length: 961
2025-11-21 08:24:05 | DEBUG    | main:461 | RJ: Generated 8 steps
2025-11-21 08:24:05 | DEBUG    | main:467 | RJ: generated text='A's answer.

A<end_of_turn>'
2025-11-21 08:24:05 | DEBUG    | main:473 | RJ step 0: token_id=236776, text='A'
2025-11-21 08:24:05 | DEBUG    | main:476 | RJ: Found A/B/T at step 0
2025-11-21 08:24:05 | DEBUG    | main:483 | RJ step 0: extracting probs from logits
2025-11-21 08:24:05 | DEBUG    | logits_to_prob_map:157 | logits_to_prob_map: input shape=torch.Size([262208]), dtype=torch.float32
2025-11-21 08:24:05 | DEBUG    | logits_to_prob_map:170 | Top-k extraction: k=50, top logprobs range=[-15.5078, -0.0078]
2025-11-21 08:24:05 | DEBUG    | logits_to_prob_map:180 | topk[0]: token_id=236776, text='A', logprob=-0.0078, prob=0.992231
2025-11-21 08:24:05 | DEBUG    | logits_to_prob_map:180 | topk[1]: token_id=236799, text='B', logprob=-4.8828, prob=0.007576
2025-11-21 08:24:05 | DEBUG    | logits_to_prob_map:180 | topk[2]: token_id=236789, text=''', logprob=-9.2578, prob=0.000095
2025-11-21 08:24:05 | DEBUG    | logits_to_prob_map:180 | topk[3]: token_id=2205, text='As', logprob=-10.5078, prob=0.000027
2025-11-21 08:24:05 | DEBUG    | logits_to_prob_map:180 | topk[4]: token_id=236746, text='a', logprob=-11.2578, prob=0.000013
2025-11-21 08:24:05 | DEBUG    | logits_to_prob_map:180 | topk[5]: token_id=236769, text='(', logprob=-12.0078, prob=0.000006
2025-11-21 08:24:05 | DEBUG    | logits_to_prob_map:180 | topk[6]: token_id=107, text='
', logprob=-12.5078, prob=0.000004
2025-11-21 08:24:05 | DEBUG    | logits_to_prob_map:180 | topk[7]: token_id=236775, text='"', logprob=-12.6328, prob=0.000003
2025-11-21 08:24:05 | DEBUG    | logits_to_prob_map:180 | topk[8]: token_id=1018, text='**', logprob=-12.7578, prob=0.000003
2025-11-21 08:24:05 | DEBUG    | logits_to_prob_map:180 | topk[9]: token_id=236780, text='C', logprob=-12.8828, prob=0.000003
2025-11-21 08:24:05 | DEBUG    | only_abt_probs:198 | only_abt_probs result: {'A': 0.9922311613990635, 'B': 0.007575778591141274, 'T': 3.2310155591001536e-07}
2025-11-21 08:24:05 | DEBUG    | main:544 | Row 102 complete: JR={'A': 0.8932394305391247, 'B': 0.10668222384464911, 'T': 8.416507171985218e-07}, RJ={'A': 0.9922311613990635, 'B': 0.007575778591141274, 'T': 3.2310155591001536e-07}, combined_norm={'A': 0.45046847206187596, 'B': 0.549530945483286, 'T': 5.82454838106453e-07}
2025-11-21 08:24:05 | DEBUG    | main:393 | ========== Row 103 ==========
2025-11-21 08:24:05 | DEBUG    | main:394 | Built msgs_jr with 2 messages
2025-11-21 08:24:05 | DEBUG    | main:396 | msgs_jr[0] role=system content=You are an impartial and unbiased judge.
2025-11-21 08:24:05 | DEBUG    | main:396 | msgs_jr[1] role=user content=You will be given answers from two assistants (Assistant A and Assistant B) to a user prompt. Please act as an impartial judge and evaluate the quality of their answers. You must output only one of the following choices:
'A' if Assistant A's answer is better.
'T' if both answers are relatively the s...<truncated 4975 chars>
2025-11-21 08:24:05 | DEBUG    | main:410 | JR prompt (truncated): <bos><start_of_turn>user
You are an impartial and unbiased judge.

You will be given answers from two assistants (Assistant A and Assistant B) to a user prompt. Please act as an impartial judge and evaluate the quality of their answers. You must output only one of the following choices:
'A' if Assistant A's answer is better.
'T' if both answers are relatively the same in quality.
'B' if Assistant B's answer is better.
Do not think or reason. Just choose which answer you prefer: A or B or T.
Outp...<truncated 5190 chars>
2025-11-21 08:24:05 | DEBUG    | main:440 | JR prompt length: 2099
2025-11-21 08:24:08 | DEBUG    | main:461 | JR: Generated 8 steps
2025-11-21 08:24:08 | DEBUG    | main:467 | JR: generated text='A's answer.

A<end_of_turn>'
2025-11-21 08:24:08 | DEBUG    | main:473 | JR step 0: token_id=236776, text='A'
2025-11-21 08:24:08 | DEBUG    | main:476 | JR: Found A/B/T at step 0
2025-11-21 08:24:08 | DEBUG    | main:483 | JR step 0: extracting probs from logits
2025-11-21 08:24:08 | DEBUG    | logits_to_prob_map:157 | logits_to_prob_map: input shape=torch.Size([262208]), dtype=torch.float32
2025-11-21 08:24:08 | DEBUG    | logits_to_prob_map:170 | Top-k extraction: k=50, top logprobs range=[-16.1270, -0.1270]
2025-11-21 08:24:08 | DEBUG    | logits_to_prob_map:180 | topk[0]: token_id=236776, text='A', logprob=-0.1270, prob=0.880694
2025-11-21 08:24:08 | DEBUG    | logits_to_prob_map:180 | topk[1]: token_id=236799, text='B', logprob=-2.1270, prob=0.119189
2025-11-21 08:24:08 | DEBUG    | logits_to_prob_map:180 | topk[2]: token_id=236789, text=''', logprob=-10.0020, prob=0.000045
2025-11-21 08:24:08 | DEBUG    | logits_to_prob_map:180 | topk[3]: token_id=107, text='
', logprob=-11.1270, prob=0.000015
2025-11-21 08:24:08 | DEBUG    | logits_to_prob_map:180 | topk[4]: token_id=236746, text='a', logprob=-11.5020, prob=0.000010
2025-11-21 08:24:08 | DEBUG    | logits_to_prob_map:180 | topk[5]: token_id=2205, text='As', logprob=-11.6270, prob=0.000009
2025-11-21 08:24:08 | DEBUG    | logits_to_prob_map:180 | topk[6]: token_id=236769, text='(', logprob=-12.2520, prob=0.000005
2025-11-21 08:24:08 | DEBUG    | logits_to_prob_map:180 | topk[7]: token_id=236763, text='b', logprob=-12.5020, prob=0.000004
2025-11-21 08:24:08 | DEBUG    | logits_to_prob_map:180 | topk[8]: token_id=1018, text='**', logprob=-13.1270, prob=0.000002
2025-11-21 08:24:08 | DEBUG    | logits_to_prob_map:180 | topk[9]: token_id=236795, text='$', logprob=-13.1270, prob=0.000002
2025-11-21 08:24:08 | DEBUG    | only_abt_probs:198 | only_abt_probs result: {'A': 0.8806943111677127, 'B': 0.11918901582281063, 'T': 3.682349403078121e-07}
2025-11-21 08:24:08 | DEBUG    | main:410 | RJ prompt (truncated): <bos><start_of_turn>user
You are an impartial and unbiased judge.

You will be given answers from two assistants (Assistant A and Assistant B) to a user prompt. Please act as an impartial judge and evaluate the quality of their answers. You must output only one of the following choices:
'A' if Assistant A's answer is better.
'T' if both answers are relatively the same in quality.
'B' if Assistant B's answer is better.
Do not think or reason. Just choose which answer you prefer: A or B or T.
Outp...<truncated 5190 chars>
2025-11-21 08:24:08 | DEBUG    | main:440 | RJ prompt length: 2099
2025-11-21 08:24:12 | DEBUG    | main:461 | RJ: Generated 8 steps
2025-11-21 08:24:12 | DEBUG    | main:467 | RJ: generated text='B's answer.

B<end_of_turn>'
2025-11-21 08:24:12 | DEBUG    | main:473 | RJ step 0: token_id=236799, text='B'
2025-11-21 08:24:12 | DEBUG    | main:476 | RJ: Found A/B/T at step 0
2025-11-21 08:24:12 | DEBUG    | main:483 | RJ step 0: extracting probs from logits
2025-11-21 08:24:12 | DEBUG    | logits_to_prob_map:157 | logits_to_prob_map: input shape=torch.Size([262208]), dtype=torch.float32
2025-11-21 08:24:12 | DEBUG    | logits_to_prob_map:170 | Top-k extraction: k=50, top logprobs range=[-15.9501, -0.0126]
2025-11-21 08:24:12 | DEBUG    | logits_to_prob_map:180 | topk[0]: token_id=236799, text='B', logprob=-0.0126, prob=0.987468
2025-11-21 08:24:12 | DEBUG    | logits_to_prob_map:180 | topk[1]: token_id=236776, text='A', logprob=-4.3876, prob=0.012430
2025-11-21 08:24:12 | DEBUG    | logits_to_prob_map:180 | topk[2]: token_id=236789, text=''', logprob=-10.3876, prob=0.000031
2025-11-21 08:24:12 | DEBUG    | logits_to_prob_map:180 | topk[3]: token_id=236763, text='b', logprob=-11.0126, prob=0.000016
2025-11-21 08:24:12 | DEBUG    | logits_to_prob_map:180 | topk[4]: token_id=107, text='
', logprob=-11.5126, prob=0.000010
2025-11-21 08:24:12 | DEBUG    | logits_to_prob_map:180 | topk[5]: token_id=35343, text='Bs', logprob=-12.1376, prob=0.000005
2025-11-21 08:24:12 | DEBUG    | logits_to_prob_map:180 | topk[6]: token_id=236774, text='T', logprob=-12.5126, prob=0.000004
2025-11-21 08:24:12 | DEBUG    | logits_to_prob_map:180 | topk[7]: token_id=236775, text='"', logprob=-12.7626, prob=0.000003
2025-11-21 08:24:12 | DEBUG    | logits_to_prob_map:180 | topk[8]: token_id=1018, text='**', logprob=-12.8876, prob=0.000003
2025-11-21 08:24:12 | DEBUG    | logits_to_prob_map:180 | topk[9]: token_id=7925, text='Answer', logprob=-13.1376, prob=0.000002
2025-11-21 08:24:12 | DEBUG    | only_abt_probs:198 | only_abt_probs result: {'A': 0.012430391068078625, 'B': 0.9874682554663016, 'T': 3.6799500135131577e-06}
2025-11-21 08:24:12 | DEBUG    | main:544 | Row 103 complete: JR={'A': 0.8806943111677127, 'B': 0.11918901582281063, 'T': 3.682349403078121e-07}, RJ={'A': 0.012430391068078625, 'B': 0.9874682554663016, 'T': 3.6799500135131577e-06}, combined_norm={'A': 0.9341812305682073, 'B': 0.06581674512273668, 'T': 2.024309056005747e-06}
2025-11-21 08:24:12 | DEBUG    | main:393 | ========== Row 104 ==========
2025-11-21 08:24:12 | DEBUG    | main:394 | Built msgs_jr with 2 messages
2025-11-21 08:24:12 | DEBUG    | main:396 | msgs_jr[0] role=system content=You are an impartial and unbiased judge.
2025-11-21 08:24:12 | DEBUG    | main:396 | msgs_jr[1] role=user content=You will be given answers from two assistants (Assistant A and Assistant B) to a user prompt. Please act as an impartial judge and evaluate the quality of their answers. You must output only one of the following choices:
'A' if Assistant A's answer is better.
'T' if both answers are relatively the s...<truncated 3298 chars>
2025-11-21 08:24:12 | DEBUG    | main:410 | JR prompt (truncated): <bos><start_of_turn>user
You are an impartial and unbiased judge.

You will be given answers from two assistants (Assistant A and Assistant B) to a user prompt. Please act as an impartial judge and evaluate the quality of their answers. You must output only one of the following choices:
'A' if Assistant A's answer is better.
'T' if both answers are relatively the same in quality.
'B' if Assistant B's answer is better.
Do not think or reason. Just choose which answer you prefer: A or B or T.
Outp...<truncated 3513 chars>
2025-11-21 08:24:12 | DEBUG    | main:440 | JR prompt length: 1199
2025-11-21 08:24:14 | DEBUG    | main:461 | JR: Generated 8 steps
2025-11-21 08:24:14 | DEBUG    | main:467 | JR: generated text='A's answer.

A<end_of_turn>'
2025-11-21 08:24:14 | DEBUG    | main:473 | JR step 0: token_id=236776, text='A'
2025-11-21 08:24:14 | DEBUG    | main:476 | JR: Found A/B/T at step 0
2025-11-21 08:24:14 | DEBUG    | main:483 | JR step 0: extracting probs from logits
2025-11-21 08:24:14 | DEBUG    | logits_to_prob_map:157 | logits_to_prob_map: input shape=torch.Size([262208]), dtype=torch.float32
2025-11-21 08:24:14 | DEBUG    | logits_to_prob_map:170 | Top-k extraction: k=50, top logprobs range=[-15.7414, -0.4289]
2025-11-21 08:24:14 | DEBUG    | logits_to_prob_map:180 | topk[0]: token_id=236776, text='A', logprob=-0.4289, prob=0.651256
2025-11-21 08:24:14 | DEBUG    | logits_to_prob_map:180 | topk[1]: token_id=236799, text='B', logprob=-1.0539, prob=0.348592
2025-11-21 08:24:14 | DEBUG    | logits_to_prob_map:180 | topk[2]: token_id=236789, text=''', logprob=-10.0539, prob=0.000043
2025-11-21 08:24:14 | DEBUG    | logits_to_prob_map:180 | topk[3]: token_id=107, text='
', logprob=-10.6789, prob=0.000023
2025-11-21 08:24:14 | DEBUG    | logits_to_prob_map:180 | topk[4]: token_id=2205, text='As', logprob=-10.8039, prob=0.000020
2025-11-21 08:24:14 | DEBUG    | logits_to_prob_map:180 | topk[5]: token_id=22186, text='Both', logprob=-11.6789, prob=0.000008
2025-11-21 08:24:14 | DEBUG    | logits_to_prob_map:180 | topk[6]: token_id=236763, text='b', logprob=-11.9289, prob=0.000007
2025-11-21 08:24:14 | DEBUG    | logits_to_prob_map:180 | topk[7]: token_id=236769, text='(', logprob=-12.0539, prob=0.000006
2025-11-21 08:24:14 | DEBUG    | logits_to_prob_map:180 | topk[8]: token_id=35343, text='Bs', logprob=-12.0539, prob=0.000006
2025-11-21 08:24:14 | DEBUG    | logits_to_prob_map:180 | topk[9]: token_id=236774, text='T', logprob=-12.1789, prob=0.000005
2025-11-21 08:24:14 | DEBUG    | only_abt_probs:198 | only_abt_probs result: {'A': 0.6512560221286894, 'B': 0.3485922287361974, 'T': 5.137972141725225e-06}
2025-11-21 08:24:14 | DEBUG    | main:410 | RJ prompt (truncated): <bos><start_of_turn>user
You are an impartial and unbiased judge.

You will be given answers from two assistants (Assistant A and Assistant B) to a user prompt. Please act as an impartial judge and evaluate the quality of their answers. You must output only one of the following choices:
'A' if Assistant A's answer is better.
'T' if both answers are relatively the same in quality.
'B' if Assistant B's answer is better.
Do not think or reason. Just choose which answer you prefer: A or B or T.
Outp...<truncated 3513 chars>
2025-11-21 08:24:14 | DEBUG    | main:440 | RJ prompt length: 1199
2025-11-21 08:24:16 | DEBUG    | main:461 | RJ: Generated 8 steps
2025-11-21 08:24:16 | DEBUG    | main:467 | RJ: generated text='B's answer.

B<end_of_turn>'
2025-11-21 08:24:16 | DEBUG    | main:473 | RJ step 0: token_id=236799, text='B'
2025-11-21 08:24:16 | DEBUG    | main:476 | RJ: Found A/B/T at step 0
2025-11-21 08:24:16 | DEBUG    | main:483 | RJ step 0: extracting probs from logits
2025-11-21 08:24:16 | DEBUG    | logits_to_prob_map:157 | logits_to_prob_map: input shape=torch.Size([262208]), dtype=torch.float32
2025-11-21 08:24:16 | DEBUG    | logits_to_prob_map:170 | Top-k extraction: k=50, top logprobs range=[-15.6632, -0.0382]
2025-11-21 08:24:16 | DEBUG    | logits_to_prob_map:180 | topk[0]: token_id=236799, text='B', logprob=-0.0382, prob=0.962534
2025-11-21 08:24:16 | DEBUG    | logits_to_prob_map:180 | topk[1]: token_id=236776, text='A', logprob=-3.2882, prob=0.037321
2025-11-21 08:24:16 | DEBUG    | logits_to_prob_map:180 | topk[2]: token_id=236789, text=''', logprob=-10.4132, prob=0.000030
2025-11-21 08:24:16 | DEBUG    | logits_to_prob_map:180 | topk[3]: token_id=107, text='
', logprob=-10.9132, prob=0.000018
2025-11-21 08:24:16 | DEBUG    | logits_to_prob_map:180 | topk[4]: token_id=236763, text='b', logprob=-11.0382, prob=0.000016
2025-11-21 08:24:16 | DEBUG    | logits_to_prob_map:180 | topk[5]: token_id=35343, text='Bs', logprob=-11.1632, prob=0.000014
2025-11-21 08:24:16 | DEBUG    | logits_to_prob_map:180 | topk[6]: token_id=236774, text='T', logprob=-11.4132, prob=0.000011
2025-11-21 08:24:16 | DEBUG    | logits_to_prob_map:180 | topk[7]: token_id=22186, text='Both', logprob=-11.5382, prob=0.000010
2025-11-21 08:24:16 | DEBUG    | logits_to_prob_map:180 | topk[8]: token_id=2205, text='As', logprob=-12.1632, prob=0.000005
2025-11-21 08:24:16 | DEBUG    | logits_to_prob_map:180 | topk[9]: token_id=27413, text='both', logprob=-12.5382, prob=0.000004
2025-11-21 08:24:16 | DEBUG    | only_abt_probs:198 | only_abt_probs result: {'A': 0.03732149537213501, 'B': 0.9625340016652483, 'T': 1.1048829388515369e-05}
2025-11-21 08:24:16 | DEBUG    | main:544 | Row 104 complete: JR={'A': 0.6512560221286894, 'B': 0.3485922287361974, 'T': 5.137972141725225e-06}, RJ={'A': 0.03732149537213501, 'B': 0.9625340016652483, 'T': 1.1048829388515369e-05}, combined_norm={'A': 0.8070080193669587, 'B': 0.1929838860987772, 'T': 8.094534264188446e-06}
2025-11-21 08:24:16 | DEBUG    | main:393 | ========== Row 105 ==========
2025-11-21 08:24:16 | DEBUG    | main:394 | Built msgs_jr with 2 messages
2025-11-21 08:24:16 | DEBUG    | main:396 | msgs_jr[0] role=system content=You are an impartial and unbiased judge.
2025-11-21 08:24:16 | DEBUG    | main:396 | msgs_jr[1] role=user content=You will be given answers from two assistants (Assistant A and Assistant B) to a user prompt. Please act as an impartial judge and evaluate the quality of their answers. You must output only one of the following choices:
'A' if Assistant A's answer is better.
'T' if both answers are relatively the s...<truncated 33377 chars>
2025-11-21 08:24:16 | DEBUG    | main:410 | JR prompt (truncated): <bos><start_of_turn>user
You are an impartial and unbiased judge.

You will be given answers from two assistants (Assistant A and Assistant B) to a user prompt. Please act as an impartial judge and evaluate the quality of their answers. You must output only one of the following choices:
'A' if Assistant A's answer is better.
'T' if both answers are relatively the same in quality.
'B' if Assistant B's answer is better.
Do not think or reason. Just choose which answer you prefer: A or B or T.
Outp...<truncated 33592 chars>
2025-11-21 08:24:16 | DEBUG    | main:440 | JR prompt length: 10840
2025-11-21 08:24:38 | DEBUG    | main:461 | JR: Generated 8 steps
2025-11-21 08:24:38 | DEBUG    | main:467 | JR: generated text='A's answer.

A<end_of_turn>'
2025-11-21 08:24:38 | DEBUG    | main:473 | JR step 0: token_id=236776, text='A'
2025-11-21 08:24:38 | DEBUG    | main:476 | JR: Found A/B/T at step 0
2025-11-21 08:24:38 | DEBUG    | main:483 | JR step 0: extracting probs from logits
2025-11-21 08:24:38 | DEBUG    | logits_to_prob_map:157 | logits_to_prob_map: input shape=torch.Size([262208]), dtype=torch.float32
2025-11-21 08:24:38 | DEBUG    | logits_to_prob_map:170 | Top-k extraction: k=50, top logprobs range=[-14.8427, -0.0302]
2025-11-21 08:24:38 | DEBUG    | logits_to_prob_map:180 | topk[0]: token_id=236776, text='A', logprob=-0.0302, prob=0.970261
2025-11-21 08:24:38 | DEBUG    | logits_to_prob_map:180 | topk[1]: token_id=236799, text='B', logprob=-3.5302, prob=0.029299
2025-11-21 08:24:38 | DEBUG    | logits_to_prob_map:180 | topk[2]: token_id=236789, text=''', logprob=-8.7802, prob=0.000154
2025-11-21 08:24:38 | DEBUG    | logits_to_prob_map:180 | topk[3]: token_id=2205, text='As', logprob=-10.0302, prob=0.000044
2025-11-21 08:24:38 | DEBUG    | logits_to_prob_map:180 | topk[4]: token_id=1018, text='**', logprob=-10.1552, prob=0.000039
2025-11-21 08:24:38 | DEBUG    | logits_to_prob_map:180 | topk[5]: token_id=236746, text='a', logprob=-10.2802, prob=0.000034
2025-11-21 08:24:38 | DEBUG    | logits_to_prob_map:180 | topk[6]: token_id=107, text='
', logprob=-10.2802, prob=0.000034
2025-11-21 08:24:38 | DEBUG    | logits_to_prob_map:180 | topk[7]: token_id=236769, text='(', logprob=-11.0302, prob=0.000016
2025-11-21 08:24:38 | DEBUG    | logits_to_prob_map:180 | topk[8]: token_id=236775, text='"', logprob=-11.2802, prob=0.000013
2025-11-21 08:24:38 | DEBUG    | logits_to_prob_map:180 | topk[9]: token_id=108, text='

', logprob=-11.7802, prob=0.000008
2025-11-21 08:24:38 | DEBUG    | only_abt_probs:198 | only_abt_probs result: {'A': 0.9702609058669717, 'B': 0.029299341740210812, 'T': 2.3345521876326777e-06}
2025-11-21 08:24:38 | DEBUG    | main:410 | RJ prompt (truncated): <bos><start_of_turn>user
You are an impartial and unbiased judge.

You will be given answers from two assistants (Assistant A and Assistant B) to a user prompt. Please act as an impartial judge and evaluate the quality of their answers. You must output only one of the following choices:
'A' if Assistant A's answer is better.
'T' if both answers are relatively the same in quality.
'B' if Assistant B's answer is better.
Do not think or reason. Just choose which answer you prefer: A or B or T.
Outp...<truncated 33592 chars>
2025-11-21 08:24:38 | DEBUG    | main:440 | RJ prompt length: 10840
2025-11-21 08:25:01 | DEBUG    | main:461 | RJ: Generated 8 steps
2025-11-21 08:25:01 | DEBUG    | main:467 | RJ: generated text='B's answer.

B<end_of_turn>'
2025-11-21 08:25:01 | DEBUG    | main:473 | RJ step 0: token_id=236799, text='B'
2025-11-21 08:25:01 | DEBUG    | main:476 | RJ: Found A/B/T at step 0
2025-11-21 08:25:01 | DEBUG    | main:483 | RJ step 0: extracting probs from logits
2025-11-21 08:25:01 | DEBUG    | logits_to_prob_map:157 | logits_to_prob_map: input shape=torch.Size([262208]), dtype=torch.float32
2025-11-21 08:25:01 | DEBUG    | logits_to_prob_map:170 | Top-k extraction: k=50, top logprobs range=[-13.6949, -0.0074]
2025-11-21 08:25:01 | DEBUG    | logits_to_prob_map:180 | topk[0]: token_id=236799, text='B', logprob=-0.0074, prob=0.992580
2025-11-21 08:25:01 | DEBUG    | logits_to_prob_map:180 | topk[1]: token_id=236776, text='A', logprob=-5.0074, prob=0.006688
2025-11-21 08:25:01 | DEBUG    | logits_to_prob_map:180 | topk[2]: token_id=236789, text=''', logprob=-8.2574, prob=0.000259
2025-11-21 08:25:01 | DEBUG    | logits_to_prob_map:180 | topk[3]: token_id=35343, text='Bs', logprob=-9.7574, prob=0.000058
2025-11-21 08:25:01 | DEBUG    | logits_to_prob_map:180 | topk[4]: token_id=236763, text='b', logprob=-9.8824, prob=0.000051
2025-11-21 08:25:01 | DEBUG    | logits_to_prob_map:180 | topk[5]: token_id=107, text='
', logprob=-10.1324, prob=0.000040
2025-11-21 08:25:01 | DEBUG    | logits_to_prob_map:180 | topk[6]: token_id=74314, text='Assistant', logprob=-10.2574, prob=0.000035
2025-11-21 08:25:01 | DEBUG    | logits_to_prob_map:180 | topk[7]: token_id=236775, text='"', logprob=-10.9449, prob=0.000018
2025-11-21 08:25:01 | DEBUG    | logits_to_prob_map:180 | topk[8]: token_id=7925, text='Answer', logprob=-11.0699, prob=0.000016
2025-11-21 08:25:01 | DEBUG    | logits_to_prob_map:180 | topk[9]: token_id=1018, text='**', logprob=-11.3199, prob=0.000012
2025-11-21 08:25:01 | DEBUG    | only_abt_probs:198 | only_abt_probs result: {'A': 0.006687951068268098, 'B': 0.9925797379724172, 'T': 9.445725976262996e-06}
2025-11-21 08:25:01 | DEBUG    | main:544 | Row 105 complete: JR={'A': 0.9702609058669717, 'B': 0.029299341740210812, 'T': 2.3345521876326777e-06}, RJ={'A': 0.006687951068268098, 'B': 0.9925797379724172, 'T': 9.445725976262996e-06}, combined_norm={'A': 0.9819900151163671, 'B': 0.018004091325453008, 'T': 5.8935581798486e-06}
2025-11-21 08:25:01 | DEBUG    | main:393 | ========== Row 106 ==========
2025-11-21 08:25:01 | DEBUG    | main:394 | Built msgs_jr with 2 messages
2025-11-21 08:25:01 | DEBUG    | main:396 | msgs_jr[0] role=system content=You are an impartial and unbiased judge.
2025-11-21 08:25:01 | DEBUG    | main:396 | msgs_jr[1] role=user content=You will be given answers from two assistants (Assistant A and Assistant B) to a user prompt. Please act as an impartial judge and evaluate the quality of their answers. You must output only one of the following choices:
'A' if Assistant A's answer is better.
'T' if both answers are relatively the s...<truncated 8025 chars>
2025-11-21 08:25:01 | DEBUG    | main:410 | JR prompt (truncated): <bos><start_of_turn>user
You are an impartial and unbiased judge.

You will be given answers from two assistants (Assistant A and Assistant B) to a user prompt. Please act as an impartial judge and evaluate the quality of their answers. You must output only one of the following choices:
'A' if Assistant A's answer is better.
'T' if both answers are relatively the same in quality.
'B' if Assistant B's answer is better.
Do not think or reason. Just choose which answer you prefer: A or B or T.
Outp...<truncated 8240 chars>
2025-11-21 08:25:01 | DEBUG    | main:440 | JR prompt length: 3139
2025-11-21 08:25:06 | DEBUG    | main:461 | JR: Generated 8 steps
2025-11-21 08:25:06 | DEBUG    | main:467 | JR: generated text='B's answer.

B<end_of_turn>'
2025-11-21 08:25:06 | DEBUG    | main:473 | JR step 0: token_id=236799, text='B'
2025-11-21 08:25:06 | DEBUG    | main:476 | JR: Found A/B/T at step 0
2025-11-21 08:25:06 | DEBUG    | main:483 | JR step 0: extracting probs from logits
2025-11-21 08:25:06 | DEBUG    | logits_to_prob_map:157 | logits_to_prob_map: input shape=torch.Size([262208]), dtype=torch.float32
2025-11-21 08:25:06 | DEBUG    | logits_to_prob_map:170 | Top-k extraction: k=50, top logprobs range=[-15.1800, -0.1800]
2025-11-21 08:25:06 | DEBUG    | logits_to_prob_map:180 | topk[0]: token_id=236799, text='B', logprob=-0.1800, prob=0.835276
2025-11-21 08:25:06 | DEBUG    | logits_to_prob_map:180 | topk[1]: token_id=236776, text='A', logprob=-1.8050, prob=0.164476
2025-11-21 08:25:06 | DEBUG    | logits_to_prob_map:180 | topk[2]: token_id=236789, text=''', logprob=-9.3050, prob=0.000091
2025-11-21 08:25:06 | DEBUG    | logits_to_prob_map:180 | topk[3]: token_id=107, text='
', logprob=-10.5550, prob=0.000026
2025-11-21 08:25:06 | DEBUG    | logits_to_prob_map:180 | topk[4]: token_id=236763, text='b', logprob=-10.9300, prob=0.000018
2025-11-21 08:25:06 | DEBUG    | logits_to_prob_map:180 | topk[5]: token_id=35343, text='Bs', logprob=-11.0550, prob=0.000016
2025-11-21 08:25:06 | DEBUG    | logits_to_prob_map:180 | topk[6]: token_id=2205, text='As', logprob=-11.1800, prob=0.000014
2025-11-21 08:25:06 | DEBUG    | logits_to_prob_map:180 | topk[7]: token_id=22186, text='Both', logprob=-11.3050, prob=0.000012
2025-11-21 08:25:06 | DEBUG    | logits_to_prob_map:180 | topk[8]: token_id=236769, text='(', logprob=-11.8050, prob=0.000007
2025-11-21 08:25:06 | DEBUG    | logits_to_prob_map:180 | topk[9]: token_id=1018, text='**', logprob=-12.0550, prob=0.000006
2025-11-21 08:25:06 | DEBUG    | only_abt_probs:198 | only_abt_probs result: {'A': 0.16447556319336082, 'B': 0.8352757939323404, 'T': 3.996891478045005e-06}
2025-11-21 08:25:06 | DEBUG    | main:410 | RJ prompt (truncated): <bos><start_of_turn>user
You are an impartial and unbiased judge.

You will be given answers from two assistants (Assistant A and Assistant B) to a user prompt. Please act as an impartial judge and evaluate the quality of their answers. You must output only one of the following choices:
'A' if Assistant A's answer is better.
'T' if both answers are relatively the same in quality.
'B' if Assistant B's answer is better.
Do not think or reason. Just choose which answer you prefer: A or B or T.
Outp...<truncated 8240 chars>
2025-11-21 08:25:06 | DEBUG    | main:440 | RJ prompt length: 3139
2025-11-21 08:25:10 | DEBUG    | main:461 | RJ: Generated 8 steps
2025-11-21 08:25:10 | DEBUG    | main:467 | RJ: generated text='B's answer.

B<end_of_turn>'
2025-11-21 08:25:10 | DEBUG    | main:473 | RJ step 0: token_id=236799, text='B'
2025-11-21 08:25:10 | DEBUG    | main:476 | RJ: Found A/B/T at step 0
2025-11-21 08:25:10 | DEBUG    | main:483 | RJ step 0: extracting probs from logits
2025-11-21 08:25:10 | DEBUG    | logits_to_prob_map:157 | logits_to_prob_map: input shape=torch.Size([262208]), dtype=torch.float32
2025-11-21 08:25:10 | DEBUG    | logits_to_prob_map:170 | Top-k extraction: k=50, top logprobs range=[-14.8269, -0.0144]
2025-11-21 08:25:10 | DEBUG    | logits_to_prob_map:180 | topk[0]: token_id=236799, text='B', logprob=-0.0144, prob=0.985664
2025-11-21 08:25:10 | DEBUG    | logits_to_prob_map:180 | topk[1]: token_id=236776, text='A', logprob=-4.2644, prob=0.014060
2025-11-21 08:25:10 | DEBUG    | logits_to_prob_map:180 | topk[2]: token_id=236789, text=''', logprob=-9.5144, prob=0.000074
2025-11-21 08:25:10 | DEBUG    | logits_to_prob_map:180 | topk[3]: token_id=35343, text='Bs', logprob=-10.3894, prob=0.000031
2025-11-21 08:25:10 | DEBUG    | logits_to_prob_map:180 | topk[4]: token_id=236763, text='b', logprob=-10.5144, prob=0.000027
2025-11-21 08:25:10 | DEBUG    | logits_to_prob_map:180 | topk[5]: token_id=107, text='
', logprob=-10.7644, prob=0.000021
2025-11-21 08:25:10 | DEBUG    | logits_to_prob_map:180 | topk[6]: token_id=236774, text='T', logprob=-11.1394, prob=0.000015
2025-11-21 08:25:10 | DEBUG    | logits_to_prob_map:180 | topk[7]: token_id=22186, text='Both', logprob=-11.1394, prob=0.000015
2025-11-21 08:25:10 | DEBUG    | logits_to_prob_map:180 | topk[8]: token_id=1018, text='**', logprob=-12.1394, prob=0.000005
2025-11-21 08:25:10 | DEBUG    | logits_to_prob_map:180 | topk[9]: token_id=2205, text='As', logprob=-12.1394, prob=0.000005
2025-11-21 08:25:10 | DEBUG    | only_abt_probs:198 | only_abt_probs result: {'A': 0.01405973754355446, 'B': 0.9856637906921542, 'T': 1.4527900531201504e-05}
2025-11-21 08:25:10 | DEBUG    | main:544 | Row 106 complete: JR={'A': 0.16447556319336082, 'B': 0.8352757939323404, 'T': 3.996891478045005e-06}, RJ={'A': 0.01405973754355446, 'B': 0.9856637906921542, 'T': 1.4527900531201504e-05}, combined_norm={'A': 0.5752153760773164, 'B': 0.42477535917996667, 'T': 9.264742716919043e-06}
2025-11-21 08:25:10 | DEBUG    | main:393 | ========== Row 107 ==========
2025-11-21 08:25:10 | DEBUG    | main:394 | Built msgs_jr with 2 messages
2025-11-21 08:25:10 | DEBUG    | main:396 | msgs_jr[0] role=system content=You are an impartial and unbiased judge.
2025-11-21 08:25:10 | DEBUG    | main:396 | msgs_jr[1] role=user content=You will be given answers from two assistants (Assistant A and Assistant B) to a user prompt. Please act as an impartial judge and evaluate the quality of their answers. You must output only one of the following choices:
'A' if Assistant A's answer is better.
'T' if both answers are relatively the s...<truncated 30680 chars>
2025-11-21 08:25:10 | DEBUG    | main:410 | JR prompt (truncated): <bos><start_of_turn>user
You are an impartial and unbiased judge.

You will be given answers from two assistants (Assistant A and Assistant B) to a user prompt. Please act as an impartial judge and evaluate the quality of their answers. You must output only one of the following choices:
'A' if Assistant A's answer is better.
'T' if both answers are relatively the same in quality.
'B' if Assistant B's answer is better.
Do not think or reason. Just choose which answer you prefer: A or B or T.
Outp...<truncated 30895 chars>
2025-11-21 08:25:10 | DEBUG    | main:440 | JR prompt length: 9289
2025-11-21 08:25:28 | DEBUG    | main:461 | JR: Generated 8 steps
2025-11-21 08:25:28 | DEBUG    | main:467 | JR: generated text='A's answer.

A<end_of_turn>'
2025-11-21 08:25:28 | DEBUG    | main:473 | JR step 0: token_id=236776, text='A'
2025-11-21 08:25:28 | DEBUG    | main:476 | JR: Found A/B/T at step 0
2025-11-21 08:25:28 | DEBUG    | main:483 | JR step 0: extracting probs from logits
2025-11-21 08:25:28 | DEBUG    | logits_to_prob_map:157 | logits_to_prob_map: input shape=torch.Size([262208]), dtype=torch.float32
2025-11-21 08:25:28 | DEBUG    | logits_to_prob_map:170 | Top-k extraction: k=50, top logprobs range=[-14.8786, -0.0036]
2025-11-21 08:25:28 | DEBUG    | logits_to_prob_map:180 | topk[0]: token_id=236776, text='A', logprob=-0.0036, prob=0.996437
2025-11-21 08:25:28 | DEBUG    | logits_to_prob_map:180 | topk[1]: token_id=236799, text='B', logprob=-5.7536, prob=0.003171
2025-11-21 08:25:28 | DEBUG    | logits_to_prob_map:180 | topk[2]: token_id=236789, text=''', logprob=-8.7536, prob=0.000158
2025-11-21 08:25:28 | DEBUG    | logits_to_prob_map:180 | topk[3]: token_id=2205, text='As', logprob=-9.7536, prob=0.000058
2025-11-21 08:25:28 | DEBUG    | logits_to_prob_map:180 | topk[4]: token_id=236746, text='a', logprob=-10.3786, prob=0.000031
2025-11-21 08:25:28 | DEBUG    | logits_to_prob_map:180 | topk[5]: token_id=236769, text='(', logprob=-10.8786, prob=0.000019
2025-11-21 08:25:28 | DEBUG    | logits_to_prob_map:180 | topk[6]: token_id=107, text='
', logprob=-10.8786, prob=0.000019
2025-11-21 08:25:28 | DEBUG    | logits_to_prob_map:180 | topk[7]: token_id=1018, text='**', logprob=-11.8786, prob=0.000007
2025-11-21 08:25:28 | DEBUG    | logits_to_prob_map:180 | topk[8]: token_id=236775, text='"', logprob=-11.9411, prob=0.000007
2025-11-21 08:25:28 | DEBUG    | logits_to_prob_map:180 | topk[9]: token_id=236858, text='’', logprob=-11.9411, prob=0.000007
2025-11-21 08:25:28 | DEBUG    | only_abt_probs:198 | only_abt_probs result: {'A': 0.996436702260182, 'B': 0.0031714397862316226, 'T': 1.8672018157554357e-06}
2025-11-21 08:25:28 | DEBUG    | main:410 | RJ prompt (truncated): <bos><start_of_turn>user
You are an impartial and unbiased judge.

You will be given answers from two assistants (Assistant A and Assistant B) to a user prompt. Please act as an impartial judge and evaluate the quality of their answers. You must output only one of the following choices:
'A' if Assistant A's answer is better.
'T' if both answers are relatively the same in quality.
'B' if Assistant B's answer is better.
Do not think or reason. Just choose which answer you prefer: A or B or T.
Outp...<truncated 30895 chars>
2025-11-21 08:25:28 | DEBUG    | main:440 | RJ prompt length: 9289
2025-11-21 08:25:47 | DEBUG    | main:461 | RJ: Generated 8 steps
2025-11-21 08:25:47 | DEBUG    | main:467 | RJ: generated text='B's answer.

B<end_of_turn>'
2025-11-21 08:25:47 | DEBUG    | main:473 | RJ step 0: token_id=236799, text='B'
2025-11-21 08:25:47 | DEBUG    | main:476 | RJ: Found A/B/T at step 0
2025-11-21 08:25:47 | DEBUG    | main:483 | RJ step 0: extracting probs from logits
2025-11-21 08:25:47 | DEBUG    | logits_to_prob_map:157 | logits_to_prob_map: input shape=torch.Size([262208]), dtype=torch.float32
2025-11-21 08:25:47 | DEBUG    | logits_to_prob_map:170 | Top-k extraction: k=50, top logprobs range=[-13.1938, -0.0063]
2025-11-21 08:25:47 | DEBUG    | logits_to_prob_map:180 | topk[0]: token_id=236799, text='B', logprob=-0.0063, prob=0.993727
2025-11-21 08:25:47 | DEBUG    | logits_to_prob_map:180 | topk[1]: token_id=236776, text='A', logprob=-5.2563, prob=0.005215
2025-11-21 08:25:47 | DEBUG    | logits_to_prob_map:180 | topk[2]: token_id=236789, text=''', logprob=-8.2563, prob=0.000260
2025-11-21 08:25:47 | DEBUG    | logits_to_prob_map:180 | topk[3]: token_id=74314, text='Assistant', logprob=-9.3813, prob=0.000084
2025-11-21 08:25:47 | DEBUG    | logits_to_prob_map:180 | topk[4]: token_id=35343, text='Bs', logprob=-9.3813, prob=0.000084
2025-11-21 08:25:47 | DEBUG    | logits_to_prob_map:180 | topk[5]: token_id=236763, text='b', logprob=-9.5063, prob=0.000074
2025-11-21 08:25:47 | DEBUG    | logits_to_prob_map:180 | topk[6]: token_id=107, text='
', logprob=-9.7563, prob=0.000058
2025-11-21 08:25:47 | DEBUG    | logits_to_prob_map:180 | topk[7]: token_id=7925, text='Answer', logprob=-10.6938, prob=0.000023
2025-11-21 08:25:47 | DEBUG    | logits_to_prob_map:180 | topk[8]: token_id=236774, text='T', logprob=-10.6938, prob=0.000023
2025-11-21 08:25:47 | DEBUG    | logits_to_prob_map:180 | topk[9]: token_id=111457, text='assistant', logprob=-10.8188, prob=0.000020
2025-11-21 08:25:47 | DEBUG    | only_abt_probs:198 | only_abt_probs result: {'A': 0.005214602879258644, 'B': 0.9937274612444297, 'T': 2.2685324436581818e-05}
2025-11-21 08:25:47 | DEBUG    | main:544 | Row 107 complete: JR={'A': 0.996436702260182, 'B': 0.0031714397862316226, 'T': 1.8672018157554357e-06}, RJ={'A': 0.005214602879258644, 'B': 0.9937274612444297, 'T': 2.2685324436581818e-05}, combined_norm={'A': 0.9957917034851232, 'B': 0.00419601149719332, 'T': 1.2285017683477883e-05}
2025-11-21 08:25:47 | DEBUG    | main:393 | ========== Row 108 ==========
2025-11-21 08:25:47 | DEBUG    | main:394 | Built msgs_jr with 2 messages
2025-11-21 08:25:47 | DEBUG    | main:396 | msgs_jr[0] role=system content=You are an impartial and unbiased judge.
2025-11-21 08:25:47 | DEBUG    | main:396 | msgs_jr[1] role=user content=You will be given answers from two assistants (Assistant A and Assistant B) to a user prompt. Please act as an impartial judge and evaluate the quality of their answers. You must output only one of the following choices:
'A' if Assistant A's answer is better.
'T' if both answers are relatively the s...<truncated 5967 chars>
2025-11-21 08:25:47 | DEBUG    | main:410 | JR prompt (truncated): <bos><start_of_turn>user
You are an impartial and unbiased judge.

You will be given answers from two assistants (Assistant A and Assistant B) to a user prompt. Please act as an impartial judge and evaluate the quality of their answers. You must output only one of the following choices:
'A' if Assistant A's answer is better.
'T' if both answers are relatively the same in quality.
'B' if Assistant B's answer is better.
Do not think or reason. Just choose which answer you prefer: A or B or T.
Outp...<truncated 6182 chars>
2025-11-21 08:25:47 | DEBUG    | main:440 | JR prompt length: 1753
2025-11-21 08:25:49 | DEBUG    | main:461 | JR: Generated 8 steps
2025-11-21 08:25:49 | DEBUG    | main:467 | JR: generated text='B's answer.

B<end_of_turn>'
2025-11-21 08:25:49 | DEBUG    | main:473 | JR step 0: token_id=236799, text='B'
2025-11-21 08:25:49 | DEBUG    | main:476 | JR: Found A/B/T at step 0
2025-11-21 08:25:49 | DEBUG    | main:483 | JR step 0: extracting probs from logits
2025-11-21 08:25:49 | DEBUG    | logits_to_prob_map:157 | logits_to_prob_map: input shape=torch.Size([262208]), dtype=torch.float32
2025-11-21 08:25:49 | DEBUG    | logits_to_prob_map:170 | Top-k extraction: k=50, top logprobs range=[-16.8389, -0.0263]
2025-11-21 08:25:49 | DEBUG    | logits_to_prob_map:180 | topk[0]: token_id=236799, text='B', logprob=-0.0263, prob=0.973995
2025-11-21 08:25:49 | DEBUG    | logits_to_prob_map:180 | topk[1]: token_id=236776, text='A', logprob=-3.6513, prob=0.025956
2025-11-21 08:25:49 | DEBUG    | logits_to_prob_map:180 | topk[2]: token_id=236789, text=''', logprob=-11.1513, prob=0.000014
2025-11-21 08:25:49 | DEBUG    | logits_to_prob_map:180 | topk[3]: token_id=236763, text='b', logprob=-12.0263, prob=0.000006
2025-11-21 08:25:49 | DEBUG    | logits_to_prob_map:180 | topk[4]: token_id=107, text='
', logprob=-12.2763, prob=0.000005
2025-11-21 08:25:49 | DEBUG    | logits_to_prob_map:180 | topk[5]: token_id=35343, text='Bs', logprob=-12.4013, prob=0.000004
2025-11-21 08:25:49 | DEBUG    | logits_to_prob_map:180 | topk[6]: token_id=74314, text='Assistant', logprob=-13.2763, prob=0.000002
2025-11-21 08:25:49 | DEBUG    | logits_to_prob_map:180 | topk[7]: token_id=236769, text='(', logprob=-13.5263, prob=0.000001
2025-11-21 08:25:49 | DEBUG    | logits_to_prob_map:180 | topk[8]: token_id=236775, text='"', logprob=-13.5263, prob=0.000001
2025-11-21 08:25:49 | DEBUG    | logits_to_prob_map:180 | topk[9]: token_id=2205, text='As', logprob=-13.5263, prob=0.000001
2025-11-21 08:25:49 | DEBUG    | only_abt_probs:198 | only_abt_probs result: {'A': 0.025956082439414625, 'B': 0.9739947842621279, 'T': 1.1784046006122074e-06}
2025-11-21 08:25:49 | DEBUG    | main:410 | RJ prompt (truncated): <bos><start_of_turn>user
You are an impartial and unbiased judge.

You will be given answers from two assistants (Assistant A and Assistant B) to a user prompt. Please act as an impartial judge and evaluate the quality of their answers. You must output only one of the following choices:
'A' if Assistant A's answer is better.
'T' if both answers are relatively the same in quality.
'B' if Assistant B's answer is better.
Do not think or reason. Just choose which answer you prefer: A or B or T.
Outp...<truncated 6182 chars>
2025-11-21 08:25:49 | DEBUG    | main:440 | RJ prompt length: 1753
2025-11-21 08:25:52 | DEBUG    | main:461 | RJ: Generated 8 steps
2025-11-21 08:25:52 | DEBUG    | main:467 | RJ: generated text='B's answer.

B<end_of_turn>'
2025-11-21 08:25:52 | DEBUG    | main:473 | RJ step 0: token_id=236799, text='B'
2025-11-21 08:25:52 | DEBUG    | main:476 | RJ: Found A/B/T at step 0
2025-11-21 08:25:52 | DEBUG    | main:483 | RJ step 0: extracting probs from logits
2025-11-21 08:25:52 | DEBUG    | logits_to_prob_map:157 | logits_to_prob_map: input shape=torch.Size([262208]), dtype=torch.float32
2025-11-21 08:25:52 | DEBUG    | logits_to_prob_map:170 | Top-k extraction: k=50, top logprobs range=[-16.2577, -0.0077]
2025-11-21 08:25:52 | DEBUG    | logits_to_prob_map:180 | topk[0]: token_id=236799, text='B', logprob=-0.0077, prob=0.992324
2025-11-21 08:25:52 | DEBUG    | logits_to_prob_map:180 | topk[1]: token_id=236776, text='A', logprob=-4.8827, prob=0.007576
2025-11-21 08:25:52 | DEBUG    | logits_to_prob_map:180 | topk[2]: token_id=236789, text=''', logprob=-10.5077, prob=0.000027
2025-11-21 08:25:52 | DEBUG    | logits_to_prob_map:180 | topk[3]: token_id=35343, text='Bs', logprob=-10.6327, prob=0.000024
2025-11-21 08:25:52 | DEBUG    | logits_to_prob_map:180 | topk[4]: token_id=236763, text='b', logprob=-11.6327, prob=0.000009
2025-11-21 08:25:52 | DEBUG    | logits_to_prob_map:180 | topk[5]: token_id=107, text='
', logprob=-12.2577, prob=0.000005
2025-11-21 08:25:52 | DEBUG    | logits_to_prob_map:180 | topk[6]: token_id=236775, text='"', logprob=-12.8827, prob=0.000003
2025-11-21 08:25:52 | DEBUG    | logits_to_prob_map:180 | topk[7]: token_id=7925, text='Answer', logprob=-12.8827, prob=0.000003
2025-11-21 08:25:52 | DEBUG    | logits_to_prob_map:180 | topk[8]: token_id=74314, text='Assistant', logprob=-12.8827, prob=0.000003
2025-11-21 08:25:52 | DEBUG    | logits_to_prob_map:180 | topk[9]: token_id=1018, text='**', logprob=-13.1327, prob=0.000002
2025-11-21 08:25:52 | DEBUG    | only_abt_probs:198 | only_abt_probs result: {'A': 0.007576486657124688, 'B': 0.9923237703550674, 'T': 1.3604355005593915e-06}
2025-11-21 08:25:52 | DEBUG    | main:544 | Row 108 complete: JR={'A': 0.025956082439414625, 'B': 0.9739947842621279, 'T': 1.1784046006122074e-06}, RJ={'A': 0.007576486657124688, 'B': 0.9923237703550674, 'T': 1.3604355005593915e-06}, combined_norm={'A': 0.5091771822414881, 'B': 0.49082154824557256, 'T': 1.2695129392264986e-06}
2025-11-21 08:25:52 | DEBUG    | main:393 | ========== Row 109 ==========
2025-11-21 08:25:52 | DEBUG    | main:394 | Built msgs_jr with 2 messages
2025-11-21 08:25:52 | DEBUG    | main:396 | msgs_jr[0] role=system content=You are an impartial and unbiased judge.
2025-11-21 08:25:52 | DEBUG    | main:396 | msgs_jr[1] role=user content=You will be given answers from two assistants (Assistant A and Assistant B) to a user prompt. Please act as an impartial judge and evaluate the quality of their answers. You must output only one of the following choices:
'A' if Assistant A's answer is better.
'T' if both answers are relatively the s...<truncated 8863 chars>
2025-11-21 08:25:52 | DEBUG    | main:410 | JR prompt (truncated): <bos><start_of_turn>user
You are an impartial and unbiased judge.

You will be given answers from two assistants (Assistant A and Assistant B) to a user prompt. Please act as an impartial judge and evaluate the quality of their answers. You must output only one of the following choices:
'A' if Assistant A's answer is better.
'T' if both answers are relatively the same in quality.
'B' if Assistant B's answer is better.
Do not think or reason. Just choose which answer you prefer: A or B or T.
Outp...<truncated 9078 chars>
2025-11-21 08:25:52 | DEBUG    | main:440 | JR prompt length: 2700
2025-11-21 08:25:57 | DEBUG    | main:461 | JR: Generated 8 steps
2025-11-21 08:25:57 | DEBUG    | main:467 | JR: generated text='B's answer.

B<end_of_turn>'
2025-11-21 08:25:57 | DEBUG    | main:473 | JR step 0: token_id=236799, text='B'
2025-11-21 08:25:57 | DEBUG    | main:476 | JR: Found A/B/T at step 0
2025-11-21 08:25:57 | DEBUG    | main:483 | JR step 0: extracting probs from logits
2025-11-21 08:25:57 | DEBUG    | logits_to_prob_map:157 | logits_to_prob_map: input shape=torch.Size([262208]), dtype=torch.float32
2025-11-21 08:25:57 | DEBUG    | logits_to_prob_map:170 | Top-k extraction: k=50, top logprobs range=[-15.3811, -0.0061]
2025-11-21 08:25:57 | DEBUG    | logits_to_prob_map:180 | topk[0]: token_id=236799, text='B', logprob=-0.0061, prob=0.993930
2025-11-21 08:25:57 | DEBUG    | logits_to_prob_map:180 | topk[1]: token_id=236776, text='A', logprob=-5.1311, prob=0.005910
2025-11-21 08:25:57 | DEBUG    | logits_to_prob_map:180 | topk[2]: token_id=35343, text='Bs', logprob=-10.2561, prob=0.000035
2025-11-21 08:25:57 | DEBUG    | logits_to_prob_map:180 | topk[3]: token_id=236789, text=''', logprob=-10.3811, prob=0.000031
2025-11-21 08:25:57 | DEBUG    | logits_to_prob_map:180 | topk[4]: token_id=236763, text='b', logprob=-11.0061, prob=0.000017
2025-11-21 08:25:57 | DEBUG    | logits_to_prob_map:180 | topk[5]: token_id=107, text='
', logprob=-11.3811, prob=0.000011
2025-11-21 08:25:57 | DEBUG    | logits_to_prob_map:180 | topk[6]: token_id=74314, text='Assistant', logprob=-11.6311, prob=0.000009
2025-11-21 08:25:57 | DEBUG    | logits_to_prob_map:180 | topk[7]: token_id=7925, text='Answer', logprob=-12.1311, prob=0.000005
2025-11-21 08:25:57 | DEBUG    | logits_to_prob_map:180 | topk[8]: token_id=236775, text='"', logprob=-12.7561, prob=0.000003
2025-11-21 08:25:57 | DEBUG    | logits_to_prob_map:180 | topk[9]: token_id=14433, text='answer', logprob=-12.7561, prob=0.000003
2025-11-21 08:25:57 | DEBUG    | only_abt_probs:198 | only_abt_probs result: {'A': 0.005910125238530562, 'B': 0.9939300960288321, 'T': 1.982626143750422e-06}
2025-11-21 08:25:57 | DEBUG    | main:410 | RJ prompt (truncated): <bos><start_of_turn>user
You are an impartial and unbiased judge.

You will be given answers from two assistants (Assistant A and Assistant B) to a user prompt. Please act as an impartial judge and evaluate the quality of their answers. You must output only one of the following choices:
'A' if Assistant A's answer is better.
'T' if both answers are relatively the same in quality.
'B' if Assistant B's answer is better.
Do not think or reason. Just choose which answer you prefer: A or B or T.
Outp...<truncated 9078 chars>
2025-11-21 08:25:57 | DEBUG    | main:440 | RJ prompt length: 2700
2025-11-21 08:26:01 | DEBUG    | main:461 | RJ: Generated 8 steps
2025-11-21 08:26:01 | DEBUG    | main:467 | RJ: generated text='A's answer.

A<end_of_turn>'
2025-11-21 08:26:01 | DEBUG    | main:473 | RJ step 0: token_id=236776, text='A'
2025-11-21 08:26:01 | DEBUG    | main:476 | RJ: Found A/B/T at step 0
2025-11-21 08:26:01 | DEBUG    | main:483 | RJ step 0: extracting probs from logits
2025-11-21 08:26:01 | DEBUG    | logits_to_prob_map:157 | logits_to_prob_map: input shape=torch.Size([262208]), dtype=torch.float32
2025-11-21 08:26:01 | DEBUG    | logits_to_prob_map:170 | Top-k extraction: k=50, top logprobs range=[-15.6885, -0.0010]
2025-11-21 08:26:01 | DEBUG    | logits_to_prob_map:180 | topk[0]: token_id=236776, text='A', logprob=-0.0010, prob=0.998989
2025-11-21 08:26:01 | DEBUG    | logits_to_prob_map:180 | topk[1]: token_id=236799, text='B', logprob=-7.1260, prob=0.000804
2025-11-21 08:26:01 | DEBUG    | logits_to_prob_map:180 | topk[2]: token_id=236789, text=''', logprob=-9.2510, prob=0.000096
2025-11-21 08:26:01 | DEBUG    | logits_to_prob_map:180 | topk[3]: token_id=2205, text='As', logprob=-10.1260, prob=0.000040
2025-11-21 08:26:01 | DEBUG    | logits_to_prob_map:180 | topk[4]: token_id=236746, text='a', logprob=-10.7510, prob=0.000021
2025-11-21 08:26:01 | DEBUG    | logits_to_prob_map:180 | topk[5]: token_id=236769, text='(', logprob=-12.2510, prob=0.000005
2025-11-21 08:26:01 | DEBUG    | logits_to_prob_map:180 | topk[6]: token_id=107, text='
', logprob=-12.5010, prob=0.000004
2025-11-21 08:26:01 | DEBUG    | logits_to_prob_map:180 | topk[7]: token_id=236775, text='"', logprob=-12.7510, prob=0.000003
2025-11-21 08:26:01 | DEBUG    | logits_to_prob_map:180 | topk[8]: token_id=236858, text='’', logprob=-12.8760, prob=0.000003
2025-11-21 08:26:01 | DEBUG    | logits_to_prob_map:180 | topk[9]: token_id=236780, text='C', logprob=-13.2510, prob=0.000002
2025-11-21 08:26:01 | DEBUG    | only_abt_probs:198 | only_abt_probs result: {'A': 0.9989889363630888, 'B': 0.0008039195374334259, 'T': 1.7412161441549545e-07}
2025-11-21 08:26:01 | DEBUG    | main:544 | Row 109 complete: JR={'A': 0.005910125238530562, 'B': 0.9939300960288321, 'T': 1.982626143750422e-06}, RJ={'A': 0.9989889363630888, 'B': 0.0008039195374334259, 'T': 1.7412161441549545e-07}, combined_norm={'A': 0.0033576347636247086, 'B': 0.9966412866657832, 'T': 1.0785705920687445e-06}
2025-11-21 08:26:01 | INFO     | main:391 | Processing row 110/970
2025-11-21 08:26:01 | DEBUG    | main:393 | ========== Row 110 ==========
2025-11-21 08:26:01 | DEBUG    | main:394 | Built msgs_jr with 2 messages
2025-11-21 08:26:01 | DEBUG    | main:396 | msgs_jr[0] role=system content=You are an impartial and unbiased judge.
2025-11-21 08:26:01 | DEBUG    | main:396 | msgs_jr[1] role=user content=You will be given answers from two assistants (Assistant A and Assistant B) to a user prompt. Please act as an impartial judge and evaluate the quality of their answers. You must output only one of the following choices:
'A' if Assistant A's answer is better.
'T' if both answers are relatively the s...<truncated 9795 chars>
2025-11-21 08:26:01 | DEBUG    | main:410 | JR prompt (truncated): <bos><start_of_turn>user
You are an impartial and unbiased judge.

You will be given answers from two assistants (Assistant A and Assistant B) to a user prompt. Please act as an impartial judge and evaluate the quality of their answers. You must output only one of the following choices:
'A' if Assistant A's answer is better.
'T' if both answers are relatively the same in quality.
'B' if Assistant B's answer is better.
Do not think or reason. Just choose which answer you prefer: A or B or T.
Outp...<truncated 10010 chars>
2025-11-21 08:26:01 | DEBUG    | main:440 | JR prompt length: 4302
2025-11-21 08:26:07 | DEBUG    | main:461 | JR: Generated 8 steps
2025-11-21 08:26:07 | DEBUG    | main:467 | JR: generated text='B's answer.

B<end_of_turn>'
2025-11-21 08:26:07 | DEBUG    | main:473 | JR step 0: token_id=236799, text='B'
2025-11-21 08:26:07 | DEBUG    | main:476 | JR: Found A/B/T at step 0
2025-11-21 08:26:07 | DEBUG    | main:483 | JR step 0: extracting probs from logits
2025-11-21 08:26:07 | DEBUG    | logits_to_prob_map:157 | logits_to_prob_map: input shape=torch.Size([262208]), dtype=torch.float32
2025-11-21 08:26:07 | DEBUG    | logits_to_prob_map:170 | Top-k extraction: k=50, top logprobs range=[-14.8225, -0.0100]
2025-11-21 08:26:07 | DEBUG    | logits_to_prob_map:180 | topk[0]: token_id=236799, text='B', logprob=-0.0100, prob=0.990059
2025-11-21 08:26:07 | DEBUG    | logits_to_prob_map:180 | topk[1]: token_id=236776, text='A', logprob=-4.6350, prob=0.009706
2025-11-21 08:26:07 | DEBUG    | logits_to_prob_map:180 | topk[2]: token_id=236789, text=''', logprob=-9.3850, prob=0.000084
2025-11-21 08:26:07 | DEBUG    | logits_to_prob_map:180 | topk[3]: token_id=35343, text='Bs', logprob=-10.6350, prob=0.000024
2025-11-21 08:26:07 | DEBUG    | logits_to_prob_map:180 | topk[4]: token_id=236763, text='b', logprob=-10.8850, prob=0.000019
2025-11-21 08:26:07 | DEBUG    | logits_to_prob_map:180 | topk[5]: token_id=107, text='
', logprob=-11.0100, prob=0.000017
2025-11-21 08:26:07 | DEBUG    | logits_to_prob_map:180 | topk[6]: token_id=7925, text='Answer', logprob=-12.0100, prob=0.000006
2025-11-21 08:26:07 | DEBUG    | logits_to_prob_map:180 | topk[7]: token_id=236775, text='"', logprob=-12.1350, prob=0.000005
2025-11-21 08:26:07 | DEBUG    | logits_to_prob_map:180 | topk[8]: token_id=2205, text='As', logprob=-12.3850, prob=0.000004
2025-11-21 08:26:07 | DEBUG    | logits_to_prob_map:180 | topk[9]: token_id=236785, text='\', logprob=-12.3850, prob=0.000004
2025-11-21 08:26:07 | DEBUG    | only_abt_probs:198 | only_abt_probs result: {'A': 0.009706202010145076, 'B': 0.990059404955516, 'T': 3.68960669564495e-06}
2025-11-21 08:26:07 | DEBUG    | main:410 | RJ prompt (truncated): <bos><start_of_turn>user
You are an impartial and unbiased judge.

You will be given answers from two assistants (Assistant A and Assistant B) to a user prompt. Please act as an impartial judge and evaluate the quality of their answers. You must output only one of the following choices:
'A' if Assistant A's answer is better.
'T' if both answers are relatively the same in quality.
'B' if Assistant B's answer is better.
Do not think or reason. Just choose which answer you prefer: A or B or T.
Outp...<truncated 10010 chars>
2025-11-21 08:26:07 | DEBUG    | main:440 | RJ prompt length: 4302
2025-11-21 08:26:13 | DEBUG    | main:461 | RJ: Generated 8 steps
2025-11-21 08:26:13 | DEBUG    | main:467 | RJ: generated text='B's answer.

B<end_of_turn>'
2025-11-21 08:26:13 | DEBUG    | main:473 | RJ step 0: token_id=236799, text='B'
2025-11-21 08:26:13 | DEBUG    | main:476 | RJ: Found A/B/T at step 0
2025-11-21 08:26:13 | DEBUG    | main:483 | RJ step 0: extracting probs from logits
2025-11-21 08:26:13 | DEBUG    | logits_to_prob_map:157 | logits_to_prob_map: input shape=torch.Size([262208]), dtype=torch.float32
2025-11-21 08:26:13 | DEBUG    | logits_to_prob_map:170 | Top-k extraction: k=50, top logprobs range=[-14.4538, -0.0163]
2025-11-21 08:26:13 | DEBUG    | logits_to_prob_map:180 | topk[0]: token_id=236799, text='B', logprob=-0.0163, prob=0.983791
2025-11-21 08:26:13 | DEBUG    | logits_to_prob_map:180 | topk[1]: token_id=236776, text='A', logprob=-4.1413, prob=0.015902
2025-11-21 08:26:13 | DEBUG    | logits_to_prob_map:180 | topk[2]: token_id=236789, text=''', logprob=-9.3913, prob=0.000083
2025-11-21 08:26:13 | DEBUG    | logits_to_prob_map:180 | topk[3]: token_id=35343, text='Bs', logprob=-10.3913, prob=0.000031
2025-11-21 08:26:13 | DEBUG    | logits_to_prob_map:180 | topk[4]: token_id=236763, text='b', logprob=-10.5163, prob=0.000027
2025-11-21 08:26:13 | DEBUG    | logits_to_prob_map:180 | topk[5]: token_id=107, text='
', logprob=-10.8913, prob=0.000019
2025-11-21 08:26:13 | DEBUG    | logits_to_prob_map:180 | topk[6]: token_id=7925, text='Answer', logprob=-11.2663, prob=0.000013
2025-11-21 08:26:13 | DEBUG    | logits_to_prob_map:180 | topk[7]: token_id=14433, text='answer', logprob=-11.7663, prob=0.000008
2025-11-21 08:26:13 | DEBUG    | logits_to_prob_map:180 | topk[8]: token_id=236775, text='"', logprob=-11.7663, prob=0.000008
2025-11-21 08:26:13 | DEBUG    | logits_to_prob_map:180 | topk[9]: token_id=236785, text='\', logprob=-12.0163, prob=0.000006
2025-11-21 08:26:13 | DEBUG    | only_abt_probs:198 | only_abt_probs result: {'A': 0.015901502358736976, 'B': 0.983791255823563, 'T': 5.67839912349677e-06}
2025-11-21 08:26:13 | DEBUG    | main:544 | Row 110 complete: JR={'A': 0.009706202010145076, 'B': 0.990059404955516, 'T': 3.68960669564495e-06}, RJ={'A': 0.015901502358736976, 'B': 0.983791255823563, 'T': 5.67839912349677e-06}, combined_norm={'A': 0.4968809655490938, 'B': 0.5031143492010952, 'T': 4.685249811141225e-06}
2025-11-21 08:26:13 | DEBUG    | main:393 | ========== Row 111 ==========
2025-11-21 08:26:13 | DEBUG    | main:394 | Built msgs_jr with 2 messages
2025-11-21 08:26:13 | DEBUG    | main:396 | msgs_jr[0] role=system content=You are an impartial and unbiased judge.
2025-11-21 08:26:13 | DEBUG    | main:396 | msgs_jr[1] role=user content=You will be given answers from two assistants (Assistant A and Assistant B) to a user prompt. Please act as an impartial judge and evaluate the quality of their answers. You must output only one of the following choices:
'A' if Assistant A's answer is better.
'T' if both answers are relatively the s...<truncated 3290 chars>
2025-11-21 08:26:13 | DEBUG    | main:410 | JR prompt (truncated): <bos><start_of_turn>user
You are an impartial and unbiased judge.

You will be given answers from two assistants (Assistant A and Assistant B) to a user prompt. Please act as an impartial judge and evaluate the quality of their answers. You must output only one of the following choices:
'A' if Assistant A's answer is better.
'T' if both answers are relatively the same in quality.
'B' if Assistant B's answer is better.
Do not think or reason. Just choose which answer you prefer: A or B or T.
Outp...<truncated 3505 chars>
2025-11-21 08:26:13 | DEBUG    | main:440 | JR prompt length: 1070
2025-11-21 08:26:15 | DEBUG    | main:461 | JR: Generated 8 steps
2025-11-21 08:26:15 | DEBUG    | main:467 | JR: generated text='A's answer.

A<end_of_turn>'
2025-11-21 08:26:15 | DEBUG    | main:473 | JR step 0: token_id=236776, text='A'
2025-11-21 08:26:15 | DEBUG    | main:476 | JR: Found A/B/T at step 0
2025-11-21 08:26:15 | DEBUG    | main:483 | JR step 0: extracting probs from logits
2025-11-21 08:26:15 | DEBUG    | logits_to_prob_map:157 | logits_to_prob_map: input shape=torch.Size([262208]), dtype=torch.float32
2025-11-21 08:26:15 | DEBUG    | logits_to_prob_map:170 | Top-k extraction: k=50, top logprobs range=[-17.3869, -0.3869]
2025-11-21 08:26:15 | DEBUG    | logits_to_prob_map:180 | topk[0]: token_id=236776, text='A', logprob=-0.3869, prob=0.679151
2025-11-21 08:26:15 | DEBUG    | logits_to_prob_map:180 | topk[1]: token_id=236799, text='B', logprob=-1.1369, prob=0.320808
2025-11-21 08:26:15 | DEBUG    | logits_to_prob_map:180 | topk[2]: token_id=236789, text=''', logprob=-10.8869, prob=0.000019
2025-11-21 08:26:15 | DEBUG    | logits_to_prob_map:180 | topk[3]: token_id=107, text='
', logprob=-12.1369, prob=0.000005
2025-11-21 08:26:15 | DEBUG    | logits_to_prob_map:180 | topk[4]: token_id=2205, text='As', logprob=-12.8869, prob=0.000003
2025-11-21 08:26:15 | DEBUG    | logits_to_prob_map:180 | topk[5]: token_id=236769, text='(', logprob=-13.0119, prob=0.000002
2025-11-21 08:26:15 | DEBUG    | logits_to_prob_map:180 | topk[6]: token_id=22186, text='Both', logprob=-13.1369, prob=0.000002
2025-11-21 08:26:15 | DEBUG    | logits_to_prob_map:180 | topk[7]: token_id=1018, text='**', logprob=-13.5119, prob=0.000001
2025-11-21 08:26:15 | DEBUG    | logits_to_prob_map:180 | topk[8]: token_id=236763, text='b', logprob=-13.5119, prob=0.000001
2025-11-21 08:26:15 | DEBUG    | logits_to_prob_map:180 | topk[9]: token_id=236746, text='a', logprob=-13.5119, prob=0.000001
2025-11-21 08:26:15 | DEBUG    | only_abt_probs:198 | only_abt_probs result: {'A': 0.6791506429038849, 'B': 0.32080803841952726, 'T': 1.8334204214883112e-07}
2025-11-21 08:26:15 | DEBUG    | main:410 | RJ prompt (truncated): <bos><start_of_turn>user
You are an impartial and unbiased judge.

You will be given answers from two assistants (Assistant A and Assistant B) to a user prompt. Please act as an impartial judge and evaluate the quality of their answers. You must output only one of the following choices:
'A' if Assistant A's answer is better.
'T' if both answers are relatively the same in quality.
'B' if Assistant B's answer is better.
Do not think or reason. Just choose which answer you prefer: A or B or T.
Outp...<truncated 3505 chars>
2025-11-21 08:26:15 | DEBUG    | main:440 | RJ prompt length: 1070
2025-11-21 08:26:16 | DEBUG    | main:461 | RJ: Generated 8 steps
2025-11-21 08:26:16 | DEBUG    | main:467 | RJ: generated text='B's answer.
B<end_of_turn>'
2025-11-21 08:26:16 | DEBUG    | main:473 | RJ step 0: token_id=236799, text='B'
2025-11-21 08:26:16 | DEBUG    | main:476 | RJ: Found A/B/T at step 0
2025-11-21 08:26:16 | DEBUG    | main:483 | RJ step 0: extracting probs from logits
2025-11-21 08:26:16 | DEBUG    | logits_to_prob_map:157 | logits_to_prob_map: input shape=torch.Size([262208]), dtype=torch.float32
2025-11-21 08:26:16 | DEBUG    | logits_to_prob_map:170 | Top-k extraction: k=50, top logprobs range=[-17.6513, -0.0263]
2025-11-21 08:26:16 | DEBUG    | logits_to_prob_map:180 | topk[0]: token_id=236799, text='B', logprob=-0.0263, prob=0.974014
2025-11-21 08:26:16 | DEBUG    | logits_to_prob_map:180 | topk[1]: token_id=236776, text='A', logprob=-3.6513, prob=0.025957
2025-11-21 08:26:16 | DEBUG    | logits_to_prob_map:180 | topk[2]: token_id=236789, text=''', logprob=-11.4013, prob=0.000011
2025-11-21 08:26:16 | DEBUG    | logits_to_prob_map:180 | topk[3]: token_id=107, text='
', logprob=-12.5263, prob=0.000004
2025-11-21 08:26:16 | DEBUG    | logits_to_prob_map:180 | topk[4]: token_id=22186, text='Both', logprob=-12.9013, prob=0.000002
2025-11-21 08:26:16 | DEBUG    | logits_to_prob_map:180 | topk[5]: token_id=236763, text='b', logprob=-12.9013, prob=0.000002
2025-11-21 08:26:16 | DEBUG    | logits_to_prob_map:180 | topk[6]: token_id=2205, text='As', logprob=-13.6513, prob=0.000001
2025-11-21 08:26:16 | DEBUG    | logits_to_prob_map:180 | topk[7]: token_id=35343, text='Bs', logprob=-13.7763, prob=0.000001
2025-11-21 08:26:16 | DEBUG    | logits_to_prob_map:180 | topk[8]: token_id=27413, text='both', logprob=-13.9013, prob=0.000001
2025-11-21 08:26:16 | DEBUG    | logits_to_prob_map:180 | topk[9]: token_id=236769, text='(', logprob=-13.9013, prob=0.000001
2025-11-21 08:26:16 | DEBUG    | only_abt_probs:198 | only_abt_probs result: {'A': 0.025956596082717207, 'B': 0.9740140095998455, 'T': 2.3204604985982982e-07}
2025-11-21 08:26:16 | DEBUG    | main:544 | Row 111 complete: JR={'A': 0.6791506429038849, 'B': 0.32080803841952726, 'T': 1.8334204214883112e-07}, RJ={'A': 0.025956596082717207, 'B': 0.9740140095998455, 'T': 2.3204604985982982e-07}, combined_norm={'A': 0.8266113806524138, 'B': 0.1733884116462399, 'T': 2.0770134645803304e-07}
2025-11-21 08:26:16 | DEBUG    | main:393 | ========== Row 112 ==========
2025-11-21 08:26:16 | DEBUG    | main:394 | Built msgs_jr with 2 messages
2025-11-21 08:26:16 | DEBUG    | main:396 | msgs_jr[0] role=system content=You are an impartial and unbiased judge.
2025-11-21 08:26:16 | DEBUG    | main:396 | msgs_jr[1] role=user content=You will be given answers from two assistants (Assistant A and Assistant B) to a user prompt. Please act as an impartial judge and evaluate the quality of their answers. You must output only one of the following choices:
'A' if Assistant A's answer is better.
'T' if both answers are relatively the s...<truncated 14098 chars>
2025-11-21 08:26:16 | DEBUG    | main:410 | JR prompt (truncated): <bos><start_of_turn>user
You are an impartial and unbiased judge.

You will be given answers from two assistants (Assistant A and Assistant B) to a user prompt. Please act as an impartial judge and evaluate the quality of their answers. You must output only one of the following choices:
'A' if Assistant A's answer is better.
'T' if both answers are relatively the same in quality.
'B' if Assistant B's answer is better.
Do not think or reason. Just choose which answer you prefer: A or B or T.
Outp...<truncated 14313 chars>
2025-11-21 08:26:16 | DEBUG    | main:440 | JR prompt length: 9503
2025-11-21 08:26:35 | DEBUG    | main:461 | JR: Generated 8 steps
2025-11-21 08:26:35 | DEBUG    | main:467 | JR: generated text='B's answer.

B<end_of_turn>'
2025-11-21 08:26:35 | DEBUG    | main:473 | JR step 0: token_id=236799, text='B'
2025-11-21 08:26:35 | DEBUG    | main:476 | JR: Found A/B/T at step 0
2025-11-21 08:26:35 | DEBUG    | main:483 | JR step 0: extracting probs from logits
2025-11-21 08:26:35 | DEBUG    | logits_to_prob_map:157 | logits_to_prob_map: input shape=torch.Size([262208]), dtype=torch.float32
2025-11-21 08:26:35 | DEBUG    | logits_to_prob_map:170 | Top-k extraction: k=50, top logprobs range=[-14.5806, -0.1431]
2025-11-21 08:26:35 | DEBUG    | logits_to_prob_map:180 | topk[0]: token_id=236799, text='B', logprob=-0.1431, prob=0.866672
2025-11-21 08:26:35 | DEBUG    | logits_to_prob_map:180 | topk[1]: token_id=236776, text='A', logprob=-2.0181, prob=0.132908
2025-11-21 08:26:35 | DEBUG    | logits_to_prob_map:180 | topk[2]: token_id=236763, text='b', logprob=-9.2681, prob=0.000094
2025-11-21 08:26:35 | DEBUG    | logits_to_prob_map:180 | topk[3]: token_id=236789, text=''', logprob=-9.3931, prob=0.000083
2025-11-21 08:26:35 | DEBUG    | logits_to_prob_map:180 | topk[4]: token_id=107, text='
', logprob=-10.3931, prob=0.000031
2025-11-21 08:26:35 | DEBUG    | logits_to_prob_map:180 | topk[5]: token_id=236746, text='a', logprob=-10.6431, prob=0.000024
2025-11-21 08:26:35 | DEBUG    | logits_to_prob_map:180 | topk[6]: token_id=35343, text='Bs', logprob=-10.8306, prob=0.000020
2025-11-21 08:26:35 | DEBUG    | logits_to_prob_map:180 | topk[7]: token_id=1018, text='**', logprob=-11.1431, prob=0.000014
2025-11-21 08:26:35 | DEBUG    | logits_to_prob_map:180 | topk[8]: token_id=236769, text='(', logprob=-11.2056, prob=0.000014
2025-11-21 08:26:35 | DEBUG    | logits_to_prob_map:180 | topk[9]: token_id=236774, text='T', logprob=-11.3306, prob=0.000012
2025-11-21 08:26:35 | DEBUG    | only_abt_probs:198 | only_abt_probs result: {'A': 0.13290847578444107, 'B': 0.8666721301491149, 'T': 1.2000106700835754e-05}
2025-11-21 08:26:35 | DEBUG    | main:410 | RJ prompt (truncated): <bos><start_of_turn>user
You are an impartial and unbiased judge.

You will be given answers from two assistants (Assistant A and Assistant B) to a user prompt. Please act as an impartial judge and evaluate the quality of their answers. You must output only one of the following choices:
'A' if Assistant A's answer is better.
'T' if both answers are relatively the same in quality.
'B' if Assistant B's answer is better.
Do not think or reason. Just choose which answer you prefer: A or B or T.
Outp...<truncated 14313 chars>
2025-11-21 08:26:35 | DEBUG    | main:440 | RJ prompt length: 9503
2025-11-21 08:26:54 | DEBUG    | main:461 | RJ: Generated 8 steps
2025-11-21 08:26:54 | DEBUG    | main:467 | RJ: generated text='B's answer.

B<end_of_turn>'
2025-11-21 08:26:54 | DEBUG    | main:473 | RJ step 0: token_id=236799, text='B'
2025-11-21 08:26:54 | DEBUG    | main:476 | RJ: Found A/B/T at step 0
2025-11-21 08:26:54 | DEBUG    | main:483 | RJ step 0: extracting probs from logits
2025-11-21 08:26:54 | DEBUG    | logits_to_prob_map:157 | logits_to_prob_map: input shape=torch.Size([262208]), dtype=torch.float32
2025-11-21 08:26:54 | DEBUG    | logits_to_prob_map:170 | Top-k extraction: k=50, top logprobs range=[-14.0667, -0.0042]
2025-11-21 08:26:54 | DEBUG    | logits_to_prob_map:180 | topk[0]: token_id=236799, text='B', logprob=-0.0042, prob=0.995805
2025-11-21 08:26:54 | DEBUG    | logits_to_prob_map:180 | topk[1]: token_id=236776, text='A', logprob=-5.6292, prob=0.003591
2025-11-21 08:26:54 | DEBUG    | logits_to_prob_map:180 | topk[2]: token_id=236789, text=''', logprob=-8.3792, prob=0.000230
2025-11-21 08:26:54 | DEBUG    | logits_to_prob_map:180 | topk[3]: token_id=35343, text='Bs', logprob=-9.1292, prob=0.000108
2025-11-21 08:26:54 | DEBUG    | logits_to_prob_map:180 | topk[4]: token_id=236763, text='b', logprob=-10.0042, prob=0.000045
2025-11-21 08:26:54 | DEBUG    | logits_to_prob_map:180 | topk[5]: token_id=107, text='
', logprob=-11.0042, prob=0.000017
2025-11-21 08:26:54 | DEBUG    | logits_to_prob_map:180 | topk[6]: token_id=236775, text='"', logprob=-11.3792, prob=0.000011
2025-11-21 08:26:54 | DEBUG    | logits_to_prob_map:180 | topk[7]: token_id=74314, text='Assistant', logprob=-11.4417, prob=0.000011
2025-11-21 08:26:54 | DEBUG    | logits_to_prob_map:180 | topk[8]: token_id=7925, text='Answer', logprob=-11.4417, prob=0.000011
2025-11-21 08:26:54 | DEBUG    | logits_to_prob_map:180 | topk[9]: token_id=236769, text='(', logprob=-11.6917, prob=0.000008
2025-11-21 08:26:54 | DEBUG    | only_abt_probs:198 | only_abt_probs result: {'A': 0.0035914319892184844, 'B': 0.9958045811099461, 'T': 7.380244451531443e-06}
2025-11-21 08:26:54 | DEBUG    | main:544 | Row 112 complete: JR={'A': 0.13290847578444107, 'B': 0.8666721301491149, 'T': 1.2000106700835754e-05}, RJ={'A': 0.0035914319892184844, 'B': 0.9958045811099461, 'T': 7.380244451531443e-06}, combined_norm={'A': 0.5646399778900394, 'B': 0.4353503270674702, 'T': 9.69504249050052e-06}
2025-11-21 08:26:54 | DEBUG    | main:393 | ========== Row 113 ==========
2025-11-21 08:26:54 | DEBUG    | main:394 | Built msgs_jr with 2 messages
2025-11-21 08:26:54 | DEBUG    | main:396 | msgs_jr[0] role=system content=You are an impartial and unbiased judge.
2025-11-21 08:26:54 | DEBUG    | main:396 | msgs_jr[1] role=user content=You will be given answers from two assistants (Assistant A and Assistant B) to a user prompt. Please act as an impartial judge and evaluate the quality of their answers. You must output only one of the following choices:
'A' if Assistant A's answer is better.
'T' if both answers are relatively the s...<truncated 33990 chars>
2025-11-21 08:26:54 | DEBUG    | main:410 | JR prompt (truncated): <bos><start_of_turn>user
You are an impartial and unbiased judge.

You will be given answers from two assistants (Assistant A and Assistant B) to a user prompt. Please act as an impartial judge and evaluate the quality of their answers. You must output only one of the following choices:
'A' if Assistant A's answer is better.
'T' if both answers are relatively the same in quality.
'B' if Assistant B's answer is better.
Do not think or reason. Just choose which answer you prefer: A or B or T.
Outp...<truncated 34205 chars>
2025-11-21 08:26:54 | DEBUG    | main:440 | JR prompt length: 8951
